STREETJUNCTIONID,STREETSEGID,FACILITYID,CABINETID,CABINETTYPE,ISBACKUPPOWER,ACISANO,GIS_ID,SE_ANNO_CAD_DATA,GLOBALID,CREATED,EDITED,OBJECTID,LONGITUDE,LATITUDE
945,206,693,693,1,0,,TrafficCabinet_286,,{22812300-B017-4CD8-A8F1-0ABFDA77D724},,,1,-77.03659078247657,38.99175911864474
945,6858,692,692,2,0,,TrafficCabinet_287,,{E69944D3-7B65-4CEE-959F-4D2A44527134},,,2,-77.03607193636776,38.991740641832116
944,1567,694,694,2,0,,TrafficCabinet_288,,{D2E5C294-597B-4D76-A3F8-147EB5BF61C2},,,3,-77.03616166249942,38.990630488297185
4937,5527,1028,1028,2,0,1252,TrafficCabinet_289,,{D4F7F595-1822-4643-BB1A-34F0D9FC9609},,,4,-77.03653019548467,38.98575369027723
1030,12009,695,695,1,0,1167,TrafficCabinet_290,,{8949E954-A6E8-4E77-8BC2-2744A78A93BC},,,5,-77.03357946106642,38.98508421948113
4762,5319,697,697,2,0,4225,TrafficCabinet_291,,{5BD2C955-3234-4672-A2DA-A39F2EF89365},,,6,-77.02675928813424,38.98445852962694
4762,5319,696,696,1,0,4225,TrafficCabinet_292,,{528C2B70-9D33-4DBF-8F4D-088EE17F8515},,,7,-77.02647914420452,38.984427803310595
3206,5962,698,698,1,0,,TrafficCabinet_293,,{A7048535-8A66-45D3-AFBD-980340C3D011},,,8,-77.02680520215546,38.984030385677904
3206,5953,699,699,2,0,,TrafficCabinet_294,,{5ACD159E-CAF7-4560-BCC4-97137E8D5957},,,9,-77.02677588686697,38.9836948723905
1167,428,700,700,2,0,,TrafficCabinet_295,,{38949EA9-8D6B-4B17-AC28-64BF9B5D2C27},,,10,-77.02641930861904,38.98155734839703
6450,8106,1031,1031,1,0,1091,TrafficCabinet_296,,{94528916-749A-467C-9F00-3F26C747B7C2},,,11,-77.0297582796983,38.981254473803354
6273,9799,1029,1029,1,0,,TrafficCabinet_297,,{399D2BCF-1AB1-4477-8303-B7FC1B09B9E4},,,12,-77.03624027052639,38.980535590401196
6273,9492,1030,1030,2,0,,TrafficCabinet_298,,{EA3DB526-1790-48BE-A56B-24ABCBE9280B},,,13,-77.03620880258447,38.98049997262937
4095,4295,1032,1032,2,0,5002,TrafficCabinet_299,,{822E1BCB-62D5-4AC1-AC3A-D394B16AE0A9},,,14,-77.02657569512425,38.979300402026475
1987,2002,702,702,2,0,6015,TrafficCabinet_300,,{0077BE9B-8C0C-44E1-B7CC-163616E80285},,,15,-77.01872475112188,38.97815905812857
676,3371,1033,1033,2,0,4249,TrafficCabinet_301,,{2F7C61D7-7F75-43C8-9072-B46A43D1689C},,,16,-77.02640307285593,38.977174148462126
2661,11525,703,703,1,0,6012,TrafficCabinet_302,,{140C4F1A-E5ED-45A0-A7ED-4D2E0A549C56},,,17,-77.02055845570214,38.97637142768724
626,3371,1034,1034,2,0,4247,TrafficCabinet_303,,{23F5E038-58C2-48F8-8A62-8C169F895D40},,,18,-77.02653286823413,38.97592735315071
2573,1856,701,701,2,0,1233,TrafficCabinet_304,,{F66023DA-D029-4DC1-97A1-6A17C49B0C97},,,19,-77.0361530547562,38.97512479875972
6147,6515,704,704,1,0,4097,TrafficCabinet_305,,{1D54D7DD-33C4-4537-B760-4F2CFC99E20A},,,20,-77.01635528498834,38.97497154546918
878,146,707,707,1,0,3083,TrafficCabinet_306,,{17DA293A-B1C3-4640-9622-EF43164F23DB},,,21,-77.01808055603446,38.97485137384973
3988,7426,706,706,1,0,4099,TrafficCabinet_307,,{38911F82-54BB-4158-AAAE-76B67B840CFC},,,22,-77.01486260073064,38.974800615340875
449,12982,708,708,1,0,3123,TrafficCabinet_308,,{97184A6E-FC73-4EEB-B9BF-B502B9661DE1},,,23,-77.01976834296981,38.97474759611655
1621,2914,1035,1035,1,0,6014,TrafficCabinet_309,,{89F940BB-3644-4276-AF79-5BD64884848B},,,24,-77.02176864087538,38.97469905581894
3817,11444,705,705,1,0,4098,TrafficCabinet_310,,{1032F251-B48A-4338-82BB-325AAA11E6AD},,,25,-77.0139471914291,38.97463208499644
4301,7956,1036,1036,1,0,6013,TrafficCabinet_311,,{D43F0F7C-97DA-456E-902D-9D8DA21362E9},,,26,-77.02301846549994,38.97348679469241
3282,6211,709,709,2,0,2026,TrafficCabinet_312,,{C0E03A20-0D6D-4C9F-9463-6EEBD0C590FD},,,27,-77.03626880814083,38.97327288625976
3033,10334,1039,1039,1,0,4084,TrafficCabinet_313,,{935DA04F-CF0A-47F7-9A91-EB17F7C63FA6},,,28,-77.0164575002247,38.97248465498675
300,1282,1038,1038,2,0,4233,TrafficCabinet_314,,{6C5FFAC2-3016-4843-8AF4-1C9F315B7479},,,29,-77.02720658867014,38.97235780292374
3281,4237,710,710,2,0,1236,TrafficCabinet_315,,{8DCFCDDE-AE05-4B80-97BA-C7E198C1C8C0},,,30,-77.03609908202982,38.97232592091553
5008,11388,1037,1037,1,0,6011,TrafficCabinet_316,,{2A5E37E2-E203-425B-83E9-D9BB64454D99},,,31,-77.02347608116403,38.972311624413805
2243,1184,1040,1040,1,0,4085,TrafficCabinet_317,,{4575B6CE-52D4-43FD-9671-A88A215E915E},,,32,-77.01513924697012,38.970086119369384
6848,12766,1041,1041,1,0,3141,TrafficCabinet_318,,{B873E81E-AE2F-4C18-8D8A-9DF84A5B3AC8},,,33,-77.02003319022866,38.96997801407882
4776,4287,1042,1042,1,0,6016,TrafficCabinet_319,,{7E47A77B-4A84-41BA-B859-5BCE5B097051},,,34,-77.02565523000342,38.96987986993445
4567,4287,1044,1044,1,0,5019,TrafficCabinet_320,,{EACB46C9-C370-46F9-8D0E-0E90A18207E7},,,35,-77.02711002323207,38.96987182163252
4567,2745,1046,1046,2,0,5019,TrafficCabinet_321,,{36CAF723-2881-414D-8BBD-0D398BF146B7},,,36,-77.02715537122086,38.9698356610377
2983,5355,715,715,2,0,,TrafficCabinet_322,,{516B0BAD-A618-40A6-8A84-266D4E576F2E},,,37,-77.00613553055715,38.9683921819419
1557,1409,1048,1048,2,0,5012,TrafficCabinet_323,,{BB43726A-172F-4244-BE7F-2BF3C66FD370},,,38,-77.02733860087996,38.967835022666584
384,12100,691,691,2,0,5159,TrafficCabinet_324,,{D7AF662A-BF95-4F5E-89DB-C6DEA318F0C3},,,39,-77.06070889674656,38.96700629375812
3903,3843,712,712,1,0,,TrafficCabinet_325,,{44AAF536-FE52-42D3-A7B7-CE27279A406F},,,40,-77.03607410637703,38.967008183249376
51,7195,587,587,2,0,4122,TrafficCabinet_326,,{718BCE17-CBD4-45F4-8D52-6A40EDB88419},,,41,-77.07638011091713,38.96667379232177
1462,1770,581,581,1,0,6148,TrafficCabinet_327,,{7480F5E1-0D01-4433-8108-274344C09993},,,42,-77.07813239049531,38.96662483682223
2057,1225,586,586,2,0,,TrafficCabinet_328,,{C2269E63-19F0-4845-8F92-D44DD213C452},,,43,-77.07625934103807,38.96630447884358
1209,5642,714,714,1,0,,TrafficCabinet_329,,{418CB269-D593-4B2E-9F6E-5EF99B12256F},,,44,-77.02738741524915,38.966193276351646
874,6957,713,713,1,0,3139,TrafficCabinet_330,,{577DA627-F1B7-435F-9E35-BBED93401F4E},,,45,-77.0197873744662,38.96619290879379
3186,2771,711,711,1,0,3056,TrafficCabinet_331,,{79355C3F-34DC-4A6C-AEC8-6474136EA925},,,46,-77.015946880548,38.96618865824843
4105,4312,589,589,1,0,3058,TrafficCabinet_332,,{3A239822-46F0-408A-9226-87A201F6E63F},,,47,-77.08016252813897,38.9650492436919
1208,468,1050,1050,2,0,5016,TrafficCabinet_333,,{544071AB-8E74-42A7-BFB9-1819E95BEC82},,,48,-77.02758294470894,38.965067541590194
5880,8257,585,585,2,0,4119,TrafficCabinet_334,,{69291244-FF97-4F9A-99B9-D61982733A74},,,49,-77.07552659704248,38.96504222277176
975,8840,719,719,2,0,1245,TrafficCabinet_335,,{F2AA819A-1EF1-4E5E-8D9A-7383EB7B4C22},,,50,-77.03618616732147,38.96470089288451
975,8840,718,718,2,0,1245,TrafficCabinet_336,,{BD374729-EC5C-47C1-B263-180CBB7C0170},,,51,-77.03615907057602,38.96469307309733
5725,1066,716,716,1,0,,TrafficCabinet_337,,{3BFFE861-D9B3-4742-85F6-CA6B586A08BD},,,52,-77.00874478389886,38.96469455392091
3946,3958,717,717,1,0,,TrafficCabinet_338,,{0DCB772C-401B-44E8-8C98-EB1BB2CC41AB},,,53,-77.03032564153997,38.964445275099784
3463,3093,582,582,2,0,,TrafficCabinet_339,,{AB6BF169-3F0B-4331-8986-5E453BB897D2},,,54,-77.0748948100512,38.96409087114138
1247,2514,588,588,1,0,3059,TrafficCabinet_340,,{633D78FC-0E02-4F48-81EF-701597D86F79},,,55,-77.08017472592672,38.96305039367273
2209,1147,584,584,2,0,4117,TrafficCabinet_341,,{F09BDC8A-75D8-4220-87F0-87EB994493D0},,,56,-77.07433962951906,38.9630044875394
3271,9526,1058,1058,1,0,,TrafficCabinet_342,,{C9CD3CF8-7077-41EF-9361-91C9D75C9DBB},,,57,-77.0116529164513,38.96284747345781
4496,4726,1056,1056,1,0,1124,TrafficCabinet_343,,{109FA243-EF8D-4E5D-A874-B417FE5F6664},,,58,-77.02986116256874,38.96278502956416
2583,7971,1054,1054,2,0,5011,TrafficCabinet_344,,{6D85E42F-1E64-455F-9227-3033DE7144C0},,,59,-77.0280139692558,38.96262014924641
2583,13107,1052,1052,1,0,5011,TrafficCabinet_345,,{6F7AECAB-FBF4-487D-9BED-E20EB3B4C105},,,60,-77.02778230851682,38.96260527784571
2596,1881,1060,1060,1,0,5042,TrafficCabinet_346,,{48B12314-E2BB-4C99-9267-5D369EFBDEA0},,,61,-77.01054079601342,38.96233172135649
65,4223,720,720,1,0,,TrafficCabinet_347,,{36C84927-A453-43CC-A1AD-15EC4A4D08E2},,,62,-77.03362778979424,38.96195712117048
6972,7189,637,637,1,0,5088,TrafficCabinet_348,,{D79B8253-863D-455A-836D-DF0667E5CAE7},,,63,-77.05287245447376,38.96172612921147
5314,6301,721,721,1,0,1118,TrafficCabinet_349,,{BA0B19E8-50D2-4395-8688-5886C25DEC0D},,,64,-77.02961599097267,38.961385443263865
1572,2361,594,594,1,0,6152,TrafficCabinet_350,,{CEA0E5D8-7CD5-4395-A581-5B387942D2E2},,,65,-77.08498792279515,38.961192752298224
2375,7695,577,577,1,0,5150,TrafficCabinet_351,,{77854A2A-37E9-405F-BA5B-38E39235D0BB},,,66,-77.06615071688259,38.96117482157372
4089,4313,580,580,1,0,3022,TrafficCabinet_352,,{91ADDEA5-44E4-44BE-A3A0-667E11839D4F},,,67,-77.07720957829665,38.96116653746006
1450,5285,1025,1025,1,0,3001,TrafficCabinet_353,,{9D395708-E46F-4F2C-B93C-01FCD9FB465C},,,68,-77.06381936349607,38.961135111744795
3633,11739,636,636,2,0,2218,TrafficCabinet_354,,{CE887CBC-8C1F-4346-B041-F422F0C44352},,,69,-77.05641695314667,38.96113355797149
6412,1961,576,576,1,0,5087,TrafficCabinet_355,,{648E2140-5E93-4411-ADBE-0F0D75D8EAB0},,,70,-77.06914103407347,38.96111651063237
938,9921,1027,1027,1,0,2243,TrafficCabinet_356,,{D7E710F3-0B95-491B-A943-5CD6F9743385},,,71,-77.05963207669495,38.96109382143556
6160,10603,723,723,1,0,5009,TrafficCabinet_357,,{94D511B5-EE9E-4300-A659-C35573EAC3EC},,,72,-77.02815499141037,38.96110335032608
4939,7976,579,579,2,0,4120,TrafficCabinet_358,,{AAD7E1F9-4BD9-40B4-8FB2-7BE62573D939},,,73,-77.07355713354183,38.9610733687193
6160,9070,722,722,1,0,5009,TrafficCabinet_359,,{E2C7727F-5D6D-436F-A80D-4DA2B4FE77DF},,,74,-77.02784336031196,38.96104652880385
982,8030,583,583,1,0,,TrafficCabinet_360,,{77C88552-11E5-414B-B500-5AF21CC6C93A},,,75,-77.07993564008565,38.96097350520819
662,6732,1026,1026,1,0,2248,TrafficCabinet_361,,{14CA9F11-FA65-4E05-AB8C-7CF92609420C},,,76,-77.0622252725999,38.96093639300783
3055,8899,595,595,2,0,6150,TrafficCabinet_362,,{23AF19C0-AE72-4E36-8471-896893461CB6},,,77,-77.08594682798328,38.960778797400586
2556,9436,733,733,2,0,,TrafficCabinet_363,,{B21BFBE2-3159-41F6-BC2E-0DD7AF716938},,,78,-77.0258361912664,38.96039224238889
6986,3073,724,724,1,0,1087,TrafficCabinet_364,,{68EECBC4-FA0F-4982-B06E-E5C5F2C868DA},,,79,-77.0297783367859,38.959960052416854
2131,9428,734,734,1,0,3245,TrafficCabinet_365,,{28E08EC2-B5A3-4562-87C5-A76471C9306B},,,80,-77.02426430984765,38.95986356919381
2668,2010,593,593,1,0,6146,TrafficCabinet_366,,{46A05813-DF23-4A2E-B0C9-C07470932461},,,81,-77.08738147547702,38.95935545547963
6424,10193,626,626,1,0,5156,TrafficCabinet_367,,{1DF5CA08-215E-4B46-8F86-176E5A4736EE},,,82,-77.06771605625381,38.95934205965711
3005,1239,725,725,2,1,2007,TrafficCabinet_368,,{1EC4543C-D645-4030-BAE2-04A63E8CB8D1},,,83,-77.03656599131179,38.95924768115149
4424,9405,590,590,2,0,6241,TrafficCabinet_369,,{F5611E33-FEA2-4481-880C-9E7D0A16A53E},,,84,-77.0847653201383,38.959166757560574
3126,2657,578,578,1,0,4115,TrafficCabinet_370,,{645A24E1-8B1F-4DB6-9B77-38C5BEE5A8D0},,,85,-77.07233685424721,38.95912874199105
493,11701,735,735,1,0,3137,TrafficCabinet_371,,{CBECE786-D22B-4308-9855-14438715BC62},,,86,-77.02005122054479,38.9584745822965
3638,9084,726,726,1,1,5008,TrafficCabinet_372,,{58E6D105-4B8F-464F-9292-D56AC1545A2E},,,87,-77.02841923376698,38.9584056189803
3638,3547,727,727,2,1,5008,TrafficCabinet_373,,{4DCD0D91-0227-4EC8-8EF8-0DF2FCB6CDF9},,,88,-77.02835543133533,38.95826245715684
3694,12589,1066,1066,1,0,5165,TrafficCabinet_374,,{FF9DA287-910A-4385-9174-6B583A404189},,,89,-77.00823641512902,38.95811959986096
2411,1606,620,620,2,0,4114,TrafficCabinet_375,,{35F20D70-9C8E-4849-8A4E-80545E4843BF},,,90,-77.07146021555951,38.95762175707156
4615,8273,1074,1074,2,1,3053,TrafficCabinet_376,,{88F9D025-1385-4B11-8079-0ACDA673ED06},,,91,-77.01630459005442,38.95722756554259
12148,11061,592,592,2,0,,TrafficCabinet_377,,{D21F2150-93A9-4390-A37F-95F047D60FBA},,,92,-77.0835955399001,38.956982626916655
6340,10198,1076,1076,1,1,5043,TrafficCabinet_378,,{34D162B6-6219-45B9-8BBA-E1B6E3AB66EF},,,93,-77.01496682388299,38.95684917217616
403,8008,1068,1068,1,0,,TrafficCabinet_379,,{F1B860C4-8B29-4337-8F90-398C40CB3EDD},,,94,-77.00893964464605,38.95675231905719
403,8008,1070,1070,1,0,,TrafficCabinet_380,,{20356583-1D5E-430F-B870-011DB9056B41},,,95,-77.00895598032008,38.956742390699375
4940,5727,1064,1064,1,0,3046,TrafficCabinet_381,,{CED2AD2E-3909-4060-B117-2ED9C7E2BF44},,,96,-77.01603946690336,38.956696889349125
5157,8977,596,596,1,0,6149,TrafficCabinet_382,,{29FE113C-0EE9-4E5B-97FC-CB2D417480D8},,,97,-77.09124043699298,38.95662888536742
7052,2480,1062,1062,1,0,3136,TrafficCabinet_383,,{F771690A-28DE-4720-996F-279A5B06F840},,,98,-77.01996328141166,38.95658296117638
1788,4927,732,732,1,0,5037,TrafficCabinet_384,,{5CC758B1-FDA2-4321-A251-0B1186A55F37},,,99,-77.02760350628357,38.95633818370754
6342,3013,1072,1072,1,0,,TrafficCabinet_385,,{579EFA12-25A9-44B5-BB9D-1DE487449385},,,100,-77.0135118336227,38.9563095201324
1789,1182,731,731,2,0,4224,TrafficCabinet_386,,{0D5C7665-DBBC-4DBB-A671-D90B57D6580C},,,101,-77.0282186580371,38.956294013451185
1769,8650,730,730,2,0,1111,TrafficCabinet_387,,{986602E5-7AA6-4F2D-A9D3-04AF222EE98B},,,102,-77.02984623527439,38.95629095183065
3996,12519,728,728,1,0,1253,TrafficCabinet_388,,{F3A8179C-AFEC-4103-AD3B-D6EA656A528F},,,103,-77.03621258477578,38.9561735501337
6923,12519,729,729,1,0,1140,TrafficCabinet_389,,{9353EEAB-29E2-4FEA-9BD0-FA0E07A49A77},,,104,-77.03360341538779,38.956169960191495
6948,320,619,619,2,0,4121,TrafficCabinet_390,,{021ADF87-CEE1-4D59-BCE3-F74438038B61},,,105,-77.07056110488449,38.95607997077182
5259,7112,597,597,1,0,3067,TrafficCabinet_391,,{6472C1C2-6BF0-4A19-A135-86629E65C549},,,106,-77.09040249394882,38.956013379669336
5892,8300,1086,1086,2,0,,TrafficCabinet_392,,{586181D3-6F89-4203-BA60-076C97BEAACF},,,107,-77.00014269424925,38.95547233414215
876,2433,742,742,1,0,5168,TrafficCabinet_393,,{54D8C55E-E6AC-468C-8001-23B081103557},,,108,-77.01048114055462,38.95517583457912
312,10087,1078,1078,1,1,,TrafficCabinet_394,,{BAF65A32-8FEE-4DC4-A9D5-8EA27C40D7D3},,,109,-77.01596605051013,38.955081933509376
3092,11877,591,591,2,0,6237,TrafficCabinet_395,,{8F477336-5A23-4B8F-959D-4FB3883A7F5C},,,110,-77.08255804339501,38.95480611944175
1249,9943,625,625,2,0,4102,TrafficCabinet_396,,{751FEF91-BB65-46EC-85C2-6CB203B4122E},,,111,-77.0698658688668,38.95474974080971
3568,1956,743,743,1,0,,TrafficCabinet_397,,{CF180C36-B8F8-4D68-A482-4908307ED011},,,112,-77.00921796272814,38.95471641127414
2683,6151,614,614,1,0,5154,TrafficCabinet_398,,{89B45BA0-59E3-41F2-9205-F13ECF59D692},,,113,-77.07176626818209,38.95465092202059
5078,7373,615,615,2,0,6022,TrafficCabinet_399,,{90518485-4EF9-4CF0-9B05-E1AA80F25617},,,114,-77.0728750775434,38.9546246526279
1454,7567,1080,1080,2,0,,TrafficCabinet_400,,{BFC9146A-9833-4392-9B6E-FD681004F524},,,115,-77.0263685018585,38.954173286691
7208,7567,1104,1104,1,0,5005,TrafficCabinet_401,,{08C687FD-382E-44A4-AB92-83CA2DD7ED15},,,116,-77.02752846268956,38.95414483242644
2682,2028,612,612,2,0,,TrafficCabinet_402,,{3DC24AE0-FF62-49B2-BB40-5BA85E16A86C},,,117,-77.07224145572124,38.95409318852175
4623,8414,811,811,1,0,6082,TrafficCabinet_403,,{763F8ACA-87F4-42B2-BD75-90A71158ADBD},,,118,-76.98770776945626,38.954094612372465
7208,12624,1106,1106,1,0,5005,TrafficCabinet_404,,{3BBB1638-260E-44C7-9A64-1D62ED6DE064},,,119,-77.02792408264563,38.954043161351635
6462,12160,809,809,1,0,6074,TrafficCabinet_405,,{349AC420-C555-4488-8422-5E8F472FF002},,,120,-76.99809847558352,38.95352319078447
3217,5098,599,599,2,0,7001,TrafficCabinet_406,,{E021479C-95A6-4624-B5DB-579BD29A53B8},,,121,-77.08200233460845,38.953229062885576
4805,5406,740,740,2,0,,TrafficCabinet_407,,{4A732282-FD07-4938-A2C9-A64BFA793F2E},,,122,-77.03618689169282,38.95287946835194
3635,1449,810,810,2,0,6073,TrafficCabinet_408,,{583AC89D-4498-4BEA-9E99-776AA9659B84},,,123,-76.99710899412696,38.95267708670753
2324,6947,744,744,1,0,5133,TrafficCabinet_409,,{30C2E916-1FF2-4EC1-8D53-BC72F0FA2AB4},,,124,-77.00881232926868,38.95236372565444
3936,8354,813,813,1,0,6083,TrafficCabinet_410,,{487A2506-E6DE-4CCB-9309-B383A85AC691},,,125,-76.98906418084808,38.952355952685814
3764,3931,613,613,1,0,,TrafficCabinet_411,,{E9C98650-9704-43D4-8AC1-9469A5388D05},,,126,-77.07383913814351,38.952255430407476
5927,11041,741,741,1,0,5175,TrafficCabinet_412,,{B912B9BD-2C5A-4B8C-AF54-9843E8759B8E},,,127,-77.01270423823799,38.952256042891726
2100,10327,629,629,2,0,6021,TrafficCabinet_413,,{863460F9-597E-48DF-8B6E-A429B69C8F83},,,128,-77.07174083142161,38.95215449295327
2477,2410,630,630,2,0,4112,TrafficCabinet_414,,{32E5252E-75C1-41EB-AC51-506449068357},,,129,-77.06835008760318,38.95215409230085
3634,3544,814,814,1,0,6106,TrafficCabinet_415,,{88BC1349-4722-4BAD-B4C6-8E8F7F2D4C5A},,,130,-76.99597414903361,38.952091614567095
6688,11620,601,601,2,0,6234,TrafficCabinet_416,,{144435DD-0572-4A62-A1B2-36916113A439},,,131,-77.08108865778638,38.95200532245138
6765,12560,1082,1082,1,0,3129,TrafficCabinet_417,,{5A8C1D9B-524E-4D20-B061-89B6361AC07D},,,132,-77.01961616787938,38.95201062085092
5685,13166,1110,1110,1,0,1102,TrafficCabinet_418,,{11AC2E5B-6D1C-4E9C-A335-EB8E251AB5A8},,,133,-77.02954747483338,38.95183325852189
6786,567,745,745,1,0,1157,TrafficCabinet_419,,{894312E7-C088-418A-9366-BD1EA17CD931},,,134,-77.03324088562513,38.95182944706421
6054,7251,736,736,2,0,4232,TrafficCabinet_420,,{85D43BE0-91C1-4E4F-8A2D-4000438E1BF3},,,135,-77.02726422218716,38.95179721271395
3349,2902,737,737,1,0,5162,TrafficCabinet_421,,{DA87A069-579B-45D1-8659-374839BC857C},,,136,-77.01332407299718,38.95135903814491
5262,6788,598,598,3,0,,TrafficCabinet_422,,{58E90D8F-CA0C-410D-B00A-A3D2AB2A0659},,,137,-77.08355747303506,38.951142410691915
4102,9497,1108,1108,1,0,,TrafficCabinet_423,,{9E24C419-47D7-4EBB-B40D-63852FF3BC91},,,138,-77.02745821252684,38.95075652244746
2760,5246,617,617,1,0,5153,TrafficCabinet_424,,{CB99B86A-56BC-4B9B-9C0F-58B5C0BD2C8B},,,139,-77.07521456383687,38.95059662529868
2760,5246,616,616,2,0,5153,TrafficCabinet_425,,{89D48F2D-7BED-4D49-9099-0B5380E39E1B},,,140,-77.07519009306064,38.95057275108638
4051,7457,1084,1084,1,0,3135,TrafficCabinet_426,,{26B68425-D199-4F42-912C-34B42061038E},,,141,-77.01953612753807,38.950287279299395
349,714,817,817,1,0,6071,TrafficCabinet_427,,{6E6E4EF9-4C44-4089-AE17-F0C07C46662F},,,142,-76.99312442868028,38.94996112394689
3548,8590,600,600,2,0,,TrafficCabinet_428,,{E81F45E2-2FFD-4E9E-9FE4-3D83F289537E},,,143,-77.08185516492703,38.94978791406089
1369,789,602,602,2,0,6203,TrafficCabinet_429,,{76C5A0E1-EE66-4B5E-A7C3-64695ECEAC8D},,,144,-77.08056085096425,38.949641266545235
2422,4765,631,631,1,0,4109,TrafficCabinet_430,,{97982FDD-2F84-47C8-9B09-0FE168EE3DB8},,,145,-77.06651148437338,38.94955933667546
498,1235,603,603,2,0,,TrafficCabinet_431,,{BE5DA1C6-9AF7-42E0-B8E2-63E6C0A8B31B},,,146,-77.0804391493509,38.948940830391436
212,6471,747,747,1,0,1086,TrafficCabinet_432,,{B2285659-5AAC-45AC-9B12-DD60713EDB56},,,147,-77.0298130987986,38.9487027700619
2927,6752,1088,1088,1,0,4248,TrafficCabinet_433,,{6A0C24CA-2DD4-4FA0-8280-C120F032570E},,,148,-77.02712654598969,38.94831451893647
5040,7901,1094,1094,1,0,1241,TrafficCabinet_434,,{9A84751B-BDAD-40EB-B54E-582392F12B87},,,149,-77.03625793042555,38.948221239831156
2927,6752,1090,1090,2,0,4248,TrafficCabinet_435,,{420712B7-6E73-44CE-B818-786B397DC97F},,,150,-77.02707971985332,38.94821953748497
677,6245,746,746,1,0,1149,TrafficCabinet_436,,{0DEDED9E-9182-4C4E-BB55-E52B00DB043C},,,151,-77.0325661092548,38.948214471406324
3384,1156,605,605,1,0,3061,TrafficCabinet_437,,{88A4D44B-12B7-459D-960B-F501C974358D},,,152,-77.08197590873242,38.9480371149431
4482,8210,628,628,1,0,6019,TrafficCabinet_438,,{FC521568-722C-40DF-AB77-DF5E056AB1D0},,,153,-77.07274393838554,38.947855554726935
5705,9764,604,604,2,0,7003,TrafficCabinet_439,,{870E4E6F-A4E1-44A3-A936-2A10B164689A},,,154,-77.07937661900525,38.94784578920757
1870,8591,618,618,1,0,,TrafficCabinet_440,,{4EA67203-067E-4AED-A244-E62F8FD14910},,,155,-77.07757687528763,38.9477829845396
1038,1037,627,627,2,0,4108,TrafficCabinet_441,,{B420CCD7-98F2-44BC-994F-84C28F1EE026},,,156,-77.06545331701508,38.94774122508042
846,1759,818,818,2,0,,TrafficCabinet_442,,{4BB905E8-DBB8-4698-A6D7-8E7552FA59CA},,,157,-76.99019817221003,38.94769223443727
2452,5934,606,606,1,0,3118,TrafficCabinet_443,,{8DC2FA50-432D-4A1E-A3DB-37B99F64B94B},,,158,-77.09865134435994,38.947125610539175
2063,4596,633,633,2,0,4131,TrafficCabinet_444,,{E219B8AE-5E38-4570-8DD1-181100851887},,,159,-77.06522251139833,38.9467507041606
5469,1404,819,819,2,0,6077,TrafficCabinet_445,,{E0129A28-A8FC-42A4-BE26-629B97A0839C},,,160,-76.98914600834176,38.946761766229876
1511,6952,607,607,1,0,3069,TrafficCabinet_446,,{43CAAC86-8C45-45EB-9A77-966BD7C6272A},,,161,-77.09074825864764,38.94634812072452
4016,4115,623,623,2,0,,TrafficCabinet_447,,{E0930EF8-1395-4932-9C07-34C89DE29D5D},,,162,-77.0785770309962,38.94625723195265
4016,4115,624,624,2,0,,TrafficCabinet_448,,{905DC21C-C917-4F05-8D96-CA76E786437F},,,163,-77.07857012972434,38.94624410251031
416,10817,1116,1116,2,0,4246,TrafficCabinet_449,,{51C8AC50-633D-42A2-A8B5-EA1B5E2A70C9},,,164,-77.02641197801996,38.94618531403241
416,8326,1114,1114,1,0,4246,TrafficCabinet_450,,{419EA69B-C8F9-4A1A-ACDE-8B709EAEC8A4},,,165,-77.02679588384531,38.94618242508124
2231,6737,815,815,1,0,5083,TrafficCabinet_451,,{0BD2474A-971D-46F3-B84F-76A1FEB4E834},,,166,-76.97780189106506,38.946179957277785
2226,1166,609,609,1,0,3071,TrafficCabinet_452,,{7411F919-52A3-4F79-A211-C7AAA41773AB},,,167,-77.09686783652364,38.94608111377355
6575,10140,812,812,2,0,5033,TrafficCabinet_453,,{6AFF8FED-A952-46E3-A309-2F4F93B1D6E9},,,168,-77.00733373453492,38.94610341719597
5405,10851,1120,1120,1,0,,TrafficCabinet_454,,{216FD30D-9814-4387-B724-BF1627FEB730},,,169,-77.03254896188764,38.946081648371845
5359,6988,1112,1112,1,0,1107,TrafficCabinet_455,,{6D860D35-3D2A-4405-8D23-D9E00664875E},,,170,-77.02956512304466,38.946041516511976
5100,11166,634,634,2,0,4129,TrafficCabinet_456,,{502F7616-E8D8-4FA3-9B18-109F243FB2BD},,,171,-77.06433828088893,38.94536689096558
1652,553,816,816,1,0,,TrafficCabinet_457,,{E1D0F8B5-D1E6-47E8-AC9A-6E1DA590AAA5},,,172,-76.97862633267992,38.945374274880415
5782,1526,1122,1122,2,0,,TrafficCabinet_458,,{719579CE-DF6D-4B0C-9DB1-1188CF4EE3A4},,,173,-77.02962318720579,38.94519370515038
3997,6975,1118,1118,1,0,4050,TrafficCabinet_459,,{F0F6BCF8-832C-4392-B971-53CFE66D2EB0},,,174,-77.0315655387874,38.94517533334136
444,9475,1096,1096,1,0,1234,TrafficCabinet_460,,{8D28080A-5E53-40FC-96CE-E62C5A261A28},,,175,-77.03621791716854,38.945120790500425
2242,9731,1092,1092,2,0,,TrafficCabinet_461,,{CF9E42E1-460F-4307-AE35-D1BEE2A19039},,,176,-77.02652111249574,38.94511919492566
3878,5338,646,646,2,0,,TrafficCabinet_462,,{C939E2CF-2732-47C5-A4E4-7C03C382D98F},,,177,-77.07773715254578,38.944839537759144
281,5800,738,738,2,0,6051,TrafficCabinet_463,,{068355CD-E895-4ED8-B912-6125BCFCC6D9},,,178,-77.01078624069089,38.94451093528515
562,3589,608,608,1,0,3070,TrafficCabinet_464,,{FB70C89A-6856-46FB-BED5-5E41FAFDE6B8},,,179,-77.09488442070732,38.94427079515217
5366,12925,1047,1047,1,0,6066,TrafficCabinet_465,,{B54CF06B-2FA8-49BC-A131-9911A50133C5},,,180,-76.98536465409848,38.94429984942926
6609,1719,635,635,2,0,4128,TrafficCabinet_466,,{594ACC91-6204-463B-B140-D6AE3A8BBDAE},,,181,-77.06331163174673,38.9442130214647
3646,5880,1102,1102,1,0,5174,TrafficCabinet_467,,{931AE359-85EF-4F42-89BD-8C1DA4A67624},,,182,-77.01828167095854,38.94418489419221
3848,11707,1136,1136,1,0,,TrafficCabinet_468,,{67FD17BD-9DC8-4CD4-89F4-CB1539F942AE},,,183,-77.02620943781696,38.9441227866522
500,1873,610,610,1,0,3068,TrafficCabinet_469,,{BE7B9D00-0B24-4487-BEBB-73F1C886281A},,,184,-77.09044781706113,38.94322496333432
1133,2877,645,645,2,0,6253,TrafficCabinet_470,,{0DDA124F-F566-49B3-BAAA-1847F26B53EF},,,185,-77.07686231095074,38.94321977716889
1803,4428,1124,1124,1,0,1138,TrafficCabinet_471,,{12757D5B-FFCD-4B96-B1E2-F205B65B3807},,,186,-77.03287448255595,38.943221930905594
1922,7376,1149,1149,1,0,,TrafficCabinet_472,,{B8DF2BDC-3C5D-4A8D-9784-2794BAC0DDB9},,,187,-76.97354833086705,38.943204554303136
2547,5859,622,622,1,0,5160,TrafficCabinet_473,,{0797EAAB-7F6B-405F-8EA6-6C95351D8CFE},,,188,-77.08133384378179,38.943116741348085
2254,10439,632,632,2,0,4127,TrafficCabinet_474,,{AD459169-D22C-4011-BAC1-626B542ECE78},,,189,-77.06268591817422,38.94310914059542
5154,6488,638,638,1,0,6024,TrafficCabinet_475,,{F7194179-FCE9-4295-A3B5-4ACC3B5DC0C3},,,190,-77.06912316966347,38.94308967464501
1979,5649,1061,1061,2,0,,TrafficCabinet_476,,{4563FC3F-D4C6-467C-BAEF-36160C33632D},,,191,-76.98377371968029,38.94308678166146
5794,11738,1053,1053,2,0,1135,TrafficCabinet_477,,{A211C4B8-5C75-46B4-8E05-14A976D771E7},,,192,-76.98819250290056,38.942826755700274
6512,7444,1043,1043,1,0,1083,TrafficCabinet_478,,{79511E82-6D11-43DA-AF10-1D58F3C4BB06},,,193,-76.99013218042273,38.94282053060541
2550,9942,1063,1063,1,0,,TrafficCabinet_479,,{6C8D77A2-66EA-4852-8B12-BB33483140BE},,,194,-76.98048438719395,38.94274992736309
6925,6783,752,752,1,0,5147,TrafficCabinet_480,,{70C1D13C-39EE-4143-999A-1789C0AAB368},,,195,-77.0078388721707,38.94246016322327
6925,6783,753,753,2,0,5147,TrafficCabinet_481,,{46958868-7F7A-414D-A232-A6B0616D6808},,,196,-77.00778864580842,38.942435402794075
3792,7151,1055,1055,1,0,5079,TrafficCabinet_482,,{301B541D-D62E-415E-B9A0-561FA1D957D0},,,197,-76.98570047677472,38.942432833244936
6678,11591,739,739,1,0,,TrafficCabinet_483,,{61FCAD67-A828-4DC0-AD0A-B71C2E855BAE},,,198,-77.01353532630277,38.942291421523265
1824,7329,644,644,2,0,6252,TrafficCabinet_484,,{71970338-C96D-4614-BD90-B7E54BD8876A},,,199,-77.0762973852615,38.94216224047474
491,3926,1142,1142,1,0,3140,TrafficCabinet_485,,{930E3EEC-1A3E-4A1C-A840-39E735D0C85D},,,200,-77.01933227067104,38.94212673664269
2689,9105,1140,1140,1,0,5172,TrafficCabinet_486,,{C2D02C58-1B96-41CC-AFFF-FDDD9B5DF349},,,201,-77.02022879830405,38.9420994159152
1329,12244,1134,1134,2,0,,TrafficCabinet_487,,{8B6EA9B2-FD70-411F-9FB9-ADA773ACDCCE},,,202,-77.0256985556484,38.9420278514174
1329,12244,1132,1132,2,0,,TrafficCabinet_488,,{A2300DFA-A6AF-4E5A-8181-95D9EFC2BD33},,,203,-77.02569243522031,38.942008755187196
1327,2119,1138,1138,1,0,,TrafficCabinet_489,,{F2D2F768-81B3-4AF8-A6C5-2CF6F8FABD64},,,204,-77.0250107631743,38.942007722952546
2180,11943,1128,1128,2,0,1189,TrafficCabinet_490,,{F791632E-BE44-4052-996B-A41FB3D1C7B0},,,205,-77.03282225227316,38.94199657496929
3889,5674,1100,1100,1,0,2023,TrafficCabinet_491,,{B6684042-B364-476C-8BE9-5A0738BF6F13},,,206,-77.03625734765943,38.94192723201792
7045,9398,1126,1126,2,0,4051,TrafficCabinet_492,,{CB995487-BBF8-48D0-B9B3-DC158FAA7E42},,,207,-77.03380072009956,38.941828444631476
7482,12525,1130,1130,1,0,1133,TrafficCabinet_493,,{6BE5A2D6-733F-42EF-A1E7-4667E81F7F16},,,208,-77.0297859390561,38.94176428961484
53,12665,611,611,1,0,,TrafficCabinet_494,,{08CB5097-0F8C-4EFE-9EA3-B59764A00529},,,209,-77.09102735387154,38.94153350356022
1961,1670,639,639,2,0,4126,TrafficCabinet_495,,{CB316D0C-10C6-4463-8E3E-E00BDCA1AD3A},,,210,-77.06150644646931,38.941076136239865
5996,8617,651,651,1,0,6023,TrafficCabinet_496,,{1D68FE73-B1F3-4B49-9D29-39B26419FD76},,,211,-77.0679318622766,38.94086068549197
6927,10039,750,750,1,0,6123,TrafficCabinet_497,,{CACFF0EC-2BAE-4DA2-873F-D6E388E9A0F6},,,212,-76.99988532311873,38.940872687885594
6364,6469,1059,1059,1,0,6079,TrafficCabinet_498,,{9C28ED01-DAEE-4FB7-8A11-96593C4CA797},,,213,-76.98125827050657,38.94080220930961
6975,4425,751,751,1,0,6122,TrafficCabinet_499,,{6FD02B87-3578-42AE-863A-F4B258047598},,,214,-77.00321921675676,38.940632554548316
1480,890,1051,1051,2,0,,TrafficCabinet_500,,{DC8C0E47-4B69-412C-9BE8-DD78E0B0F4C4},,,215,-76.98838201385617,38.940629274248025
3479,8436,749,749,2,0,,TrafficCabinet_501,,{ABEAE845-B425-4CCB-9C09-74763419D722},,,216,-76.99566105034471,38.940629491695354
2015,975,1045,1045,1,0,6119,TrafficCabinet_502,,{021076ED-4AB2-41FA-A7D5-1CD8F4ED2BCA},,,217,-76.9925775548885,38.94062000403121
1480,890,1049,1049,2,0,,TrafficCabinet_503,,{A684751E-F804-47FB-9E8D-67ED33D30C79},,,218,-76.98838323886594,38.940615005234314
5640,7469,1098,1098,1,0,,TrafficCabinet_504,,{2B45DE3C-A4C8-44EA-9AF2-86D1D997712D},,,219,-77.03633549053383,38.93978699953391
6665,11480,649,649,2,0,6251,TrafficCabinet_505,,{E35128E4-C27D-4F53-9810-0EF042C861F9},,,220,-77.07524169669568,38.939546546531275
4856,11490,640,640,2,0,4125,TrafficCabinet_506,,{5DA384E8-2053-407F-AB8D-96A5B572AC85},,,221,-77.06092350831793,38.939481126518274
3967,4018,1159,1159,2,0,6067,TrafficCabinet_507,,{073779BA-324B-4DF1-A730-F9CB9622B991},,,222,-76.98022099478855,38.93946406360013
4900,7079,1057,1057,2,0,5078,TrafficCabinet_508,,{4FFA90AE-DABC-4996-B430-2D54D8ABF069},,,223,-76.99031976033143,38.93885791567249
1675,9683,2,2,1,0,3143,TrafficCabinet_509,,{46C5ED64-2257-42C4-987F-93209D389D38},,,224,-77.01892082321596,38.93754376231618
3869,3937,6,6,2,0,2019,TrafficCabinet_510,,{98EA8E29-45C5-4B08-A976-6DA814326235},,,225,-77.03635557610488,38.9375325679778
389,2277,648,648,2,0,6247,TrafficCabinet_511,,{714B14E5-3F35-4995-8D8D-EE4143A378F7},,,226,-77.07373973431561,38.937419635371484
2858,6571,621,621,1,0,,TrafficCabinet_512,,{0DFF4221-E305-4D4B-ADE2-72D01BAD200B},,,227,-77.0862436435323,38.937360604501386
3438,6922,647,647,1,0,,TrafficCabinet_513,,{C043CA4E-35E4-44E3-B91C-5FE757A7584C},,,228,-77.07213431829194,38.937227355076075
1793,11228,1065,1065,1,0,,TrafficCabinet_514,,{BFE5D581-EC41-455B-8DF3-4F6978DB0611},,,229,-76.97774848740845,38.93706692571813
3830,5015,5,5,1,0,1184,TrafficCabinet_515,,{304B60F1-84C5-4525-A006-134C117F3063},,,230,-77.03282545309558,38.93702370697473
4375,12435,642,642,1,0,0,TrafficCabinet_516,,{BF74D863-E354-4D5B-8D2E-E30E7F5B8940},,,231,-77.05889080243382,38.93698023955343
4375,12435,641,641,1,0,0,TrafficCabinet_517,,{6C5C5A55-2A22-4627-8B4E-D53E881A1A11},,,232,-77.0589321280397,38.93696465238062
4049,4175,643,643,2,0,4124,TrafficCabinet_518,,{116B65FB-6D78-4477-B8CB-8558D08297AF},,,233,-77.05929213523635,38.9366903296952
2523,2788,4,4,1,0,,TrafficCabinet_519,,{62860840-A808-4AC5-97D6-04886E332BEB},,,234,-77.02984151314888,38.93627766483021
423,2673,664,664,2,0,5058,TrafficCabinet_520,,{69B1DC64-A1BB-40DE-BD5E-0850C553144C},,,235,-77.11182214514282,38.93572994977614
852,10733,758,758,1,0,6068,TrafficCabinet_521,,{C00E3EB8-6D40-4C8A-AB64-199019328E4E},,,236,-76.9762926911159,38.935670569221
7533,9240,661,661,1,0,5157,TrafficCabinet_522,,{6AE55091-C46A-4ECE-8005-26019B04F07A},,,237,-77.08776585897324,38.93562354424604
580,6040,652,652,1,0,4123,TrafficCabinet_523,,{8A543470-10B9-4595-8C11-9081FBAB9AA4},,,238,-77.05875669137964,38.93553485294965
1175,12219,755,755,1,0,5077,TrafficCabinet_524,,{FA5C9582-9414-47D7-A835-3FAA7EBC583C},,,239,-76.99280830048015,38.93554577093343
4537,8916,37,37,2,0,5013,TrafficCabinet_525,,{52F70D40-4728-4C6F-ADF8-01177A106B37},,,240,-77.02435157003464,38.93531257212742
1932,8798,3,3,2,0,,TrafficCabinet_526,,{04E8439D-C14F-4416-BBA8-CDEA9FE0FE2F},,,241,-77.02546319160032,38.935170283308395
3144,3435,1129,1129,1,0,,TrafficCabinet_527,,{207BF87A-8ACD-4F0E-9E09-DB7D9E4DDBAB},,,242,-76.96417183474233,38.935048558089534
5477,10538,1127,1127,2,0,6033,TrafficCabinet_528,,{31BA281A-1479-4A49-BDEE-63E3FC8B3763},,,243,-76.96344669935162,38.93502883960818
1993,4201,130,130,2,0,2010,TrafficCabinet_529,,{7711B2E4-9D56-401C-9575-3AE40F365C21},,,244,-77.03635804397386,38.935021179099685
6792,12600,38,38,2,0,6141,TrafficCabinet_530,,{97340301-E722-447D-85A6-EF91935255CE},,,245,-77.02090915823833,38.934910891886815
3573,5890,1131,1131,2,0,,TrafficCabinet_531,,{46D891A9-C844-46C9-A03E-55340921B214},,,246,-76.96396100985761,38.9348152232733
6872,13246,656,656,1,0,,TrafficCabinet_532,,{CD1CBCD5-F9A1-442F-9893-7E233B8558A2},,,247,-77.06862779881001,38.93469710643922
2073,4327,660,660,1,0,,TrafficCabinet_533,,{523C6C89-9648-4E5D-8B82-EF7FA9BDF853},,,248,-77.08886192948871,38.93460419192087
5606,11120,25,25,2,0,1122,TrafficCabinet_534,,{D36E889C-82DE-4041-8020-08DFBED14E4F},,,249,-77.02960361381379,38.934533060472084
5606,11120,10,10,2,0,1122,TrafficCabinet_535,,{C6214AF1-F60A-4AD1-B74B-A9DD8700FFD0},,,250,-77.02960361381379,38.934533060472084
1210,9929,655,655,2,0,6245,TrafficCabinet_536,,{F1F335BB-CA65-47BE-AE5F-BE0B7499D2A2},,,251,-77.07258702858967,38.93450079282528
2072,7985,662,662,1,0,,TrafficCabinet_537,,{B2EDAB01-B36F-44E0-BC9E-92D9D18A0B4D},,,252,-77.086516814558,38.93440918291776
2848,7597,754,754,2,0,1017,TrafficCabinet_538,,{FCF269EA-1560-4D98-B861-F8E911B49F62},,,253,-76.99284869975256,38.93432164422262
6604,11148,759,759,1,0,,TrafficCabinet_539,,{527B1D23-2988-4CC0-AB7C-46BF82E820F5},,,254,-76.97427297506366,38.933794955789416
5360,6992,653,653,2,0,4118,TrafficCabinet_540,,{B3910D2C-AAB8-4941-AA8D-1B041C44C656},,,255,-77.05726049678735,38.93363923030273
3002,9929,650,650,2,0,6243,TrafficCabinet_541,,{ED9863E2-FA20-4E23-A383-BA7B04FBD4F1},,,256,-77.07252625703543,38.933593640026125
5038,6081,663,663,1,0,5192,TrafficCabinet_542,,{B15D94C7-0E5E-4EB0-BEED-ED14E7240CF8},,,257,-77.08570695740879,38.933438125481175
3505,3316,654,654,1,0,3008,TrafficCabinet_543,,{0922DDC7-8167-48E7-8AB4-ED4B25035DF2},,,258,-77.06644881369175,38.933390710843135
4527,5781,659,659,1,0,5155,TrafficCabinet_544,,{DC126DED-00AC-48D1-BB4D-CA624874AE32},,,259,-77.09102973698073,38.93330018349431
2150,1080,12,12,1,0,5243,TrafficCabinet_545,,{29160124-15BC-4507-94A7-44646DF973B6},,,260,-77.04534614614131,38.93327507462966
4287,3644,1133,1133,2,0,6036,TrafficCabinet_546,,{4195E756-DED6-4504-B4C5-A41014F9FBF4},,,261,-76.96809858410053,38.93321907320333
201,1557,21,21,2,0,1174,TrafficCabinet_547,,{0D34BDD0-9A2A-4094-AB1F-DD5ADAF07CFD},,,262,-77.0328366319682,38.93319713005959
201,1557,7,7,2,0,1174,TrafficCabinet_548,,{A1BF1C11-1419-45BB-87A0-1E5AAF038548},,,263,-77.0328366319682,38.93319713005959
1543,633,29,29,2,0,2008,TrafficCabinet_549,,{C03E6894-A8C3-409B-AFA4-1B177DFA1A35},,,264,-77.0363685902964,38.933085264162315
4923,5699,1123,1123,1,0,5116,TrafficCabinet_550,,{6877286E-2EB8-455B-97B8-8BBE5A1EF632},,,265,-76.97406176817034,38.933072614195005
4924,5699,760,760,1,0,6075,TrafficCabinet_551,,{A6A49BBF-8A52-45C2-80A5-95C6820EAA96},,,266,-76.9736197109808,38.93307141625038
3692,6698,822,822,1,0,5115,TrafficCabinet_552,,{B9AC4321-C113-4102-A037-C413B29D5CBE},,,267,-76.9762881927617,38.9330348918309
6619,11246,36,36,2,0,,TrafficCabinet_553,,{E55D5F4C-2AB8-47F1-8E80-A1286705B206},,,268,-77.02393438074596,38.93281531320191
1447,10056,1119,1119,2,0,5112,TrafficCabinet_554,,{013CCD51-B6E1-4746-AB72-B2A180F42A7E},,,269,-76.98863240574845,38.93277258451816
4888,1629,1117,1117,2,0,5111,TrafficCabinet_555,,{D7337974-1A30-4287-BBF8-1DC01B41C5C4},,,270,-76.99093467577435,38.93268112620701
1448,7260,756,756,1,0,5113,TrafficCabinet_556,,{65CAD0EE-8070-4229-AC3C-CECC669CA045},,,271,-76.986419561027,38.93268030151619
1542,633,26,26,2,0,2006,TrafficCabinet_557,,{C8CC1E5F-5FC4-47B6-B45A-90D86EE5B7E6},,,272,-77.03632720005918,38.93266235506215
5600,7332,1111,1111,2,0,5110,TrafficCabinet_558,,{D1DD0DD2-1351-414D-9B5A-ED27CCBE3BC9},,,273,-76.99270287742847,38.93264237910491
2297,1281,28,28,2,0,6095,TrafficCabinet_559,,{34520634-9102-4E3C-8527-9A62DE3253AB},,,274,-77.02695598151206,38.932622859474044
1387,12442,15,15,1,0,4031,TrafficCabinet_560,,{52B6156F-BA58-4D22-8798-81AF3C383DA3},,,275,-77.04658836800616,38.93253067106407
3504,903,657,657,2,0,3006,TrafficCabinet_561,,{E436ED98-E02D-422A-910C-B6988BABCEDE},,,276,-77.06626542297361,38.9325026048024
6942,12812,1077,1077,1,0,5086,TrafficCabinet_562,,{19A4C1AE-685C-4822-8F34-F5BA52BF803B},,,277,-76.99806343145237,38.932515555624
5452,11186,1079,1079,1,0,5117,TrafficCabinet_563,,{9EF6D716-BEB5-4119-ACF2-29EFE3D833A5},,,278,-76.99624060487189,38.93249732346859
5605,2884,20,20,1,0,1119,TrafficCabinet_564,,{6D0DAC29-3CD3-487D-9521-3FCAF27D4380},,,279,-77.02956621641951,38.93237976068535
4083,7920,1081,1081,2,0,5118,TrafficCabinet_565,,{3F91B276-E3BA-4BBE-9AD5-3AD6A05B9D8A},,,280,-76.9935448482439,38.932340785483305
3986,8038,11,11,1,0,,TrafficCabinet_566,,{C2242133-3C68-4C7A-85ED-63588CC55638},,,281,-77.04135946885651,38.93225366920089
5751,12400,22,22,1,0,1051,TrafficCabinet_567,,{86D03C11-22FB-4F0D-8E74-069D18817CBB},,,282,-77.02808778664048,38.93183908640699
4044,6434,685,685,2,0,6254,TrafficCabinet_568,,{CC46DABA-837C-48B4-A5F0-B4129BF0FC1E},,,283,-77.07279180955506,38.93176568905014
5797,2711,689,689,2,0,4113,TrafficCabinet_569,,{B1A84D12-6C15-4532-8648-B4FC2F616B98},,,284,-77.0563260039071,38.93159143840302
1231,1671,687,687,1,0,3014,TrafficCabinet_570,,{87B1EF4B-75E8-4FD0-BAFF-6AD531AD2E1D},,,285,-77.06652351487244,38.93154678463473
279,4494,1075,1075,2,0,5076,TrafficCabinet_571,,{11102225-790C-440D-B19D-DD025B36D128},,,286,-77.00075770341014,38.93141687997045
755,12277,1109,1109,1,0,6038,TrafficCabinet_572,,{1251BDE6-5DC5-4EF4-B981-C76EA242EFAB},,,287,-76.97180293002631,38.93136516101344
755,12277,1107,1107,2,0,6038,TrafficCabinet_573,,{912CE140-FF59-4299-98DF-F514EF494D06},,,288,-76.97179300319135,38.931356798907764
4168,4444,684,684,1,0,3021,TrafficCabinet_574,,{86E388A8-881E-49D1-BDC7-AF2646F2E201},,,289,-77.07690179035704,38.931248862571316
3887,11623,1105,1105,2,0,2209,TrafficCabinet_575,,{23FE35DF-E74C-4001-862B-09203D24C935},,,290,-76.97209847445724,38.93126531177481
2445,11497,17,17,1,0,1123,TrafficCabinet_576,,{A799DFF3-DC25-46E0-965A-F23638FDD61A},,,291,-77.02979495877295,38.93116498629245
5658,9543,23,23,2,0,1176,TrafficCabinet_577,,{45B53200-6742-4BB2-B42A-488A91DADBB4},,,292,-77.03283562674464,38.931114643846826
5658,9543,8,8,2,0,1176,TrafficCabinet_578,,{1FAC4E45-2BCF-45C5-8DB6-1B97CECF2E01},,,293,-77.03283562674464,38.931114643846826
4621,2931,1160,1160,2,0,2126,TrafficCabinet_579,,{41C12197-9483-4094-91F8-05222F17ED29},,,294,-77.01193561823476,38.93109294657116
1612,12995,765,765,1,0,4078,TrafficCabinet_580,,{06CC934C-3BD3-48D3-8454-C86C2C3D14A6},,,295,-76.95766858186474,38.93054050980415
6606,11441,76,76,1,0,5242,TrafficCabinet_581,,{EA71E495-062E-4A6A-9C3B-FC722333DA22},,,296,-77.01810717425164,38.93050991919786
4071,4217,668,668,1,0,,TrafficCabinet_582,,{55602B4C-C24F-451E-A43F-1173B0936CD3},,,297,-77.11193456964324,38.93044951188549
4071,4217,669,669,1,0,,TrafficCabinet_583,,{7C9EA5CA-2DBA-4F94-885F-6D702D4374ED},,,298,-77.11192860331477,38.93043980663421
4071,4217,670,670,1,0,,TrafficCabinet_584,,{744730E6-42D9-4AE7-94BD-136A7C1439F0},,,299,-77.11192472319344,38.93042927962796
2543,7118,16,16,1,0,2002,TrafficCabinet_585,,{555F1747-5913-4976-BDB5-12FB044383C7},,,300,-77.03623202336145,38.93041067675926
2543,7118,18,18,2,0,2002,TrafficCabinet_586,,{AB925F4F-3F33-471F-ADB1-15A5E071F7C5},,,301,-77.03625309912687,38.93032932517738
6954,2623,1073,1073,1,0,5085,TrafficCabinet_587,,{5ECBB26F-55AF-4234-B29C-563BFE57192A},,,302,-77.00251411260683,38.9303024194073
1736,11230,658,658,2,0,5191,TrafficCabinet_588,,{38310D2C-D011-48D3-88E1-51D046C911EE},,,303,-77.08375628068676,38.93021959083645
4298,4856,39,39,1,0,6140,TrafficCabinet_589,,{E315F785-0FF5-4176-B93C-ED65139F5305},,,304,-77.01986811526058,38.93019797257073
3767,3936,665,665,2,0,,TrafficCabinet_590,,{B1158787-FF0C-4526-974D-539268B81DB5},,,305,-77.1070268605032,38.93007649860472
4055,5863,35,35,2,0,5007,TrafficCabinet_591,,{6625AFAA-8243-4BB5-8224-9634695ED1C0},,,306,-77.0231446816075,38.92990106821934
6296,763,131,131,2,0,,TrafficCabinet_592,,{1B5F8CAF-64B6-4057-9FA7-3FA8AC35D953},,,307,-77.03255339944343,38.92988189949255
3279,2804,1103,1103,2,0,6035,TrafficCabinet_593,,{9E8475C8-2636-44C9-B203-10E2B6AAE391},,,308,-76.9748159058123,38.92985697512173
2727,13087,688,688,1,0,3004,TrafficCabinet_594,,{3984A426-6002-4543-9AAC-4D997809A2ED},,,309,-77.0664929218675,38.92982056626287
6707,1795,748,748,2,0,5241,TrafficCabinet_595,,{D3FB01D3-03D6-4629-84D0-74C982E65D62},,,310,-77.01719636274112,38.92981652496384
3307,2844,30,30,1,0,6094,TrafficCabinet_596,,{3B909CEE-1997-4395-BFD1-45F85BA967A7},,,311,-77.02653368523802,38.929745413946115
6707,1795,75,75,1,0,5241,TrafficCabinet_597,,{A7855071-D940-40AA-ACE7-3F136103027B},,,312,-77.01784254213153,38.929708526537446
6104,715,13,13,1,0,4029,TrafficCabinet_598,,{502F54EC-22FC-4CD4-ADC8-6FAF786F9703},,,313,-77.04390511926795,38.929624872412774
2089,2139,24,24,2,0,1046,TrafficCabinet_599,,{E64D3B5A-B7A0-454C-903E-5F48652925AC},,,314,-77.02787186648926,38.92958555624725
2741,5618,19,19,1,0,1112,TrafficCabinet_600,,{33B30BE9-3402-45BE-91E9-71389FFCF7FF},,,315,-77.02978902112905,38.92956867014189
7020,3491,77,77,1,0,6139,TrafficCabinet_601,,{9A1897D3-D3FC-4E15-8C40-264B773949E8},,,316,-77.01972802166439,38.92940134630321
2722,12503,1101,1101,2,0,6032,TrafficCabinet_602,,{94FE083D-F873-4E04-8C21-901881AFE9D7},,,317,-76.97616101752644,38.92929379631696
6732,2406,680,680,1,0,3020,TrafficCabinet_603,,{D2537288-4E72-4292-9A94-A529578FBBD6},,,318,-77.0771134630693,38.92912946328792
2903,10198,1018,1018,1,0,5072,TrafficCabinet_604,,{46E92708-8428-4A1E-9242-67E9E8161D4A},,,319,-77.07407106853867,38.929083407816655
2777,2181,34,34,2,0,5006,TrafficCabinet_605,,{4AEA43B9-7039-423F-92EE-3AD760BCCA52},,,320,-77.02333723934817,38.92895667957819
4149,12080,32,32,2,0,6093,TrafficCabinet_606,,{15E49E24-BBD4-40A6-846E-495B405F537D},,,321,-77.02613444804386,38.92892962107886
5771,2997,33,33,2,0,5040,TrafficCabinet_607,,{756F4D46-9131-40AD-9FC3-02C6F31DAFD5},,,322,-77.03730831622953,38.928867268325774
3070,7094,31,31,2,0,,TrafficCabinet_608,,{60721557-4AEC-47BB-BF6C-C880EBF120E6},,,323,-77.03638042761992,38.92879834098363
1629,4848,761,761,1,0,6070,TrafficCabinet_609,,{4C8D7B0C-57FF-4E64-A80B-CC67788B35A1},,,324,-76.96870984247803,38.92871914641248
4885,3413,14,14,1,0,1108,TrafficCabinet_610,,{9A5081F3-FD5B-4AC3-BB88-4FC54174D70E},,,325,-77.02987427428262,38.92869118468145
2088,4118,27,27,2,0,1044,TrafficCabinet_611,,{E07225C0-D3D2-4F10-94F7-CEDE147D8A8C},,,326,-77.02758921430203,38.928626787534625
5499,5540,9,9,2,0,,TrafficCabinet_612,,{E7434118-315A-4281-A49C-A8CDE17068E5},,,327,-77.032519005598,38.928612385603785
6444,9951,40,40,1,0,,TrafficCabinet_613,,{FDDF512F-EDB4-4E45-82E7-3FBEB8103F4C},,,328,-77.0195751946351,38.92850493679615
2713,5432,1020,1020,2,0,6243,TrafficCabinet_614,,{9E885661-8B19-48D8-9AA0-DD0424835FF7},,,329,-77.07297909150384,38.9283775816157
2713,5432,1019,1019,3,0,6243,TrafficCabinet_615,,{7CEA5861-397A-4FE6-B3FB-501F17E0A206},,,330,-77.07296625775187,38.92836850023797
2128,2181,41,41,2,0,4229,TrafficCabinet_616,,{DCB3D744-6251-41F9-82DF-D9228C185E68},,,331,-77.02323518545214,38.92821513555951
15,8893,105,105,1,0,4028,TrafficCabinet_617,,{8B680620-71FC-4697-9889-AE6D43F9BD9B},,,332,-77.04338170492953,38.9281252647427
4422,10459,1001,1001,2,0,4111,TrafficCabinet_618,,{EDEF61FB-90CC-4BBE-8B5E-4CBEBA78A5FB},,,333,-77.05435124890776,38.92809716620713
5210,5510,764,764,1,0,,TrafficCabinet_619,,{AF14D06E-BAD3-46FA-9BE5-0FA77D2C4D1F},,,334,-76.96143064927122,38.9279934502122
3685,7905,80,80,1,0,,TrafficCabinet_620,,{7402208C-3E56-46B8-B0DD-DAC19BD377D9},,,335,-77.01923295652341,38.92789840079078
4765,5324,1099,1099,3,0,6031,TrafficCabinet_621,,{92905A95-E6E6-43C3-82A6-9109916DD8F2},,,336,-76.97904777885694,38.92784360562109
2679,5945,690,690,1,0,2249,TrafficCabinet_622,,{2DB08078-A90A-4A69-B5C7-B7B21C958B5F},,,337,-77.06334511537281,38.92772233247678
4148,9522,79,79,2,0,6088,TrafficCabinet_623,,{42A4D3DC-C6BE-4113-B45F-CDA476E0A2A3},,,338,-77.0261905319978,38.927735448422695
4765,5324,1097,1097,2,0,6031,TrafficCabinet_624,,{EE724833-4054-4EEB-9051-564D14C4056D},,,339,-76.97932554205777,38.92773049263447
2712,2084,1021,1021,2,0,6238,TrafficCabinet_625,,{53C905A8-1647-4D6A-8728-F1A7A36CE6B7},,,340,-77.07307675919066,38.927653990588645
4020,5397,78,78,1,0,1033,TrafficCabinet_626,,{A9BD73F4-BACF-4CD7-B5C9-1EC37F3F8E7F},,,341,-77.02734749598868,38.927659756778915
6811,9480,1017,1017,1,0,,TrafficCabinet_627,,{F6D4DE40-A2AF-4DD9-A31D-0C1D8C30A43D},,,342,-77.0719189277876,38.927610730241
3678,3612,676,676,1,0,4188,TrafficCabinet_628,,{8A1D2A18-3810-47A9-A053-C3D5BB3A3452},,,343,-77.09015680987436,38.9275842108923
100,426,47,47,2,0,3131,TrafficCabinet_629,,{FD3C2D9F-4889-4B5A-BC04-97B234337AF7},,,344,-77.02058629504366,38.92761381375523
6102,10727,48,48,1,0,1094,TrafficCabinet_630,,{55D0A235-81D3-4F51-AE0E-33CADFAAD694},,,345,-77.02978672075072,38.92754069214982
3984,4065,666,666,2,0,5055,TrafficCabinet_631,,{9198FFAF-170D-4497-8D54-7E39BB3C9540},,,346,-77.10386691514489,38.92748705285159
6894,11450,81,81,2,0,,TrafficCabinet_632,,{46E08204-2DA7-4117-8914-15CAC664EA75},,,347,-77.0326643871043,38.92745165075246
5698,1901,1016,1016,1,0,3005,TrafficCabinet_633,,{30E816E7-C327-4BE5-BFAE-BBC9C655B8C3},,,348,-77.06626739644676,38.927428563239744
525,4509,42,42,2,0,5003,TrafficCabinet_634,,{520A78D2-6970-4139-8103-3826E544C186},,,349,-77.02283866149098,38.927156331357736
5690,11730,57,57,2,0,,TrafficCabinet_635,,{A52CC5A1-BEE5-4DF9-977A-58455E9CF7C4},,,350,-77.03636353232545,38.92712559226319
2552,8865,762,762,2,0,6080,TrafficCabinet_636,,{F8BED19B-F1D6-4316-844A-F1F386E1F5F6},,,351,-76.96752208262131,38.927107982577745
2884,11929,97,97,1,0,1199,TrafficCabinet_637,,{197D5A85-9768-4BB3-99F4-2ADD95F40DE0},,,352,-77.03563639097695,38.92705525412131
5894,8303,1071,1071,1,0,5084,TrafficCabinet_638,,{1097DF7E-64C4-4267-AE2A-7366C3FB2899},,,353,-77.00627798603857,38.92691996250893
910,10727,49,49,1,0,1105,TrafficCabinet_639,,{799C31DD-F3BA-4947-928D-DA16DDD1B293},,,354,-77.02963552381621,38.9268375955024
3369,8539,1069,1069,2,0,5141,TrafficCabinet_640,,{A070E65D-2490-4146-AC54-58C5F54AFFC9},,,355,-77.00876912111562,38.926834844667006
3823,8647,46,46,1,0,1042,TrafficCabinet_641,,{ED7B800F-5E39-4F68-9438-2FC69DB8BE7F},,,356,-77.0272225454557,38.92679927559972
3369,2943,1067,1067,2,0,5141,TrafficCabinet_642,,{AC9C4995-01D7-4EF2-9775-3BC2B0ADAF47},,,357,-77.0093206900948,38.92676572620118
5914,8353,44,44,2,0,6092,TrafficCabinet_643,,{44A590F1-B3D5-48DD-A94B-E480AD26537E},,,358,-77.02603754397632,38.92673719908098
140,11285,1087,1087,1,0,3100,TrafficCabinet_644,,{6AA16C71-5370-450E-BAA1-044829F9D81E},,,359,-77.00047907207066,38.92644379751214
3833,6172,82,82,1,0,,TrafficCabinet_645,,{9861B7CE-62E6-4285-97E2-A204694120B1},,,360,-77.03254627581079,38.92642878037049
2623,11790,98,98,1,0,1206,TrafficCabinet_646,,{5EC35D8D-5674-4DB3-AAE1-7BBF8616EC4D},,,361,-77.0355516942535,38.92642767949186
3370,2943,1008,1008,1,0,2135,TrafficCabinet_647,,{4C7AFE28-26A7-4D44-9901-9BC23B185354},,,362,-77.01194283651878,38.926402407415466
33,6123,52,52,2,0,,TrafficCabinet_648,,{6590FC15-8404-4E44-A239-7240D0895259},,,363,-77.03671893777411,38.926330812455966
3487,5764,1093,1093,3,0,6034,TrafficCabinet_649,,{A09149F4-4071-4F7A-AB13-8D65058663CF},,,364,-76.98307348082098,38.92587255373446
3487,5764,1091,1091,3,0,6034,TrafficCabinet_650,,{FCDF940C-F695-4B98-961F-39F2590853C6},,,365,-76.98310142555657,38.92586502682438
3832,3720,83,83,1,0,1158,TrafficCabinet_651,,{8B321904-CC33-4ECA-8A15-06B6195C2D4C},,,366,-77.0324548279109,38.92580541219594
724,9,757,757,3,0,4200,TrafficCabinet_652,,{BF2FC038-13FE-408E-8601-D761DFDB5035},,,367,-76.9858728409786,38.92580302105952
1342,12074,1113,1113,1,0,4191,TrafficCabinet_653,,{BC36CC2C-AA28-4170-8CEA-DF2306CD64DB},,,368,-76.9924987256896,38.92571232575587
1033,11000,1115,1115,2,0,4192,TrafficCabinet_654,,{4FD7FC8E-9EC1-426D-A395-7A6CF673FA6A},,,369,-76.99037655799212,38.9256812717799
1034,286,1121,1121,1,0,4196,TrafficCabinet_655,,{5E5715C9-25AE-4525-B94C-D24F42A7ADF7},,,370,-76.98823420238851,38.925629719346624
811,6459,1125,1125,1,0,4223,TrafficCabinet_656,,{9EC5A85C-79C4-4303-B485-A3677BFD1652},,,371,-76.97202177449785,38.92554310442979
1235,8184,821,821,1,0,4219,TrafficCabinet_657,,{32B093E4-B559-461F-91B1-BDB99E460D3B},,,372,-76.97607444217508,38.92553993255284
6496,3430,1085,1085,1,0,4220,TrafficCabinet_658,,{8B2C95E2-5C2A-4BC7-8F70-2CD1489B0046},,,373,-77.00069801867926,38.92554013605103
1234,1981,820,820,1,0,4201,TrafficCabinet_659,,{0BDC4C7A-53D7-45CD-9D3A-4FCAA1E1EF97},,,374,-76.97882365681401,38.925537409182695
317,3430,1089,1089,1,0,4222,TrafficCabinet_660,,{ADC391A5-8FF7-4BCF-B76D-6E999DBDAF14},,,375,-77.0022913014684,38.92553864728963
3487,3289,1095,1095,2,0,6034,TrafficCabinet_661,,{1F6F781F-E044-47C9-9561-C9174D7B0B6D},,,376,-76.98308160285386,38.92551860908459
6392,10038,1083,1083,1,0,4221,TrafficCabinet_662,,{74369839-6FF2-4AA1-B4CF-1B0F7AF7946E},,,377,-76.99624410088408,38.92546088573436
1779,2054,1002,1002,2,0,4130,TrafficCabinet_663,,{390E5F29-AD4B-4E90-A7CA-7E6A5A526FC0},,,378,-77.05275479483448,38.92544728138721
3784,5581,763,763,1,0,4083,TrafficCabinet_664,,{F3AB2541-01C0-4DAF-BC0C-AD1421D98502},,,379,-76.96543889323948,38.9251372119642
1615,3773,43,43,2,0,5001,TrafficCabinet_665,,{D15F1771-ACF2-4018-AA05-C6E5536B398B},,,380,-77.02279721497682,38.9251053797777
5407,11421,45,45,1,0,6090,TrafficCabinet_666,,{B4E3622F-E8A9-42C5-8374-93B8CE8DEBE1},,,381,-77.02555225318916,38.92499268327225
6222,9439,673,673,2,0,4092,TrafficCabinet_667,,{7A57F56B-3B0C-4F11-A7B3-AB7F18FFD235},,,382,-77.106957172589,38.9249064076765
1556,5831,1011,1011,1,0,6236,TrafficCabinet_668,,{F9A1E42F-C797-48F6-8D05-E17D82478ADE},,,383,-77.07307045583143,38.92481162637439
3707,5110,667,667,2,0,5057,TrafficCabinet_669,,{75D004D8-837E-4100-BB1C-497904A07D0B},,,384,-77.10151108123436,38.924787607961775
1778,8797,125,125,2,0,2204,TrafficCabinet_670,,{D087FEF4-E8FB-4FF1-9400-DDCFF68F62BE},,,385,-77.05238035820136,38.92481175066784
7528,7408,53,53,2,0,,TrafficCabinet_671,,{E5C90F40-AEDD-448B-AA3A-17368187CB8A},,,386,-77.03664621239507,38.92480158307275
1556,1408,1010,1010,2,0,6236,TrafficCabinet_672,,{834C0179-7701-4348-9346-FAA7B08C106D},,,387,-77.0733071494187,38.92462725794206
9367,9367,1015,1015,1,0,,TrafficCabinet_673,,{60C97A36-3618-4EDA-95E9-D9E2C30902F4},,,388,-77.0664623255827,38.924488731487905
6802,12520,807,807,1,0,,TrafficCabinet_674,,{710218C6-A525-4538-979C-92F26858E96B},,,389,-76.98654824966088,38.924436187424966
6263,10909,58,58,1,0,,TrafficCabinet_675,,{253D1FA1-3167-4F35-92FD-CC0A2184D160},,,390,-77.04033441612584,38.92434733982423
2803,2759,103,103,2,0,4255,TrafficCabinet_676,,{26D8EF0B-40C3-4559-B106-7310844796EE},,,391,-77.02272345999494,38.92421739900447
1186,443,768,768,1,0,4076,TrafficCabinet_677,,{6D9F98FE-6948-4BE2-93F0-2BEDF483A2B8},,,392,-76.96641106030398,38.92401609463835
5406,8297,96,96,2,0,6089,TrafficCabinet_678,,{4C5FC5BE-8E1C-4E15-ADFF-9E2AD5B263C1},,,393,-77.02566533162926,38.92385279967461
4436,10571,84,84,1,0,1036,TrafficCabinet_679,,{164ACBE1-4552-4B4C-AC38-1671CBBDDFFE},,,394,-77.0269449728985,38.923696721700736
1127,416,50,50,1,0,1096,TrafficCabinet_680,,{45A401DD-44DD-48CD-8A26-CAA9A73B1489},,,395,-77.02978862575301,38.92368113163193
3613,6450,806,806,1,0,6029,TrafficCabinet_681,,{430547E5-97BE-4586-AF3A-5811331517E4},,,396,-76.98803177551822,38.923635121667814
5720,7727,129,129,1,0,,TrafficCabinet_682,,{7C712191-D30F-429F-BF23-ED1374CCA511},,,397,-77.03202088500619,38.923615978622735
2019,980,1137,1137,1,0,3117,TrafficCabinet_683,,{8F8BF570-9A39-48CC-A322-293B8796078C},,,398,-77.00043566923571,38.92356345071122
3800,8009,124,124,2,0,4110,TrafficCabinet_684,,{DB83B716-7C99-4610-A84F-22749D9952E9},,,399,-77.05161125072856,38.923407650427315
935,12896,1024,1024,1,0,2222,TrafficCabinet_685,,{FE7BBC57-5C26-47D6-BAD4-B52AF60F61CD},,,400,-77.05775762773466,38.92339827018929
750,12579,767,767,1,0,6072,TrafficCabinet_686,,{8180FD2F-8654-4728-A6A9-4E1D41D67E3C},,,401,-76.96279737830717,38.92339981286876
1206,12258,60,60,1,0,4089,TrafficCabinet_687,,{B61180C0-47F5-48F3-94A9-B01C832DE21D},,,402,-77.04728588508708,38.92339576103616
3801,5554,1023,1023,1,0,2203,TrafficCabinet_688,,{06D668FA-A7B5-4FDE-9FCA-4F838AAB1EE8},,,403,-77.05247549813619,38.923368989164416
3787,4488,804,804,2,0,,TrafficCabinet_689,,{C6AF9447-3F80-41AF-B6B8-F720F496CA3C},,,404,-76.99034957798234,38.9233379893308
5000,13036,99,99,1,0,1202,TrafficCabinet_690,,{0A8885A3-EC1A-48D0-B683-90C12ACB34C5},,,405,-77.03543701279357,38.92322020287085
2819,2221,54,54,2,0,1242,TrafficCabinet_691,,{C972F919-0584-4BB1-B288-9ECB9E720759},,,406,-77.03666294241623,38.92320288902477
2717,2464,108,108,1,0,3073,TrafficCabinet_692,,{C7A53697-68D3-4A5C-BA0F-55BC2F9D63F6},,,407,-77.01818690445432,38.92292095878073
350,7271,805,805,3,0,6028,TrafficCabinet_693,,{979ABE5A-847E-421E-95D6-C78D82CED526},,,408,-76.99028592470694,38.922891207304524
4611,12270,679,679,1,0,4091,TrafficCabinet_694,,{4FFFDF83-DA1E-4649-98DD-91D12E16B07B},,,409,-77.07467336034242,38.92266086663363
6182,4627,803,803,2,0,6027,TrafficCabinet_695,,{63E3DF68-F5A0-4AAF-8914-EAE71913B936},,,410,-76.99236499087765,38.92264078608542
3658,3581,1009,1009,2,0,6205,TrafficCabinet_696,,{14DC531F-C8A9-4129-A17D-787F0AF1C05C},,,411,-77.07261812404289,38.92249766984053
1160,13222,51,51,1,0,1093,TrafficCabinet_697,,{B912D836-BA05-4D5A-8F57-8920970D71C4},,,412,-77.02956359016127,38.92248589244685
2586,12563,1152,1152,1,0,5127,TrafficCabinet_698,,{B5B87D08-A8EA-434E-8D7E-B8FE342E660F},,,413,-77.00882268556342,38.9223281493754
2802,11427,94,94,1,0,5004,TrafficCabinet_699,,{FE0E34D0-643B-43C1-99DC-435D42F6ABFB},,,414,-77.02213756070388,38.922252363971175
259,8921,802,802,3,0,6037,TrafficCabinet_700,,{AD0DC6F7-A85E-4FE7-8611-2653761DD62C},,,415,-76.99383116533427,38.9222078425448
3854,4605,1151,1151,2,0,4087,TrafficCabinet_701,,{2D00239E-AB32-4D74-96C7-184A58A6AFDC},,,416,-76.98863969769873,38.92218446403372
3854,11672,1150,1150,2,0,4087,TrafficCabinet_702,,{98291EFA-EAEC-4DE4-A966-7AE3F3C2928E},,,417,-76.98872022356024,38.922115143771535
2969,2467,769,769,1,0,2213,TrafficCabinet_703,,{561565F6-2DDC-4271-AB84-330B1757FC96},,,418,-76.96907692067992,38.921725779601644
4360,5512,1153,1153,1,0,5126,TrafficCabinet_704,,{4F6805B7-5D7D-42DD-803A-43E7124F97EA},,,419,-77.00928515789549,38.921360538416884
5681,4353,1158,1158,1,0,2054,TrafficCabinet_705,,{7D0B1DE0-EA3A-4C5D-B0AB-3D255799744E},,,420,-76.98114039982325,38.92129631866071
661,4075,683,683,2,0,,TrafficCabinet_706,,{75B32DEF-49D8-4C97-8F67-E61A055472D3},,,421,-77.06324659485595,38.921185920242365
7287,7137,1139,1139,1,0,3079,TrafficCabinet_707,,{C48E97CF-CD50-477E-A517-097707BA13D4},,,422,-77.00067644648743,38.92119524238869
5548,13081,93,93,2,0,4234,TrafficCabinet_708,,{AE57A7AB-7440-4DDF-83B1-0B50C406F69B},,,423,-77.02222229342439,38.921021999866475
1103,7914,55,55,2,0,1239,TrafficCabinet_709,,{7F76F2D5-7CEC-400B-8D9C-E9C0E1EE6729},,,424,-77.03665567983204,38.92091963230217
4498,10674,87,87,1,0,1038,TrafficCabinet_710,,{FC4F6D93-029F-4407-A4FB-E0490F0F55BF},,,425,-77.02720762746581,38.92070761779871
2008,969,92,92,2,0,6087,TrafficCabinet_711,,{0A8AFFC2-95F0-40B8-A814-BB503EC35C06},,,426,-77.02532628771134,38.92056905123896
7435,3304,86,86,1,0,1099,TrafficCabinet_712,,{20E54857-D73D-433C-89A4-9DB767340F11},,,427,-77.02944649024985,38.92048939783457
4711,9650,72,72,1,0,3080,TrafficCabinet_713,,{CADE7F1B-DD17-4E68-84A6-E806B27C0861},,,428,-77.0178957439489,38.9203356595232
652,10258,1013,1013,1,0,6239,TrafficCabinet_714,,{EEB18FD5-EDDD-4A5E-89F2-D791681D334C},,,429,-77.07162608924746,38.920124011126624
1379,6585,808,808,2,0,,TrafficCabinet_715,,{D9362E83-55B6-4BFB-9495-F167D0E6D5D0},,,430,-76.97908180165021,38.92009362698851
2773,523,95,95,2,0,4236,TrafficCabinet_716,,{BDE0A16E-5C38-43E7-B0B7-5B1BF6C6E92A},,,431,-77.0217618106145,38.9200668615749
652,5695,1014,1014,2,0,6239,TrafficCabinet_717,,{EFD92F32-7D43-4DA6-8572-EC2D6592CA97},,,432,-77.07146901217305,38.92002480847927
260,9851,766,766,1,0,6105,TrafficCabinet_718,,{D4450635-8633-4F07-BACA-DD55B3D2D6C4},,,433,-76.95770995524445,38.920013123253085
757,730,770,770,1,0,4075,TrafficCabinet_719,,{A5BEE234-2AC3-4F71-8219-4C397AE061C0},,,434,-76.97009421923482,38.919951755342524
1286,1541,801,801,2,0,,TrafficCabinet_720,,{7C836609-52D7-4E02-BBEA-FFE010CB5359},,,435,-76.99970686134344,38.91994002377767
1285,7948,1141,1141,2,0,3109,TrafficCabinet_721,,{5B795DA0-3CE5-43B0-925F-031CA5618BCD},,,436,-77.00073571648181,38.91983509281051
2007,12857,91,91,2,0,6091,TrafficCabinet_722,,{4F26284B-5C66-4E52-8E6D-C64722E31591},,,437,-77.02541727156594,38.91982540305688
3437,6369,100,100,1,0,4100,TrafficCabinet_723,,{59AD4D5E-FE10-4841-98D1-77B01549D566},,,438,-77.0442288688662,38.91978245738515
1285,1541,1143,1143,1,0,3109,TrafficCabinet_724,,{0AD27608-9431-4B5A-9030-9ACBB514BE94},,,439,-77.00035129333405,38.919670827746245
3436,3060,62,62,1,0,2076,TrafficCabinet_725,,{96B5BD07-E3B7-4D84-8C24-DFCF826FBEBC},,,440,-77.04184736831057,38.91962115758414
2706,2078,113,113,1,0,3114,TrafficCabinet_726,,{A3A4BE50-440C-4E26-938C-05890056387C},,,441,-77.01803645895863,38.9194093565741
1332,12172,90,90,1,0,1136,TrafficCabinet_727,,{4B4674EC-9305-4947-9D1F-FDE33DFB983B},,,442,-77.02980424153466,38.9192701290082
2251,12744,101,101,1,0,1195,TrafficCabinet_728,,{FA0C7ECC-A28F-4E31-974F-54B868CAB22B},,,443,-77.03487472027858,38.9192463219648
5995,1833,88,88,1,0,1191,TrafficCabinet_729,,{B2F438D6-A81E-466B-AA24-D9AEB4AA8A6A},,,444,-77.03213311631451,38.91914152143434
7155,9756,1012,1012,2,0,6253,TrafficCabinet_730,,{1AD2911D-8E76-419E-9AF6-C6B0F09F0F21},,,445,-77.07066304643702,38.91908309028173
4269,4541,56,56,2,0,1243,TrafficCabinet_731,,{08CEB6C7-E8D7-42A9-95D3-51826AE8A1C3},,,446,-77.03659939522656,38.91889952330405
2430,1646,106,106,2,0,4116,TrafficCabinet_732,,{465CD042-0483-4C02-8C8C-386324093EC2},,,447,-77.047654512609,38.918627575871255
2430,918,1,1,1,0,4116,TrafficCabinet_733,,{18A70C20-6C10-4DF1-80E0-2A1AC85E50D2},,,448,-77.04825123785344,38.91858871227156
3103,11938,771,771,1,0,4082,TrafficCabinet_734,,{F1218690-F091-4169-A0D3-0209F0BF736D},,,449,-76.97132198790551,38.91852978302525
268,4551,682,682,1,0,,TrafficCabinet_735,,{D68E6E84-762E-4416-A6B2-6F7D7E545A31},,,450,-77.05935136082032,38.918274111192986
1331,2121,63,63,1,0,1134,TrafficCabinet_736,,{08B93365-F42F-4483-8607-72B8DFB7B1D0},,,451,-77.02951036154799,38.91820032027125
6644,11362,120,120,2,0,,TrafficCabinet_737,,{ACB33CA4-4EC2-4514-B133-223B7AAE819B},,,452,-77.0245216429862,38.918193213083605
3985,927,671,671,2,0,5062,TrafficCabinet_738,,{20379CD6-2B59-4EAD-B38C-75666078C452},,,453,-77.09741617950262,38.918069095213305
3580,8681,61,61,1,0,1190,TrafficCabinet_739,,{45BE0E7A-5D1A-48CD-8088-11F9D669AAF1},,,454,-77.03174519540293,38.91806081700118
721,7828,59,59,2,0,1224,TrafficCabinet_740,,{36AE92DF-ACD5-41E1-8472-8A3589874331},,,455,-77.03442807573978,38.91799930512143
224,10496,1007,1007,1,0,4181,TrafficCabinet_741,,{61FFFA07-E5AF-4C4F-9C5F-3109D1DBCFF1},,,456,-77.04051534351373,38.917912971954614
4961,2074,800,800,3,0,6025,TrafficCabinet_742,,{944D3B4E-21F9-43D0-A5C1-62B6FD8B0BDD},,,457,-77.00513961613629,38.917912199161016
4961,2074,799,799,2,0,6025,TrafficCabinet_743,,{E3080EC0-B274-4059-8D01-71DAB11DDEBC},,,458,-77.00514190974725,38.917897281263954
6552,10867,65,65,1,0,2065,TrafficCabinet_744,,{4657A502-122F-4A89-BCD2-B6B726626C40},,,459,-77.04149532065487,38.91772733566989
664,12158,67,67,2,0,5018,TrafficCabinet_745,,{A79BDF34-E689-4940-93E1-89487374EA18},,,460,-77.02179903213354,38.91764628943825
3102,2628,787,787,2,0,5197,TrafficCabinet_746,,{CF1AE785-879F-4B0B-90A0-86B3271D9864},,,461,-76.972438314973,38.917624272955244
2465,7188,798,798,2,0,,TrafficCabinet_1,,{62DDB2BD-52DA-44A8-BAC5-9937D56A2225},,,462,-77.00728135312914,38.91721846178169
3443,13290,122,122,1,0,1023,TrafficCabinet_2,,{8F92D0D3-2254-48AC-84B6-A6C4115E8B54},,,463,-77.02606199564153,38.917153047933354
949,4358,119,119,1,0,4027,TrafficCabinet_3,,{5979BABC-DA06-4BC6-B457-F91CBAD89FC8},,,464,-77.02407447025695,38.91714842968442
6983,11181,788,788,2,0,,TrafficCabinet_4,,{7D5DD3EF-EEC1-4CA1-B6B4-136772EA2470},,,465,-76.97800731469312,38.91713470678248
1417,11890,509,509,2,0,5071,TrafficCabinet_5,,{135EF1B1-E8D8-48D0-8EFF-230C8C97D545},,,466,-77.05754036347656,38.91709362817571
6983,11567,789,789,1,0,,TrafficCabinet_6,,{D46D77F8-52D1-4637-9DA9-D4F427617E23},,,467,-76.97804742867633,38.91710453641076
3579,2331,74,74,1,0,1187,TrafficCabinet_7,,{D74383F8-ACC0-4489-81D4-BCA2FE0D2EB9},,,468,-77.03218296753984,38.91710067929773
2035,10458,116,116,1,0,1056,TrafficCabinet_8,,{48A2AFBE-54DA-4F0B-A357-5486F1C119A0},,,469,-77.02721087363464,38.9170965109727
2035,10458,112,112,1,0,1056,TrafficCabinet_9,,{A13F7C24-160E-4E1D-BA70-95FCA20E458A},,,470,-77.02721087363464,38.9170965109727
3728,4822,71,71,2,0,2022,TrafficCabinet_10,,{2344463F-1FE9-4F35-ABF5-17B5CC0754D2},,,471,-77.03634134561486,38.91692451811952
6910,8837,797,797,3,0,5146,TrafficCabinet_11,,{539D44BE-9913-430A-8A7B-A88B9D955F47},,,472,-77.00930910683782,38.9169270243614
6910,8837,796,796,2,0,5146,TrafficCabinet_12,,{65476624-A0EF-40E1-A9C9-FFF9C6423027},,,473,-77.00929382742032,38.916919863953495
3442,11794,121,121,1,0,6134,TrafficCabinet_13,,{385984D7-5993-4BA3-BE27-0907AF64C64A},,,474,-77.0251706372017,38.91691571163426
4140,4377,111,111,1,0,,TrafficCabinet_14,,{9BFE6BA7-3B63-4EFC-BB2C-D53988B681BD},,,475,-77.04181627106375,38.91687292500839
6734,5163,64,64,2,0,,TrafficCabinet_15,,{9A1BF4FE-D4CD-4B7C-9E6B-30244C3D261D},,,476,-77.02802521196016,38.916859029991684
5767,10024,73,73,1,0,1223,TrafficCabinet_16,,{088200D6-D221-4161-8C74-4DD0CB98823C},,,477,-77.03464572127895,38.91685164230033
375,5752,104,104,2,0,4103,TrafficCabinet_17,,{A3197F2F-6B25-4243-AB22-B0CC2D98648B},,,478,-77.04688599697832,38.916845894477575
7282,638,68,68,2,0,2062,TrafficCabinet_18,,{C984D51E-B37B-4008-B944-FD86A3C74770},,,479,-77.03838734799737,38.91683873510657
137,5069,508,508,1,0,5065,TrafficCabinet_19,,{FD129BA9-9E6A-4408-99D9-27EC91522645},,,480,-77.056667857026,38.91678286166467
3739,11729,790,790,2,0,5195,TrafficCabinet_20,,{A9A53369-5773-4AC9-96C1-83222CBB781D},,,481,-76.98154049714019,38.91672422301621
6808,12897,675,675,2,0,,TrafficCabinet_21,,{8A91E2E2-16EE-41FC-96B6-26DE3E2E1DA4},,,482,-77.08882967166953,38.91637802885436
374,745,102,102,2,0,4107,TrafficCabinet_22,,{1846E1FC-D806-42F2-8B1A-0BE3B81E4A2D},,,483,-77.04655722083504,38.91614700620979
2883,2329,1005,1005,2,0,3204,TrafficCabinet_23,,{20A29466-5FD0-4508-869A-A59C389C1220},,,484,-77.02181386070497,38.91609961896406
4552,6071,672,672,2,0,5060,TrafficCabinet_24,,{3C3FED3D-247A-4926-BA65-B9189CCF700D},,,485,-77.09485736625334,38.91596282609827
3491,5523,109,109,1,0,2100,TrafficCabinet_25,,{20CA5236-79F1-4895-A477-064175550EEC},,,486,-77.04331647360272,38.91587711967928
2900,6719,69,69,2,0,3111,TrafficCabinet_26,,{3FD03C48-829B-493E-B471-50C6D0AD912B},,,487,-77.0171981332753,38.91588055917217
2900,2350,70,70,1,0,3111,TrafficCabinet_27,,{B1AAE9D5-B40D-492F-9F96-331EA248724F},,,488,-77.01749124959568,38.91585124757931
6348,11426,520,520,2,0,3013,TrafficCabinet_28,,{73C89693-7111-4C92-8B6E-CB6D6D6489AB},,,489,-77.06798394488531,38.91574049773088
5551,10163,140,140,1,0,1222,TrafficCabinet_29,,{FD8C37B0-48D7-437D-A595-8DBD1B3092CF},,,490,-77.03464512329178,38.91569195455838
6348,11426,521,521,1,0,3013,TrafficCabinet_30,,{101F58EA-AC9D-4446-AE75-326A5D7A054A},,,491,-77.0680029339982,38.915641638197606
6167,9103,123,123,1,0,1022,TrafficCabinet_31,,{E6F56637-843A-4FCE-9498-0082BB659D8C},,,492,-77.02639741071694,38.9156327982831
7498,9998,779,779,1,0,5046,TrafficCabinet_32,,{22C4F720-B7B0-48EF-B74F-D2AFF475FE4A},,,493,-77.00753325158875,38.91562152952841
3892,4188,794,794,2,0,,TrafficCabinet_33,,{52C48ADB-1A2A-40B1-8B55-C5E4875EACA9},,,494,-77.01205068514993,38.915604539519755
3892,4188,795,795,3,0,,TrafficCabinet_34,,{67ED9F71-3A44-46DD-8C03-EF9D77AF0922},,,495,-77.0120227881357,38.915579580297965
3670,3604,1006,1006,1,0,3185,TrafficCabinet_35,,{FAE8C7E5-B2AE-45E5-B1EF-49A89DCF2703},,,496,-77.01994541752951,38.915548597741726
3738,8816,791,791,2,0,5199,TrafficCabinet_36,,{2D88F08E-CA92-4DAA-878D-3C6F1F896F3C},,,497,-76.98503127577258,38.91553895525664
6000,5655,148,148,2,0,2020,TrafficCabinet_37,,{915ECBCC-83D9-4B92-99DE-0A0323C9B762},,,498,-77.03668759563894,38.91553330687263
948,1752,118,118,1,0,4026,TrafficCabinet_38,,{31EABD25-4EFA-4BE3-81D3-42CCEA5AF6A5},,,499,-77.02374768413796,38.915525519095496
6175,11387,89,89,1,0,1185,TrafficCabinet_39,,{93AA48FC-3E42-4F0B-861B-2AB198D77337},,,500,-77.0323255001821,38.91552007367127
6175,8778,85,85,1,0,1185,TrafficCabinet_40,,{2D8B5A43-D9A6-4939-9042-D3DADF467F2D},,,501,-77.0317647028402,38.91551665116631
2462,5910,776,776,1,0,3110,TrafficCabinet_41,,{12DDD989-0E73-47AC-89E4-9363BB4FFE57},,,502,-77.0007291451578,38.915490122400946
4851,4556,507,507,1,0,5066,TrafficCabinet_42,,{2D9DA38C-E86F-493E-9BD7-169D22B38767},,,503,-77.05532600884021,38.91546497265889
2882,9699,1004,1004,2,0,,TrafficCabinet_43,,{41EC7B03-B551-47B5-B838-D2DE74F0AF34},,,504,-77.02182387862625,38.91545144038258
436,1440,126,126,2,0,2226,TrafficCabinet_44,,{C4E903D3-171C-41B7-B3A9-2F7385D9E93E},,,505,-77.01422895935413,38.915231772847505
678,5790,674,674,2,0,,TrafficCabinet_45,,{79735309-F961-48A1-8211-E49C1CA1A013},,,506,-77.09296930492131,38.914928213352425
1105,11489,206,206,1,0,2063,TrafficCabinet_46,,{87BA051B-D6B1-48A2-B882-9300A478457F},,,507,-77.03831133524245,38.914797903693525
6347,9498,221,221,2,0,,TrafficCabinet_47,,{2DE9B4B7-7143-4CBC-9DC8-62D4D20E61A8},,,508,-77.06703886021883,38.9146835189662
4035,4150,792,792,2,0,,TrafficCabinet_48,,{C86F194E-516B-41B4-B74A-044FECD1EDF7},,,509,-76.98772700684668,38.914591052021414
2705,6914,127,127,2,0,3055,TrafficCabinet_49,,{D9E2758C-029F-49F0-B3F3-E4423F91AE5E},,,510,-77.0158404961187,38.91424800827849
4868,11530,128,128,2,0,3116,TrafficCabinet_50,,{CD4189B2-B4E6-49C8-93F7-CFB5755BC934},,,511,-77.01736999803478,38.914218585864056
1713,7410,793,793,2,0,5198,TrafficCabinet_51,,{8048E402-F05C-4219-85CD-1CCEE595E08E},,,512,-76.98910861757923,38.91408390246632
4050,10920,147,147,2,0,2016,TrafficCabinet_52,,{A906E83C-5256-4B47-A021-A6FF1655C555},,,513,-77.03668616430559,38.91405096747615
7059,526,151,151,1,0,2086,TrafficCabinet_53,,{19279F1C-0416-4628-9BF6-2411973A561D},,,514,-77.04153388151674,38.914046480155356
4916,6726,141,141,1,0,1221,TrafficCabinet_54,,{0D632EFE-8CD6-4356-8F6B-61E3B2E114F4},,,515,-77.03473878207025,38.91404763506138
5163,10990,117,117,1,0,4024,TrafficCabinet_55,,{0AC6A8C2-C4C3-4AFB-88EF-ADBD7EBF444B},,,516,-77.02379501964279,38.91404543978733
1522,3230,115,115,1,0,1057,TrafficCabinet_56,,{8C260753-8EFA-40DA-8D01-56BC8E9AFEA2},,,517,-77.02685855892413,38.9140408300548
1522,3230,114,114,1,0,1057,TrafficCabinet_57,,{83F88129-FB4C-46FD-9D2E-40A35A8131FE},,,518,-77.02685855892413,38.9140408300548
5315,6930,107,107,2,0,,TrafficCabinet_58,,{5D2B2F25-42AF-41E8-A8D8-F8634C730005},,,519,-77.04617700751503,38.914015451292364
2664,12946,1146,1146,1,0,4079,TrafficCabinet_59,,{841138EB-A982-4754-A16C-0F974EA885D5},,,520,-76.97493638852042,38.91401597039724
2881,2327,110,110,1,0,1183,TrafficCabinet_60,,{DFDFC469-5B5A-45F9-90EA-BCFD4E8018FB},,,521,-77.03209375665188,38.91400964667804
4406,5583,159,159,1,0,3183,TrafficCabinet_61,,{53C7F78D-8C2A-4381-94CA-5EE4ADC5EAD9},,,522,-77.01999239218813,38.91398051760655
5696,9469,1003,1003,2,0,3230,TrafficCabinet_62,,{92CDA08C-45D4-48BA-B762-7C60F7BF511F},,,523,-77.02201938149271,38.91395758728774
560,7223,66,66,1,0,1021,TrafficCabinet_63,,{CF26642F-D57D-4CA8-A464-58905E44F43D},,,524,-77.02592668796869,38.91394067866422
5908,8328,168,168,2,0,6040,TrafficCabinet_64,,{740F844B-1354-43AC-905F-D41A4EDEC3AD},,,525,-77.01767461768165,38.913921436199544
3045,3485,783,783,1,0,,TrafficCabinet_65,,{F4BEED2B-2CBF-43E7-8C93-CBA89873F89D},,,526,-77.01603561701307,38.913897079891576
2439,1654,222,222,2,0,6250,TrafficCabinet_66,,{4AE9DAD5-851E-4B01-B13B-87BD43CAAF5E},,,527,-77.06693467940653,38.913772150937575
3434,3059,510,510,1,0,2208,TrafficCabinet_67,,{6D4D664C-E592-46B4-BC9F-223894E1F25D},,,528,-77.05269016327362,38.91375171511539
800,6337,1156,1156,1,0,5145,TrafficCabinet_68,,{83F95D7F-D764-4243-A1AA-80E62DBD7ADF},,,529,-77.00917551571273,38.91348096825537
4884,11994,172,172,2,0,6039,TrafficCabinet_69,,{5900AEB1-0A65-44E4-87B2-2DCC19503D8B},,,530,-77.02092977552783,38.91281364747055
4684,7601,226,226,1,0,,TrafficCabinet_70,,{0F7A5226-04D0-4FF7-9F01-E52045A68B34},,,531,-77.07548265006666,38.9127642139608
1315,7782,225,225,1,0,3015,TrafficCabinet_71,,{69C6A42C-64D4-4B38-ABB5-4D9B074E0219},,,532,-77.06938868297108,38.912723959120754
86,1717,220,220,1,0,2146,TrafficCabinet_72,,{B9D1324E-F08A-4C15-8E2F-2FD90D6FFA75},,,533,-77.04494897416822,38.912727620503254
1310,11683,146,146,2,0,2015,TrafficCabinet_73,,{11AF2C88-BA16-49C1-B57A-8B10CE3E0602},,,534,-77.03666010222852,38.912721290744024
3322,10731,227,227,1,0,3018,TrafficCabinet_74,,{787B09A4-2092-4E37-8E1A-916357793A5A},,,535,-77.0727961174917,38.912703265619506
6671,1690,223,223,2,0,,TrafficCabinet_75,,{80B00B39-FCB5-4263-9582-34DB5B0C9FC4},,,536,-77.06633792067625,38.9126919497682
4132,8948,160,160,2,0,3182,TrafficCabinet_76,,{D2FE67FA-D487-4191-9C26-2EA6488BB98C},,,537,-77.02003680675465,38.91270567692497
5836,12676,153,153,1,0,5171,TrafficCabinet_77,,{E39680F4-D0D9-4F42-B1EF-2D27ED00357C},,,538,-77.04083209895596,38.912690603093786
5790,12676,152,152,1,0,2085,TrafficCabinet_78,,{A0417A63-4DB2-400A-9D21-01E39E2C8110},,,539,-77.04154967179186,38.91268958440902
6405,9471,193,193,1,0,1181,TrafficCabinet_79,,{23ECD788-8060-49A1-8E0A-6A3D4E15104E},,,540,-77.03177961481603,38.91267660646324
1278,1269,513,513,1,0,4184,TrafficCabinet_80,,{9E21B84C-DF77-45DB-B1CE-E9BB1E4A147B},,,541,-77.04736090406381,38.91267070791127
4557,4944,677,677,2,0,4190,TrafficCabinet_81,,{D89C9F7E-3E92-4456-99D6-B5B523B9013A},,,542,-77.08525387293146,38.91264335724118
337,10607,174,174,1,0,1055,TrafficCabinet_82,,{EC650D9D-C0B6-44AD-AC84-E1529066A8E8},,,543,-77.02729270925045,38.91266862430646
7371,9471,194,194,1,0,1126,TrafficCabinet_83,,{CA99E863-87ED-43DE-8D5E-1B18C18B4E1D},,,544,-77.02985425609579,38.91266741231334
336,703,175,175,1,0,1019,TrafficCabinet_84,,{8D70AF72-AA25-4319-A536-592E958673DE},,,545,-77.02612160480135,38.912666739012444
3008,5563,169,169,1,0,5189,TrafficCabinet_85,,{164F6124-BE12-43E0-8DE7-EDF63B1C9B15},,,546,-77.01723017266407,38.91266414569063
6603,11143,224,224,1,0,3012,TrafficCabinet_86,,{4085D070-6D67-4E77-8F34-1783A225F50F},,,547,-77.06783387496478,38.91261566399875
7161,3906,207,207,1,0,2060,TrafficCabinet_87,,{83793098-F9C6-4885-B4BE-3DCB091C5B8D},,,548,-77.03869902557669,38.91256191525552
4136,4371,137,137,1,0,4022,TrafficCabinet_88,,{965B95E5-680D-491B-A44C-E060B7072035},,,549,-77.02378673133468,38.91256525428732
3920,6680,144,144,1,0,1219,TrafficCabinet_89,,{4ED435A2-6590-47DB-8905-9F08CBF9C8EB},,,550,-77.03483154514589,38.91256128551991
243,11141,1157,1157,2,0,,TrafficCabinet_90,,{A3C5AC9F-830B-4798-A7A8-ED20C77EEEC2},,,551,-76.98326103085667,38.912561522619434
7202,648,213,213,1,0,2107,TrafficCabinet_91,,{77E81BB2-79F0-4653-81E8-8A0CBA4DEC9A},,,552,-77.04349610884495,38.91250780836643
799,5666,1155,1155,1,0,5144,TrafficCabinet_92,,{FEE8E1AD-84EC-48FC-8079-4BD75ECB231C},,,553,-77.0089216767702,38.91248523313179
2697,4999,782,782,1,0,2122,TrafficCabinet_93,,{90FFF735-FA19-4A9F-9B7E-BE20AED6F96D},,,554,-77.01200862102907,38.911975318744325
3293,8809,511,511,2,0,2186,TrafficCabinet_94,,{45090AEF-29DF-4DD4-BD8D-605FD94DDC55},,,555,-77.04887383516413,38.91164662912675
1732,815,138,138,1,0,4023,TrafficCabinet_95,,{A64D0259-E4A9-46EB-9780-4B15C4718970},,,556,-77.0241190683203,38.91140983938603
4369,5237,778,778,1,0,5139,TrafficCabinet_96,,{7A321625-CF88-40C3-8DD9-143DA54DE587},,,557,-77.00919357769995,38.91137671768603
3363,2936,2014,2014,2,0,,TrafficCabinet_97,,{8463392F-7F27-4910-AE53-D4F197F4B336},,,558,-76.93273433072687,38.911302740586535
3689,7865,149,149,2,0,2089,TrafficCabinet_98,,{00744088-3247-4AE9-B2FE-4890AB820F60},,,559,-77.04173495887703,38.911303530953745
3689,7865,150,150,2,0,2089,TrafficCabinet_99,,{F2583AF0-5676-4D98-957E-830232896C6E},,,560,-77.04173498511172,38.91128925272098
7380,7386,208,208,1,0,2059,TrafficCabinet_100,,{2A27EC5C-C761-4330-819C-318C079ED487},,,561,-77.03840036448115,38.91126747005602
1415,4439,197,197,1,0,6133,TrafficCabinet_101,,{CA0B1D47-87FD-467B-A81A-E252F50C9A72},,,562,-77.02857249567207,38.91125490059322
1395,7181,786,786,2,0,2140,TrafficCabinet_102,,{230F41C5-A6BB-4AFD-B397-013F8B4E8134},,,563,-77.01209819062198,38.911248579572955
3682,1845,145,145,2,0,2014,TrafficCabinet_103,,{03581358-868B-4179-85A6-9BF95E259F90},,,564,-77.03668363047397,38.91118726188741
7168,13062,143,143,1,0,1225,TrafficCabinet_104,,{02211FB3-C7FC-48F6-B78E-6557AC5A71D5},,,565,-77.03473690332761,38.911184749016954
1416,5871,198,198,2,0,1125,TrafficCabinet_105,,{D0BFC84E-803A-4E74-9361-DE6E86AEC08A},,,566,-77.0298242899533,38.91118084546199
2646,7729,196,196,2,0,1081,TrafficCabinet_106,,{C2B5BC24-A167-465D-9356-53C043771B04},,,567,-77.02824774658977,38.91118099404475
3734,7283,173,173,2,0,3228,TrafficCabinet_107,,{77F4D2E6-72BA-481D-BAB2-F0B9A1E417B2},,,568,-77.02208673604493,38.91118210500253
428,8919,219,219,1,0,2161,TrafficCabinet_108,,{88C081E9-1C16-4832-983D-65050D895B85},,,569,-77.04475723276936,38.911084770718205
5481,7484,161,161,1,0,3181,TrafficCabinet_109,,{AFFFDF31-D61D-48D8-A1C8-2D1288F00AFF},,,570,-77.0197204059539,38.91108228355621
1731,1218,191,191,1,0,4021,TrafficCabinet_110,,{B4099131-0A53-455A-B242-E6ADB38D7FBD},,,571,-77.02377923761506,38.9110810955452
2863,12348,170,170,1,0,5188,TrafficCabinet_111,,{7BD3B87B-87DD-4BE4-9D7A-A321BD0CD517},,,572,-77.01700691462258,38.91107720597626
5871,8199,512,512,1,0,5070,TrafficCabinet_112,,{AA6C07B7-EA44-4F6D-A661-A247E4E1A235},,,573,-77.04721987089479,38.91104094870232
4362,5252,195,195,2,0,1180,TrafficCabinet_113,,{BD63F187-6107-4802-9ED6-2F06988C5839},,,574,-77.03176653940875,38.91104555069727
4032,9836,514,514,1,0,2199,TrafficCabinet_114,,{6BE6C024-BDCB-49BD-A9BE-12BED25AD0F3},,,575,-77.05054258798033,38.91103462200415
5239,6707,139,139,1,0,1020,TrafficCabinet_115,,{5B15663A-2888-4131-9EB9-46E98FFFCB9C},,,576,-77.02617021177706,38.91098908670182
1662,8927,177,177,1,0,1053,TrafficCabinet_116,,{3769ACD4-B85D-4E97-B5CF-3657FC5D604D},,,577,-77.02692694654544,38.91095763777876
5753,787,474,474,2,0,2174,TrafficCabinet_117,,{20D99ECC-28DA-4588-90A1-38BB4496DE79},,,578,-77.0467012743002,38.910933624545656
4867,7795,780,780,2,0,5196,TrafficCabinet_118,,{02020547-FB5D-463F-8182-BC5729EF045A},,,579,-76.99836278253355,38.91087553765596
3051,7241,228,228,1,0,3003,TrafficCabinet_119,,{354FC4A3-6ABE-4493-8634-BF218662555B},,,580,-77.0662510723125,38.91081496654095
6113,9903,176,176,1,0,,TrafficCabinet_120,,{FA3B52FE-0F3B-455B-B46A-1A45E341F6C7},,,581,-77.02686961654248,38.91076603451385
7189,7241,229,229,1,0,3011,TrafficCabinet_121,,{4B681ED7-BB7B-40F5-9021-964D339913A8},,,582,-77.06776104460165,38.910668273486884
1943,3501,678,678,1,0,4189,TrafficCabinet_122,,{24B133DE-C2AA-4CD1-AB23-5BBFE2E7C73F},,,583,-77.08404719972,38.910648549704845
6456,10397,781,781,1,0,5131,TrafficCabinet_123,,{F6DD329A-B569-4052-B8AC-9CC3A9A8B8A1},,,584,-77.00883577297215,38.91059430769803
3803,5555,231,231,2,0,,TrafficCabinet_124,,{C4C77134-2EE2-4C5E-9420-F23CF88B0F98},,,585,-77.06465087412359,38.910493580389996
3803,5555,230,230,1,0,,TrafficCabinet_125,,{D2DF8DEE-04D4-4FA9-BCB9-D886C23D423E},,,586,-77.06466372929569,38.91049285260836
6949,5357,204,204,1,0,,TrafficCabinet_126,,{75333243-E45F-4BC7-959A-FDF9523DAE17},,,587,-77.02929756989415,38.91040729717643
6949,5357,203,203,1,0,,TrafficCabinet_127,,{BDFEE8D7-E39C-43AE-A4D7-23DDB70E86C8},,,588,-77.02930313418692,38.91039600832616
6949,5357,202,202,1,0,,TrafficCabinet_128,,{0CED40EA-BCF3-4A9F-9DD9-848C76C6DEE8},,,589,-77.02930829444739,38.91038353948392
883,2123,1135,1135,2,0,5122,TrafficCabinet_129,,{5DA1E732-E24D-4C02-9918-D445C9E99C9B},,,590,-76.98564194592679,38.9103640472486
4883,10720,218,218,1,0,2157,TrafficCabinet_130,,{39EC2FA6-176B-477B-BE2A-0039ADB2DEA7},,,591,-77.04502753194038,38.910302103011084
41,11980,192,192,1,0,1082,TrafficCabinet_131,,{419191D9-38AD-4CDA-B2FA-6A894E341028},,,592,-77.02822852149822,38.910004229774366
6701,12183,519,519,2,0,2184,TrafficCabinet_132,,{58DAB7B4-C0B5-4ADC-BDD1-0DB74C8DBF8B},,,593,-77.04872769358154,38.90977658494933
3156,10897,190,190,2,0,3224,TrafficCabinet_133,,{F59407EA-E515-4C3C-9C30-96FA2DDE6100},,,594,-77.0218231773409,38.909768700393876
4780,5376,515,515,1,0,2198,TrafficCabinet_134,,{7AD53209-108B-4FA9-B185-2ECDA4532218},,,595,-77.04922211139385,38.90975685661441
4780,11675,516,516,3,0,2198,TrafficCabinet_135,,{28464562-8330-4AA0-BBE2-CB4BFA1343AD},,,596,-77.04918082398831,38.909741172454666
5867,5380,209,209,2,0,2057,TrafficCabinet_136,,{5EC6659D-D08B-4D59-85A4-C1F1FCF82A2D},,,597,-77.03835368975525,38.909721509422575
4115,11669,217,217,2,0,2159,TrafficCabinet_137,,{0F35FCD3-7065-4D48-ADDD-176ADE238691},,,598,-77.04507137672888,38.90971308446899
5848,5380,205,205,2,0,2011,TrafficCabinet_138,,{1323994C-055B-46F4-8689-B9D031C498F0},,,599,-77.03670662149922,38.909709093514024
5341,8186,785,785,1,0,2139,TrafficCabinet_139,,{0DC89EB5-659B-4588-ABA9-D87FE70B32C5},,,600,-77.01202491063562,38.90970426882731
3681,7108,162,162,1,0,3179,TrafficCabinet_140,,{EA3F0134-5F1A-4482-9972-22A2E340CE87},,,601,-77.0201381511993,38.909702143065225
741,30,171,171,1,0,3105,TrafficCabinet_141,,{49D24D7B-F9E6-4AB4-8377-6A562905D0F3},,,602,-77.0160195235384,38.90970162735182
2481,8186,1154,1154,1,0,5143,TrafficCabinet_142,,{6CD4D10A-D4D6-4A47-A218-B656C38D3172},,,603,-77.00927374676147,38.909697898496376
5594,10936,188,188,1,0,4019,TrafficCabinet_143,,{C8134FBE-0051-41E6-A7F9-F4948638B811},,,604,-77.02418227457294,38.909603437247554
5934,4330,136,136,1,0,1018,TrafficCabinet_144,,{6FF279C8-9B45-4C1F-84B1-ADE81826B5C1},,,605,-77.02585617414724,38.9096013942208
7171,594,178,178,1,0,1050,TrafficCabinet_145,,{22F935F1-E965-42DD-90C3-5CAB0C00EB52},,,606,-77.02721259101186,38.909600653753245
2899,641,158,158,1,0,2082,TrafficCabinet_146,,{39E245AB-CC73-40B1-BEA8-78F01D6C1C14},,,607,-77.04153729196696,38.9095877280206
6415,13189,199,199,1,0,1179,TrafficCabinet_147,,{DF35679E-7B49-48C4-981B-4E212FBBD9E4},,,608,-77.03213999644797,38.90958930379306
4780,4766,517,517,2,0,2198,TrafficCabinet_148,,{74BE9883-2085-4E51-9517-4CE32A80FDC2},,,609,-77.04962310488412,38.90955726022775
3395,2986,518,518,2,0,2176,TrafficCabinet_149,,{8EE03B06-2072-4911-9A43-DD02DD57CB24},,,610,-77.04669724737212,38.90952031594368
7423,913,142,142,1,0,1218,TrafficCabinet_150,,{56B53053-3F2D-46E1-983E-13FBF0031987},,,611,-77.03467337263427,38.909523872463566
2756,2420,245,245,2,0,2219,TrafficCabinet_151,,{85B09937-748F-4861-B9C9-1A5107A20DED},,,612,-77.05705295926344,38.909451965907095
4003,8594,157,157,2,0,,TrafficCabinet_152,,{33E345F6-5A73-4A48-B368-26FAB33ECD4E},,,613,-77.04286255695445,38.909417369955385
4003,8594,154,154,1,0,,TrafficCabinet_153,,{10861C99-28A0-4AC8-B520-02F5C7D535E5},,,614,-77.04284880887856,38.90940962782072
4003,8594,155,155,1,0,,TrafficCabinet_154,,{5435D314-E306-4EBD-888C-8057F70B6899},,,615,-77.04285394556169,38.90940035634873
4003,8594,156,156,1,0,,TrafficCabinet_155,,{1AB37C01-A1A6-4C36-9AEC-C43C4AD072B3},,,616,-77.04285821656235,38.90938949972514
1214,8638,236,236,2,0,6246,TrafficCabinet_156,,{3E828CD8-A5C3-4688-AE9A-CE0166051B4E},,,617,-77.06419906479368,38.9093291764487
989,248,244,244,1,0,,TrafficCabinet_157,,{0C28B652-B60B-4249-ABBA-69D76039B5CB},,,618,-77.05917279331543,38.90924571939322
2898,4097,212,212,1,0,2079,TrafficCabinet_158,,{FAAF0E62-138E-485A-9DB4-944A52FA5348},,,619,-77.04180204622851,38.90916899773954
4170,4451,1161,1161,1,0,5123,TrafficCabinet_159,,{5D040767-E4BE-44B3-A8C7-C121B7368751},,,620,-76.98238622051244,38.909015160764575
6414,5855,200,200,1,0,1182,TrafficCabinet_160,,{411B4D05-2201-4144-BD25-19E464DF89D3},,,621,-77.03216128379285,38.90885544204831
671,12669,1022,1022,2,0,,TrafficCabinet_161,,{3B83B368-A021-4FC3-94B9-679359EFFAF7},,,622,-77.0864372182959,38.90882541704178
3194,8191,189,189,2,0,3223,TrafficCabinet_162,,{FCD64C3A-DBCB-4D6A-A6AB-EF8EA4E58F65},,,623,-77.02181826236512,38.90874037164793
3680,9194,163,163,1,0,3178,TrafficCabinet_163,,{E5BA5E55-5F2B-47F9-B035-D24E43CD8399},,,624,-77.02006375072902,38.908681456263785
5340,7219,784,784,2,0,2138,TrafficCabinet_164,,{EDAD31EC-EA4F-498A-97D9-DF868527299F},,,625,-77.01228935288864,38.90867510990876
42,496,201,201,2,0,1121,TrafficCabinet_165,,{768A5064-46CA-4B0A-B57B-56AC43A77139},,,626,-77.02984696595294,38.90866534050898
7266,1678,187,187,1,0,4018,TrafficCabinet_166,,{6193C4EE-DC37-40FC-9285-5061E3E3D053},,,627,-77.02414137293904,38.90863312074895
3550,4930,216,216,1,0,2158,TrafficCabinet_167,,{BF131613-0C4F-4BD4-B531-F529669A975B},,,628,-77.04506989432083,38.90804230693044
3777,3947,536,536,1,0,1220,TrafficCabinet_168,,{BAF39842-2EC3-4627-938C-6DC4AA5C34B9},,,629,-77.03474896935984,38.90795433475949
5316,6931,210,210,1,0,2053,TrafficCabinet_169,,{1ACBDBD6-0259-4265-9131-A196C4835EC5},,,630,-77.03828574090818,38.90778114280353
3777,8371,537,537,1,0,1220,TrafficCabinet_170,,{00AF9B3C-4FB2-461A-844B-9583A5263455},,,631,-77.03469241231222,38.90775455541322
2592,9460,1162,1162,1,0,,TrafficCabinet_171,,{EEDE8EB8-E26D-4452-9112-8AE6C9327658},,,632,-77.00210885005814,38.907668505081936
6911,2405,463,463,1,0,,TrafficCabinet_172,,{C78F30B5-E22C-492F-99D6-9D4FBB4752E9},,,633,-77.0367574053007,38.90759684539466
6579,1610,237,237,2,0,6235,TrafficCabinet_173,,{343D2F2B-6945-4570-AEF1-5050FB1AF642},,,634,-77.0632190270256,38.907571740607374
6911,2405,462,462,1,0,,TrafficCabinet_174,,{327066A7-4471-4E5E-BA99-D44356AF43BE},,,635,-77.03677164719504,38.90758040968491
4990,5829,255,255,1,0,2183,TrafficCabinet_175,,{974E4D50-866C-4AE2-AF1B-5230E52E85A3},,,636,-77.04873813814942,38.907361784905284
5107,7762,134,134,1,0,5186,TrafficCabinet_176,,{C2EFEC37-DF1E-4470-BF5E-8672D13E0EE3},,,637,-77.01528088089704,38.907334603073224
3193,10858,135,135,2,0,3221,TrafficCabinet_177,,{4BB2D793-D8C3-4DB4-93B6-CBB894680714},,,638,-77.02213797303713,38.907311641635914
412,4783,186,186,1,0,4016,TrafficCabinet_178,,{591B1FFA-2506-4D16-9F4A-34E907FACC04},,,639,-77.02375414936662,38.90731090080528
5511,8245,543,543,1,0,1120,TrafficCabinet_179,,{08CEB2AE-7F8B-493E-AABF-2A7EA7D6B6DE},,,640,-77.02982105207074,38.90729773579557
6906,12535,890,890,2,0,5142,TrafficCabinet_180,,{7901356E-C63E-4CBD-8C2E-DB62758CA98B},,,641,-77.00874394756745,38.90729342249209
3458,3672,211,211,2,0,2081,TrafficCabinet_181,,{768E3876-5D95-4880-B1C7-BC6FB591F24A},,,642,-77.04177227422792,38.907216061616204
6728,791,1145,1145,1,0,,TrafficCabinet_182,,{1542CB4D-8227-4303-9977-C527E31B4BBF},,,643,-76.97900507972457,38.90721660812203
6728,791,1144,1144,1,0,,TrafficCabinet_183,,{AE888937-759B-41F7-A93B-1957EAFD61CC},,,644,-76.9790106041917,38.90721014112009
3549,4876,214,214,1,0,,TrafficCabinet_184,,{3C429BCE-F3E7-4294-BF19-7B2EA55F323A},,,645,-77.0447309298925,38.90720106641209
3852,12756,467,467,1,0,1177,TrafficCabinet_185,,{6891007E-7D5F-4473-855F-51C7E8490EEB},,,646,-77.03217006204636,38.90720329062676
4009,4104,215,215,1,0,5169,TrafficCabinet_186,,{CFDCA63F-875E-4F57-8746-4EC5B7C4B168},,,647,-77.04591579450764,38.90715319580945
4553,4998,164,164,1,0,3176,TrafficCabinet_187,,{EB16FAF9-CD41-42DF-A761-9FDF84EA36BF},,,648,-77.02001134067699,38.90713250689684
6918,8124,891,891,1,0,,TrafficCabinet_188,,{D76A0E76-34AF-4FF0-8257-8B5C1BE9308E},,,649,-77.009378049089,38.9070989190901
5006,29,833,833,1,0,3090,TrafficCabinet_189,,{E50B14DE-C91B-4602-92FA-91DF43593E6E},,,650,-77.00068007090162,38.907092951761356
3918,9564,238,238,2,0,6244,TrafficCabinet_190,,{D844C67E-DEA1-4E61-9519-72BC2B5E1D44},,,651,-77.06329472589833,38.90691840502079
6902,2405,464,464,1,0,,TrafficCabinet_191,,{4C8B86B3-2B4E-40CD-831E-78806BB9EA69},,,652,-77.0367658953141,38.90691194693832
6001,3830,535,535,1,0,,TrafficCabinet_192,,{044E84DE-6681-4DE0-AAB6-E1FD3B714241},,,653,-77.0347762360713,38.90672370509349
6207,2294,681,681,2,0,,TrafficCabinet_193,,{78E5B298-206C-4D38-A606-304BB5313382},,,654,-77.08114701424792,38.90661941745039
4090,4291,1163,1163,1,0,3127,TrafficCabinet_194,,{70B9ED45-FEF0-4AD9-8101-F26ABED5D092},,,655,-76.99937345513764,38.90657728715049
933,4038,525,525,1,0,2061,TrafficCabinet_195,,{27DB4164-4393-4976-ACFB-16470232A4C0},,,656,-77.03873164072282,38.906567634216344
3457,528,538,538,2,0,2067,TrafficCabinet_196,,{22222B32-816B-4AFC-9CE7-6B4061D39B6C},,,657,-77.04183554010153,38.90641743071869
1343,2419,267,267,1,0,2175,TrafficCabinet_197,,{82A819A0-7C02-4B4E-8491-9E59F725F017},,,658,-77.04671183631584,38.906375018186594
911,2817,539,539,2,0,,TrafficCabinet_198,,{6A1E664A-843C-42C0-B0BC-108A981B820D},,,659,-77.03171413784762,38.90630556205756
4091,7233,1164,1164,1,0,3162,TrafficCabinet_199,,{0936D318-D819-4051-8096-4D087F33784D},,,660,-76.99853140131425,38.906158607542395
6505,12504,839,839,1,0,2136,TrafficCabinet_200,,{4642C834-782B-49BB-BEE2-1277044EA3EB},,,661,-77.01230263823359,38.90608746043538
6505,12504,838,838,2,0,2136,TrafficCabinet_201,,{E38D75C9-7234-4364-8D88-8ED44630A212},,,662,-77.01226777171243,38.9060741857936
6332,9775,239,239,2,0,6248,TrafficCabinet_202,,{724BDF7A-932D-4C46-BC1E-DA7FFD4BC169},,,663,-77.06301780186213,38.90596423693445
6206,9246,686,686,2,0,4094,TrafficCabinet_203,,{ADE1CCEA-126C-467D-8771-D4DC4A7B2178},,,664,-77.0795563147328,38.905838613393435
713,173,540,540,2,0,,TrafficCabinet_204,,{F9B5464E-43A6-49D3-B310-52C4D89F4AA7},,,665,-77.03136557213776,38.90582694338051
2674,6126,831,831,1,0,,TrafficCabinet_205,,{C8BCD8B5-2F90-4E8E-A3FD-F432C1B0F8CA},,,666,-77.0029600696886,38.90576064431549
6274,10134,461,461,2,0,,TrafficCabinet_206,,{DDB820D4-15A0-47DB-A364-61230D290A9C},,,667,-77.0414072918995,38.90575113644505
2506,12504,840,840,2,0,2132,TrafficCabinet_207,,{B384E0E3-02EF-4A52-9ADC-14F88EDBDFF1},,,668,-77.01226310509968,38.90575466908962
932,184,526,526,1,0,2051,TrafficCabinet_208,,{BE7C4DB5-10BB-4F23-90D2-9F7AE4BA0AA2},,,669,-77.03870215077754,38.9057212373332
1264,2165,184,184,1,0,,TrafficCabinet_209,,{14693E76-9A3E-4FA4-963C-55171B346ACD},,,670,-77.02419717760641,38.90571486356599
3390,7902,544,544,1,0,,TrafficCabinet_210,,{A0B3D475-2B54-4128-9D14-E3F04E15D306},,,671,-77.02797431143183,38.90571066906014
2662,11253,826,826,1,0,2131,TrafficCabinet_211,,{E9F7031C-B11C-4D23-ACE8-7BB5E0741533},,,672,-77.0060313548685,38.90570306180791
4577,3516,1174,1174,1,0,3171,TrafficCabinet_212,,{18046FC3-8D4E-4757-9D66-7947447DEEA3},,,673,-76.99827803531102,38.905701700540945
2889,12950,268,268,1,0,2173,TrafficCabinet_213,,{0D7F7C01-6D68-4D9F-A5BD-2900219AB629},,,674,-77.04679543464111,38.90568953024288
3991,3864,468,468,1,0,1115,TrafficCabinet_214,,{84AD3BD6-41B4-4458-A4DC-483F863B907C},,,675,-77.02983444577829,38.90560825230971
3753,2165,185,185,1,0,1014,TrafficCabinet_215,,{F7BF5F36-60C2-4836-A8CF-141DD5AB6AAB},,,676,-77.02581726856924,38.90560845243989
932,8343,527,527,3,0,2051,TrafficCabinet_216,,{720FBD25-5ABB-41B5-9FC9-CAB8F5906419},,,677,-77.03830255722436,38.90560317944901
6900,8343,533,533,2,0,2003,TrafficCabinet_217,,{7EDAB111-9B71-4ABB-9AA2-A68A20C00708},,,678,-77.03674337083409,38.905598905809285
2936,2409,183,183,2,0,3217,TrafficCabinet_218,,{CEB4062F-9EFB-47F2-A5CC-1490DD7DC376},,,679,-77.02211851074964,38.90559928408823
711,4393,542,542,2,0,,TrafficCabinet_219,,{9C826C41-617A-428A-9270-ACDF23A0CCAC},,,680,-77.03274507408847,38.90558898760846
7411,11513,270,270,2,0,2156,TrafficCabinet_220,,{FCF5A103-4144-48EE-8332-DCA4B4F8BC86},,,681,-77.04473340876282,38.905583480914935
6183,12086,777,777,1,0,2050,TrafficCabinet_221,,{25727D00-682A-44C2-87AD-9CAFC63220AB},,,682,-76.97916177875865,38.905586521163926
7109,7809,261,261,1,0,2105,TrafficCabinet_222,,{C3293851-DCC6-49FC-AB16-7D9E0BD58950},,,683,-77.04332583022483,38.90557956127239
6916,11253,1198,1198,2,0,5140,TrafficCabinet_223,,{4BAC6A45-716C-48C7-8A11-8C8BC16EF7FB},,,684,-77.00880187739295,38.90556931005371
3068,7014,165,165,1,0,3172,TrafficCabinet_224,,{3BC7430B-BF54-4613-9E04-8CA7B88DE2F5},,,685,-77.02000099437456,38.90555429976042
4524,4875,834,834,2,0,3101,TrafficCabinet_225,,{B95589A9-6315-474D-82FD-1720DE4284FD},,,686,-77.00050993280506,38.90554207508705
376,5270,460,460,2,0,1215,TrafficCabinet_226,,{5242FB92-D7F0-4987-8368-1852DD9B8BAA},,,687,-77.03470053321574,38.90553558015637
3805,6936,837,837,2,0,,TrafficCabinet_227,,{20C90EA1-707B-41AF-A4EC-FD5AC62BA975},,,688,-77.01495515931455,38.9054961761148
2010,3929,836,836,2,0,5190,TrafficCabinet_228,,{E6F54BFE-FFB5-431F-8B3C-C45A6E651553},,,689,-77.0149910574578,38.90542504156961
399,4081,254,254,2,0,2182,TrafficCabinet_229,,{3FE40D24-4DE4-47AD-9583-0794494FF252},,,690,-77.04870085677241,38.90540992496079
2034,1764,248,248,2,0,2214,TrafficCabinet_230,,{6A2CBCB8-8E7E-4688-9800-366DCCC047CC},,,691,-77.054830519301,38.905381427046954
7361,3995,243,243,2,0,2248,TrafficCabinet_231,,{E435808C-3C6A-4447-B3FB-9250F2A1794A},,,692,-77.06123737184183,38.90536799297408
3006,13043,251,251,3,0,2207,TrafficCabinet_232,,{9244A10E-9441-40E0-B9FD-C8EB35A8BE1A},,,693,-77.0512564857885,38.9053497188582
3006,13043,252,252,2,0,2207,TrafficCabinet_233,,{0D079EAC-5B93-423B-A6C2-2AEADCBE5EA1},,,694,-77.05128486420551,38.905180844823825
78,7982,247,247,2,0,,TrafficCabinet_234,,{11A1D140-79A7-443A-BD25-CE3CC85ED27E},,,695,-77.05716979749695,38.90517493330241
5003,5856,232,232,2,0,3017,TrafficCabinet_235,,{5C1DF0E9-05AC-4691-A798-D8CF575315FE},,,696,-77.0703164049464,38.90515504956996
995,13185,269,269,2,0,5167,TrafficCabinet_236,,{0D34E494-B6BC-42E8-AF26-001F258D0B0B},,,697,-77.04779806056271,38.905133516166764
5772,10,253,253,2,0,2196,TrafficCabinet_237,,{ED6403C6-6C3C-4CD2-90F9-4AAFB92F3C94},,,698,-77.05004576837689,38.905129638207946
2033,6460,250,250,2,0,2212,TrafficCabinet_238,,{0AF09D98-4B91-49D6-8323-1D2A913A7D64},,,699,-77.05336078534933,38.905123495778604
2034,8005,249,249,3,0,2214,TrafficCabinet_239,,{034A9989-776D-45E7-8DB3-A95149578C20},,,700,-77.05482728638734,38.90512024036547
6891,13176,1165,1165,2,0,,TrafficCabinet_240,,{C4FA8A88-F278-47D3-B2CB-3BDF4F3F5F20},,,701,-76.99610880635285,38.90511495255128
2945,10588,246,246,2,0,2223,TrafficCabinet_241,,{08CFC5DC-F979-4A27-AD90-60CAAB5D48A5},,,702,-77.05803938422649,38.90507307947918
2946,6784,241,241,2,0,2241,TrafficCabinet_242,,{2D78E1B0-0BD1-4BC7-8D56-F9AFC700D84A},,,703,-77.05922412364264,38.90506648533844
6829,10724,242,242,2,0,,TrafficCabinet_243,,{49DF37AD-C69B-4249-A18B-DF37FC292CF3},,,704,-77.06023134080286,38.905061943670496
5671,3141,240,240,2,0,6242,TrafficCabinet_244,,{309FF3C4-AA6C-45E0-BCD2-EF7F470DBEB1},,,705,-77.06290193820142,38.905027971108574
1268,8978,235,235,2,0,3002,TrafficCabinet_245,,{D7167096-7772-4A9D-934D-6361948393D9},,,706,-77.06607498975465,38.904956161633834
1335,5551,234,234,2,0,3007,TrafficCabinet_246,,{42EEDF29-FD3C-44D2-9371-38E63E1E549B},,,707,-77.0677678845854,38.90494364320281
864,7387,233,233,2,0,5044,TrafficCabinet_247,,{5AE54334-4F10-42AC-BFFC-A65D88741E25},,,708,-77.06892793277251,38.90493219955869
5136,10168,541,541,2,0,,TrafficCabinet_248,,{3D2FEA16-B582-4F0D-9E1D-FD5FF7D4FA96},,,709,-77.03210157954345,38.9048764704036
639,13684,1166,1166,1,0,3241,TrafficCabinet_249,,{FF4456F5-EF7A-45B7-8C3A-1CC237A11BCB},,,710,-76.99478457861665,38.904858108876994
5768,11616,469,469,1,0,1117,TrafficCabinet_250,,{36970C02-27C9-4B66-BF4D-E2CC7FD47E0D},,,711,-77.02982908434022,38.9047802689887
4813,12117,528,528,1,0,2039,TrafficCabinet_251,,{60FA1AF4-A2D7-41C9-AC55-284BBCD8C676},,,712,-77.03839988786875,38.90477166753689
6287,6686,133,133,2,0,3106,TrafficCabinet_252,,{B14F8F56-1EA1-44AD-B3E8-4C39175F0BA6},,,713,-77.01625571891189,38.904628642189095
4814,6432,320,320,2,0,4104,TrafficCabinet_253,,{F457BF61-89CD-43BD-A045-38A383A274AD},,,714,-77.04064595084768,38.904551004758076
1756,7830,354,354,3,0,1078,TrafficCabinet_254,,{2B573EAF-D4D8-4152-8D3D-BB2CA0CBD960},,,715,-77.02825911543187,38.90445988986464
3041,8440,179,179,1,0,1013,TrafficCabinet_255,,{257C2DFF-19D8-413A-B041-17A46A9A61B1},,,716,-77.02588654253827,38.90429393829412
1263,3521,181,181,2,0,,TrafficCabinet_256,,{664502B4-74B5-4A5A-BE70-E5455148BA12},,,717,-77.02421911442615,38.904279765406535
3067,11459,166,166,1,0,3186,TrafficCabinet_257,,{CA2676BE-18C9-4578-9831-3965192AA05F},,,718,-77.02009210375842,38.904267729230945
4404,11459,182,182,2,0,3216,TrafficCabinet_258,,{6A07AA44-953D-467A-B31F-022BA8266C8B},,,719,-77.02174053080721,38.904242976402706
1756,1586,355,355,1,0,1078,TrafficCabinet_259,,{454D7C75-30CE-4031-8719-38334483E64B},,,720,-77.02817419559078,38.904202676835546
4407,1202,282,282,2,0,2215,TrafficCabinet_260,,{566F53BF-4F94-45B9-9257-F8CFDF0F7D09},,,721,-77.0546154481982,38.903940740600206
3459,545,2015,2015,1,0,6086,TrafficCabinet_261,,{9828C22C-6179-49C9-B42A-BF32293B3CA4},,,722,-76.92386926774944,38.903887950115376
3584,8042,841,841,1,0,4186,TrafficCabinet_262,,{C76B8DC3-3709-4806-AECC-3BADE2085BC8},,,723,-76.99309144482731,38.90389793779433
6091,1504,260,260,1,0,2077,TrafficCabinet_263,,{4B19E8BE-4EBF-4046-A596-ACA4077B88DB},,,724,-77.04160202237237,38.903879401672846
6839,2115,258,258,1,0,2155,TrafficCabinet_264,,{8347E22A-900C-43EA-9999-67E4618DF8DE},,,725,-77.04480871650527,38.90387623390088
6559,3236,772,772,1,0,2048,TrafficCabinet_265,,{2CDA5AB4-AA39-40DD-A394-D41423001CFE},,,726,-76.97891519295261,38.903836144950255
6913,8412,530,530,2,0,2001,TrafficCabinet_266,,{66337CDB-D017-4D05-A528-5B5F95A49D72},,,727,-77.03672281810593,38.9038146187059
6915,5964,529,529,1,0,2049,TrafficCabinet_267,,{84B090E0-3D9E-484F-AEAD-233EDE1932FC},,,728,-77.03869348358394,38.90381354120919
762,9146,827,827,1,0,,TrafficCabinet_268,,{40256E27-0588-4D83-821C-FE69D6AD05B5},,,729,-77.00600125486342,38.90381521893697
6330,8497,277,277,1,0,2195,TrafficCabinet_269,,{373B3CFF-8B5F-42EB-BDBC-C6C64AC93A0D},,,730,-77.05022745249501,38.90380094506921
5035,11349,167,167,2,0,3177,TrafficCabinet_270,,{92FADDAE-FECA-4831-B504-72034CF43367},,,731,-77.0197545255723,38.903806613131465
7232,9712,259,259,1,0,2104,TrafficCabinet_271,,{895AA71E-95AB-4EDC-8BEC-72B8BCC4827A},,,732,-77.0435823594975,38.90368506309888
6840,1341,257,257,1,0,2172,TrafficCabinet_272,,{EF933935-BFEA-4FEA-AF0C-97D431628976},,,733,-77.04681995456265,38.903683468108824
6913,8412,532,532,3,0,2001,TrafficCabinet_273,,{A0DA0EBF-852F-472C-9DA6-9B1CF236619A},,,734,-77.03673397900569,38.90368226444604
5138,5964,319,319,2,0,4106,TrafficCabinet_274,,{3EEC9467-B113-46D6-A70B-44C609300AC5},,,735,-77.0397302186896,38.90368057222682
160,9146,1199,1199,1,0,5138,TrafficCabinet_275,,{B2A71703-12D1-46F3-8C84-3AE2C5DD10CC},,,736,-77.0087948425014,38.90368227686377
7026,7643,465,465,1,0,1170,TrafficCabinet_276,,{52C15C8F-3336-42EE-893B-07BE526211FB},,,737,-77.03173800883563,38.903675215663746
2911,2383,276,276,1,0,2206,TrafficCabinet_277,,{73064DDC-0B72-401A-B290-DD86446E4095},,,738,-77.05147817570914,38.90365311402773
5050,6253,256,256,1,0,2181,TrafficCabinet_278,,{67608DDF-2AC0-43F5-A204-B5D8849235C3},,,739,-77.04920929622861,38.90363262484965
2393,3451,356,356,1,0,1075,TrafficCabinet_279,,{BC7FCB18-6939-4C1C-A105-E58F97FA72D0},,,740,-77.02817492973662,38.90363878069967
5549,6436,466,466,1,0,6131,TrafficCabinet_280,,{EDEBCF81-D5C2-4DF2-B3C3-062716A07263},,,741,-77.03325207756689,38.90363495056047
6708,5677,470,470,1,0,1113,TrafficCabinet_281,,{035E026D-CF93-4F92-A6CE-2844A18228BF},,,742,-77.0297574356082,38.903628785407385
5550,8344,534,534,1,0,1212,TrafficCabinet_282,,{2C471C9E-BEEA-4D95-A8FD-85AD3DEDCB91},,,743,-77.03443601046347,38.9036266892261
6913,7688,531,531,3,0,2001,TrafficCabinet_283,,{EC6053A8-C565-4F80-AFA7-6FE1F9391C07},,,744,-77.03643143577078,38.90360535576655
3596,4323,132,132,2,0,,TrafficCabinet_284,,{7D91B9CA-FA3C-47B6-A5C1-846EC4B1CD39},,,745,-77.01905366507046,38.903543766670985
1537,12732,281,281,2,0,2211,TrafficCabinet_285,,{19F0EBC7-E8D7-4018-A261-85556CDBE73F},,,746,-77.05337100543562,38.90348204273694
6830,1820,180,180,1,0,1015,TrafficCabinet_1125,,{BB8C795E-3FB6-406A-8F60-0C7FFC09E4F5},,,747,-77.02607788976842,38.90348025216186
3310,12262,2020,2020,1,0,6085,TrafficCabinet_1126,,{D29DA48D-8988-4D59-B989-7224B15D5C88},,,748,-76.93178407036486,38.903227374086924
32,9054,1176,1176,2,0,1068,TrafficCabinet_1127,,{7007693B-25A9-41B8-8E81-BDAB1082093F},,,749,-76.99017685458276,38.90288933389909
5573,10864,405,405,2,0,4014,TrafficCabinet_1128,,{7B66EB50-0CA0-4E69-B199-B93F89332CD4},,,750,-77.02419652543755,38.90284095565125
2620,1911,2021,2021,1,0,,TrafficCabinet_1129,,{F6AF9794-DA05-41DC-8340-576DEA7D42A7},,,751,-76.93765638926567,38.902813739419294
101,11502,278,278,2,0,2205,TrafficCabinet_1130,,{CE06D57B-AD60-4698-BFC0-06623577725E},,,752,-77.05132242539246,38.902776867649095
714,4141,325,325,2,0,1166,TrafficCabinet_1131,,{FE60DFF3-4F6B-4D54-AFD2-96B45D8881CF},,,753,-77.03182538490867,38.90276948280988
4300,12343,311,311,2,0,2103,TrafficCabinet_1132,,{E67EAB6C-7C35-4B8C-94CE-2E18713C0D2B},,,754,-77.04339519935502,38.902753686766445
720,11313,295,295,1,0,,TrafficCabinet_1133,,{40510CD1-8D58-43B8-912E-7B77FF4A065D},,,755,-77.03840248449626,38.90274227347547
4403,6068,416,416,2,0,3222,TrafficCabinet_1134,,{876A421C-443C-4E50-A4C2-CE410E17D722},,,756,-77.02173821302988,38.90272836609007
4,5677,326,326,2,0,1109,TrafficCabinet_1135,,{9F36B425-B73C-4D3D-8985-DBA9A9586CBF},,,757,-77.0294932252238,38.9027238189535
6831,5414,1147,1147,1,0,4081,TrafficCabinet_1136,,{D6F3660A-C98B-4DE9-829A-2F1BB9B203B1},,,758,-76.98143422152539,38.902707681329055
1757,12077,298,298,1,0,1251,TrafficCabinet_1137,,{3FC3B84E-83B7-4125-A0AA-6B3CE0AAC6E1},,,759,-77.03672935908479,38.90268085201782
1271,1820,433,433,2,0,1012,TrafficCabinet_1138,,{F38588FA-478C-45CB-B91A-A96C71BFD73D},,,760,-77.0259062358636,38.90264885515669
6598,8693,835,835,1,0,3098,TrafficCabinet_1139,,{7B9806D4-FD00-4DD2-925C-CF98F9CAF5FF},,,761,-77.00064611114885,38.902643942903104
4348,11965,1173,1173,1,0,3169,TrafficCabinet_1140,,{C8CDEBF1-E030-4FE2-9B8A-FA91269BC38E},,,762,-76.99835771431005,38.9026380777558
1272,1264,361,361,2,0,1045,TrafficCabinet_1141,,{DE5F05DC-625D-4F4E-A9C1-D06E9A82DCFD},,,763,-77.02679593077737,38.90260867538088
3514,4421,1201,1201,1,0,2145,TrafficCabinet_1142,,{66FB1EAA-40C4-43A4-9FBD-3E951DF0F17B},,,764,-77.011085190844,38.902597142673145
4299,8625,310,310,2,0,2075,TrafficCabinet_1143,,{8C4772D4-AA6E-439D-A699-5B8BD9541520},,,765,-77.0415162388707,38.90245753524622
717,8625,294,294,2,0,2035,TrafficCabinet_1144,,{18E8BFE6-5BF6-4AF3-A28E-D4B305F34540},,,766,-77.03967731319027,38.902458012140166
5458,7158,312,312,2,0,2154,TrafficCabinet_1145,,{45A94D21-D1EF-4019-A5F3-29CBEDB993B2},,,767,-77.0451208230422,38.90245191066394
7303,7997,832,832,1,0,3045,TrafficCabinet_1146,,{D31401EF-711F-41B1-8896-9767D1F14378},,,768,-77.00190442075736,38.9024588164345
4934,4079,845,845,1,0,3134,TrafficCabinet_1147,,{B52BCAF4-17F1-4A57-9E78-212DD803BE4B},,,769,-77.01877967435729,38.90245670069875
2865,10226,1167,1167,1,0,3243,TrafficCabinet_1148,,{00C3D7D7-6D0F-4A95-BF11-077F38965913},,,770,-76.99481998548133,38.90245699664813
2168,9531,829,829,2,0,2234,TrafficCabinet_1149,,{610458A0-DB9C-4918-AC25-A0C8E6664278},,,771,-77.00341517342126,38.9024542598179
5459,4421,1200,1200,2,0,5136,TrafficCabinet_1150,,{C052D5AE-B456-4F34-B14A-91FCD80C2788},,,772,-77.00928663613398,38.902431248484575
2168,1100,830,830,2,0,2234,TrafficCabinet_1151,,{8C3A6482-5F69-4DAF-96A5-8FA0E639BB84},,,773,-77.0036866704123,38.902428226419566
3722,5823,425,425,1,0,3170,TrafficCabinet_1152,,{26951034-C612-414C-8944-B8551B11D189},,,774,-77.01975031548436,38.902425227574916
4349,11113,1170,1170,1,0,3215,TrafficCabinet_1153,,{ECDC1C27-A819-461C-B798-CD5D2852A73A},,,775,-76.99622935809883,38.90241510770477
3750,9293,883,883,1,0,5184,TrafficCabinet_1154,,{33252487-B1C3-4C38-994A-614373E4897C},,,776,-77.01384443704552,38.90241388851317
1276,1268,884,884,2,0,2128,TrafficCabinet_1155,,{97711ACA-F572-4C6A-9BEB-5D12576B4485},,,777,-77.0120649302205,38.90241095096061
6960,4691,279,279,2,0,,TrafficCabinet_1156,,{2E2E7B3A-9F83-466D-B86F-9BD9843D57F8},,,778,-77.04953756343248,38.90239934116919
6311,3322,1175,1175,1,0,3133,TrafficCabinet_1157,,{B3CB7F51-8558-4AA7-8F92-1786DD2F0736},,,779,-76.99944780487958,38.902409627052656
2309,1292,828,828,1,0,2127,TrafficCabinet_1158,,{38915550-9972-41AC-B131-4DE201486CB8},,,780,-77.00596945421741,38.902388116921
4130,5484,283,283,2,0,2210,TrafficCabinet_1159,,{B1AC8430-2B75-412E-A7B9-02DD56422F41},,,781,-77.05316227070311,38.90237502884116
79,7844,2022,2022,2,0,,TrafficCabinet_1160,,{A345C143-A1DA-43AC-ABAF-0ED826F5B5D5},,,782,-76.94338884897003,38.90236501468262
2572,1855,773,773,2,0,,TrafficCabinet_1161,,{5C1E8EA9-C732-4CC6-B14D-C9009E0911DE},,,783,-76.97890430342053,38.90237607773218
4129,4361,313,313,2,0,2171,TrafficCabinet_1162,,{0E01D438-6E73-4C7A-874F-A92770885E4A},,,784,-77.04681567858351,38.90236791645218
1891,8970,280,280,2,0,,TrafficCabinet_1163,,{0E8C3F4A-9604-436D-BD36-82D2F01CA182},,,785,-77.05066327893385,38.90236029361794
719,7180,299,299,2,0,1211,TrafficCabinet_1164,,{1FC2D210-6301-4886-B2EA-0CF1FAD532A2},,,786,-77.03448345931858,38.90235535295901
16,6352,290,290,2,0,2217,TrafficCabinet_1165,,{6DF05010-B98E-4444-A6C6-D8ED6B644287},,,787,-77.05628967336207,38.90234372812584
3,9992,357,357,2,0,1074,TrafficCabinet_1166,,{1503996A-CF4E-4716-9D7F-7F88C8CE5963},,,788,-77.02817422138116,38.902341676715054
720,11144,296,296,2,0,,TrafficCabinet_1167,,{1EFB1A2F-31A4-4248-8C71-48057913097D},,,789,-77.03840732273927,38.902328445981475
715,471,333,333,2,0,1210,TrafficCabinet_1168,,{F7AC3F62-F22B-4B1A-B425-25B42A99E672},,,790,-77.03372283166567,38.90231668592916
720,11144,297,297,1,0,,TrafficCabinet_1169,,{E2EF2C91-F3EE-4EDA-994D-E6677E5C1D8D},,,791,-77.03841274004853,38.902304959412724
792,4496,404,404,2,0,4008,TrafficCabinet_1170,,{6D66AAB7-5CD1-40F4-A52F-FA3F9477E2DB},,,792,-77.02382323501003,38.90227637057442
791,74,417,417,2,0,3214,TrafficCabinet_1171,,{191DF11F-F5F2-4303-A881-EB0C1058ED0B},,,793,-77.0221491823015,38.90223427962645
3558,6565,1177,1177,1,0,1098,TrafficCabinet_1172,,{5DD73087-50D9-4190-9915-020AD4153B2C},,,794,-76.98820094466787,38.90198898206313
1646,3495,2023,2023,1,0,5237,TrafficCabinet_1173,,{362F8766-F2DE-4783-976C-FBD93508CC4D},,,795,-76.94264417419804,38.9017312647632
4722,5193,434,434,2,0,1016,TrafficCabinet_1174,,{5519C04F-65FA-4CE3-9134-13379689FD74},,,796,-77.02590631781668,38.901731813392544
2571,2718,774,774,1,0,2052,TrafficCabinet_1175,,{95CDCE60-F097-499A-9294-28F9079FE921},,,797,-76.97908079559683,38.90170378873976
6343,10191,1148,1148,2,0,,TrafficCabinet_1176,,{861E8281-FC24-48CE-A3A1-00646148982F},,,798,-76.98225895473252,38.90160367316769
3721,8351,426,426,1,0,3175,TrafficCabinet_1177,,{38CBEC1B-9F83-41DC-B0D4-25CB17571BAF},,,799,-77.01968040122264,38.901571814631694
1141,8703,308,308,2,0,2074,TrafficCabinet_1178,,{799D4389-41F2-4AEB-B11B-8250648140C5},,,800,-77.04177206533248,38.901544203741395
3602,3510,309,309,2,0,2046,TrafficCabinet_1179,,{7497FC73-6382-47BF-8257-82EB8F8986F9},,,801,-77.03932492060649,38.901520532395125
916,471,329,329,2,0,1207,TrafficCabinet_1180,,{76869013-D511-4726-BC29-FA73F0534B5F},,,802,-77.03371622337633,38.90150672836854
2507,1103,327,327,2,0,1106,TrafficCabinet_1181,,{C0FA9D82-2935-4F5D-AB48-8589CA2C7566},,,803,-77.02949393125864,38.90144806420989
3519,7146,332,332,2,0,2034,TrafficCabinet_1182,,{B576CF7C-EC8C-4DDC-AA23-46C13C57739E},,,804,-77.03867451897433,38.9014326748046
917,555,330,330,2,0,1208,TrafficCabinet_1183,,{93BAF647-1AE7-4CF6-B3E3-AAC18D7FBCF8},,,805,-77.03479434580208,38.901424129880226
1951,1747,358,358,2,0,1072,TrafficCabinet_1184,,{3EEBF481-D09B-4042-B8E4-CC830A4A5A65},,,806,-77.02823872951846,38.90142441214351
997,12795,307,307,2,0,2102,TrafficCabinet_1185,,{0650B20D-0EC2-48F1-96E7-BB664928F2C6},,,807,-77.04332040103814,38.901405136317635
998,9535,306,306,2,0,2153,TrafficCabinet_1186,,{2AE9BCF9-B1C6-4F1B-BC53-3E3D527AF1BE},,,808,-77.04506558445378,38.90140374644212
2950,1812,1178,1178,2,0,,TrafficCabinet_1187,,{A412751F-FC8F-4C03-A1DC-2BDD8473682C},,,809,-76.98669444110018,38.90138753937722
3518,11213,331,331,2,0,1249,TrafficCabinet_1188,,{A0D829A1-F9B6-4EFB-B78F-EDCEB4E6E4BC},,,810,-77.03663910847146,38.901235696532936
3112,9720,362,362,2,0,,TrafficCabinet_1189,,{1D24CFEB-2545-4541-BAD0-50BDBC07897E},,,811,-77.02722876116515,38.901189245494436
6420,8931,328,328,2,0,1162,TrafficCabinet_1190,,{893E1566-916F-4086-BB17-A25022EB1429},,,812,-77.03208498550713,38.90117738276631
1188,445,314,314,2,0,2170,TrafficCabinet_1191,,{16C69591-9638-4C1D-8CE2-F44183AEBAD8},,,813,-77.04658329068536,38.901122540707306
624,1839,775,775,1,0,2045,TrafficCabinet_1192,,{B55B0606-6EEB-455B-BF94-CE27E6A32937},,,814,-76.9787948989153,38.900974051165214
2237,11763,846,846,1,0,,TrafficCabinet_1193,,{A73081FB-BC42-4139-BDC7-635EC38B14DE},,,815,-77.01909044465705,38.90096994699985
6733,11763,427,427,1,0,3166,TrafficCabinet_1194,,{6CE5AE57-41F5-45A1-9C6A-0C225EAD4CAC},,,816,-77.0196463605577,38.90095434243101
6664,11469,403,403,1,0,4002,TrafficCabinet_1195,,{8CE23533-B593-413E-8FFB-0AF9647F6723},,,817,-77.02377787703375,38.900948430738865
3821,6214,424,424,2,0,3209,TrafficCabinet_1196,,{DCF2D57A-1050-4C34-83D2-EF92027895BF},,,818,-77.02213222737528,38.900945457062505
4197,13071,305,305,2,0,2160,TrafficCabinet_1197,,{C6140B3C-419C-4C29-8F94-ED39864CDBDB},,,819,-77.04482092259985,38.900881040422796
653,7505,293,293,2,0,6053,TrafficCabinet_1198,,{A4961313-7F10-4530-ACF7-4B32F9541E74},,,820,-77.05728225616183,38.90083070605411
1392,2790,360,360,3,0,1079,TrafficCabinet_1199,,{A684AC5C-DC41-46C3-A546-5504E634CD98},,,821,-77.02825319590752,38.90083781133931
6733,11763,428,428,1,0,3166,TrafficCabinet_1200,,{B8594D8A-6FCD-4533-8BA4-1317F6A103B4},,,822,-77.0196869063935,38.90078955470019
4865,10739,291,291,3,0,2216,TrafficCabinet_1201,,{0B7DD5A3-41B3-4C88-9A1F-EDA188D21867},,,823,-77.05594215879252,38.90075977503983
6581,4813,2024,2024,1,0,,TrafficCabinet_1202,,{CB7F7A11-D3F9-4A69-ACA0-3591D3D189E9},,,824,-76.93937254115457,38.90072870290689
1051,2635,271,271,1,0,2192,TrafficCabinet_1203,,{568ECFDF-7732-4969-B1E7-79D03ABC665B},,,825,-77.05023519352315,38.900550789183065
1392,2610,359,359,2,0,1079,TrafficCabinet_1204,,{51361D6B-B474-43D1-83A5-1AB0BCD50DFD},,,826,-77.02817014670431,38.90051898050705
13,937,292,292,1,0,,TrafficCabinet_1205,,{8D51D3BD-ED3E-432B-8108-2344AFDCFB10},,,827,-77.05591156501782,38.90042454353072
6017,8931,336,336,2,0,1160,TrafficCabinet_1206,,{AB1E98A0-61F8-4CBF-B371-B7D9AFC78CAC},,,828,-77.03209413037331,38.900363835298336
1022,5763,887,887,2,0,2233,TrafficCabinet_1207,,{E283F05A-4B0E-4DF4-9CE3-8FA228E9E400},,,829,-77.01345437420831,38.90031125717408
2312,3624,317,317,2,0,2106,TrafficCabinet_1208,,{19F7B04A-995B-4A9C-B533-F689D883EF8E},,,830,-77.0432870893938,38.90029338192454
1140,3624,318,318,2,0,2073,TrafficCabinet_1209,,{3E850F71-D1F9-4E91-9FC4-EF3CD799891E},,,831,-77.04184682940559,38.90029014123861
919,10828,341,341,2,0,6132,TrafficCabinet_1210,,{6971478D-895B-465C-96EC-11CDED9BCAFC},,,832,-77.03540488228884,38.90029122629547
919,10828,340,340,3,0,6132,TrafficCabinet_1211,,{1F28BF08-912C-47FA-BE88-DC1F04317830},,,833,-77.03543271068038,38.90028964139487
7484,3893,343,343,2,0,1246,TrafficCabinet_1212,,{834320D6-B6F4-4881-8D18-3996E6FCB7FF},,,834,-77.03672418438802,38.90028817053598
919,10828,339,339,3,0,6132,TrafficCabinet_1213,,{0BC36821-E5DC-44C4-8DD6-005CE9A5C996},,,835,-77.03546271809633,38.900288434177305
7484,3893,342,342,3,0,1246,TrafficCabinet_1214,,{51444CF4-36DA-4450-9569-41D47DAE13EA},,,836,-77.03674808181859,38.90028697391725
3607,3893,344,344,2,0,4105,TrafficCabinet_1215,,{E088E2F2-6C38-4DB9-994E-DB6368D7891E},,,837,-77.03775330933523,38.90013328603062
5438,9687,337,337,2,0,1205,TrafficCabinet_1216,,{03A1B7AC-8A99-402B-AA5D-E2C64834FB4B},,,838,-77.0334755913301,38.90013340108771
739,10010,1179,1179,2,0,1104,TrafficCabinet_1217,,{C5717F44-0AB4-42BC-B61F-8F3C5FB90BE3},,,839,-76.98816443408438,38.900111258072236
5543,9179,346,346,3,0,2044,TrafficCabinet_1218,,{9A355AF7-278B-4273-8904-763955B25159},,,840,-77.03958908853542,38.900096698923605
5167,869,885,885,2,0,2123,TrafficCabinet_1219,,{EFEC3C00-F845-48AE-B009-EBB06DDC8107},,,841,-77.01223297514207,38.900083362858254
4962,10591,886,886,2,0,5182,TrafficCabinet_1220,,{AADBFBE0-9608-498E-BB50-0E7B40C7A818},,,842,-77.01296391681707,38.90005915062252
5438,1362,338,338,3,0,1205,TrafficCabinet_1221,,{9AB336C2-EA56-4F19-9377-9D77AE2400DB},,,843,-77.03354146022859,38.90005275736473
5543,9179,345,345,2,0,2044,TrafficCabinet_1222,,{50D67D0E-C1C2-40CE-AB4B-804B98E6FB3A},,,844,-77.03932274986184,38.90005053094718
5713,11407,888,888,2,0,5134,TrafficCabinet_1223,,{E3AF2629-5E72-40AA-82F1-52B9F21AEF5A},,,845,-77.0089369633906,38.9000462318186
3508,11987,334,334,2,0,,TrafficCabinet_1224,,{AC2E7CCA-1ED8-4228-95AE-86353E5F0E03},,,846,-77.02976276913694,38.899999145516674
3508,11987,335,335,2,0,,TrafficCabinet_1225,,{E298E3F5-C3F9-449C-9B46-FE2F9338671F},,,847,-77.0297624372927,38.89997744446004
1391,2610,375,375,2,0,1071,TrafficCabinet_1226,,{A5EED568-BD19-485C-8615-AAE94A2EFC2D},,,848,-77.02799924164827,38.899935910430244
7410,204,429,429,2,0,3165,TrafficCabinet_1227,,{9A5C378E-203C-4FF4-9603-C5960433E2C1},,,849,-77.01971477521555,38.89993127850857
5574,1883,363,363,2,0,1041,TrafficCabinet_1228,,{BDFF53CB-965B-4002-A014-CE0CBAE8B0D8},,,850,-77.02727988432665,38.899909542006135
4261,204,847,847,2,0,3130,TrafficCabinet_1229,,{B20E6186-7518-4661-9978-75BFEBF01AB2},,,851,-77.01914411115634,38.899903681727594
3291,7217,316,316,2,0,2084,TrafficCabinet_1230,,{C07E553F-69A9-4B37-B67A-317343724FBE},,,852,-77.04178416340135,38.899820422678
744,1215,387,387,2,0,1010,TrafficCabinet_1231,,{7BB2CB69-DF59-489C-996F-3FBE1CA2BB4E},,,853,-77.02581159413319,38.89974081576053
2268,6602,400,400,1,0,4006,TrafficCabinet_1232,,{3B19F82A-6AFA-4893-AB70-5A2FC27647BD},,,854,-77.02407551882723,38.89969325298006
47,6778,854,854,2,0,3039,TrafficCabinet_1233,,{BF84D383-97E1-4A07-8F23-D38D6D8C9271},,,855,-77.01508407145607,38.899634800470295
4843,8891,1204,1204,1,0,2238,TrafficCabinet_1234,,{B3E1B879-218C-4368-9D5E-3D022473FAC5},,,856,-77.0137644047912,38.89954232144855
5712,7778,889,889,1,0,5132,TrafficCabinet_1235,,{5C220C91-D063-4F81-91D5-EA463EF3D524},,,857,-77.00919431837,38.89950490845694
19,9940,275,275,1,0,,TrafficCabinet_1236,,{333EF110-CABC-43D3-A3CF-67F18447D892},,,858,-77.05284875573672,38.89948733400477
3107,10150,272,272,1,0,2191,TrafficCabinet_1237,,{EB1D7AC7-6037-481C-9E89-BCF4F1105EAD},,,859,-77.05001913316808,38.899469698331465
2891,2340,304,304,2,0,2169,TrafficCabinet_1238,,{2DE256C7-75C7-44B2-8ECA-01B05524A9FC},,,860,-77.04672229222663,38.89945645188713
1349,11436,864,864,1,0,1173,TrafficCabinet_1239,,{B822A966-FC4D-41F2-AB94-ACDDA65D4121},,,861,-76.98562440389075,38.89934717227208
817,91,352,352,1,0,1178,TrafficCabinet_1240,,{94DF6E0B-A248-4DB8-8069-F2E54A6647A8},,,862,-77.03181715792395,38.8992387667561
1348,2426,865,865,1,0,,TrafficCabinet_1241,,{09A3A6BE-0E24-48F0-8B3C-606AB9AD51B1},,,863,-76.98564939130573,38.89908786965322
2253,12067,315,315,2,0,2058,TrafficCabinet_1242,,{A3E49151-E466-4B02-A95B-74CC36990807},,,864,-77.03971610476873,38.89903786700845
3510,7778,1220,1220,2,0,,TrafficCabinet_1243,,{FE292902-2135-4472-BFE1-FCBB9F9A7A9F},,,865,-77.00893610994083,38.89903127785776
1410,1362,347,347,3,0,1226,TrafficCabinet_1244,,{B8ABA37E-0E8B-47AB-89B7-92D084CAF253},,,866,-77.03373161596267,38.898951520475286
1410,1362,348,348,3,0,1226,TrafficCabinet_1245,,{83274C53-666A-4716-9E5A-30F87CC6B59A},,,867,-77.03373164470644,38.89893917000185
3423,7402,1203,1203,1,0,,TrafficCabinet_1246,,{7EAD848A-DDFB-448D-B40A-6A97BE038522},,,868,-77.01214932708409,38.89859815403061
3081,2583,457,457,1,0,4004,TrafficCabinet_1247,,{132269EE-00AE-402E-9544-F7F1BC900F7E},,,869,-77.02376085653134,38.898546570941015
3254,11188,435,435,2,0,3205,TrafficCabinet_1248,,{A7736650-732E-4608-84FB-B758B66AE631},,,870,-77.02211775329047,38.89854672245426
356,6884,2028,2028,2,0,5206,TrafficCabinet_1249,,{2859B492-B58B-4764-8C95-B3266F3E0EAF},,,871,-76.91770393024098,38.898509192041054
1410,859,349,349,2,0,1226,TrafficCabinet_1250,,{7C48B311-5D80-4240-AFE7-4AB900C484CB},,,872,-77.03377727304101,38.898526177426085
668,1394,2029,2029,1,0,5095,TrafficCabinet_1251,,{C308D9CB-4C14-4C09-A843-DA01722DBD1C},,,873,-76.94664886674254,38.89851046581568
339,2080,2027,2027,1,0,5205,TrafficCabinet_1252,,{99A9B908-F64F-4EE6-9C8D-3664448F5592},,,874,-76.92182994856299,38.898487685116606
2765,9664,852,852,1,0,3091,TrafficCabinet_1253,,{89FD4931-D319-4487-9697-AC6B6792F704},,,875,-77.01611459848084,38.898478313472616
4178,4458,2025,2025,1,0,,TrafficCabinet_1254,,{D6FCD5F5-3753-4D0B-A128-65C464B900BE},,,876,-76.93155704507723,38.89844696330526
5745,7009,351,351,1,0,1101,TrafficCabinet_1255,,{4AFD8782-3F5F-4DE8-ABAC-F73E7E4E7965},,,877,-77.0294887993642,38.89846012734168
1025,10495,364,364,1,0,1039,TrafficCabinet_1256,,{1F649E11-365F-4196-8ADA-1E29FB54EBC1},,,878,-77.0271691311765,38.89845175360181
816,91,350,350,2,0,1156,TrafficCabinet_1257,,{FC3744EB-C982-49A9-A5AF-48DCFFADAB57},,,879,-77.03182083979479,38.89844757026524
3941,12862,1202,1202,2,0,5181,TrafficCabinet_1258,,{DC19DD16-AD98-4196-B9BE-F271E0A6843B},,,880,-77.01214143862745,38.898443174977984
4178,12443,2026,2026,2,0,,TrafficCabinet_1259,,{9C36F213-13C9-4D45-9328-7960EAD30954},,,881,-76.93179189358416,38.89842163400866
5021,3108,431,431,1,0,3163,TrafficCabinet_1260,,{130E2D1E-7F19-4658-B4AF-1820BAE9661B},,,882,-77.01965263227379,38.89840314651041
5021,3108,430,430,1,0,3163,TrafficCabinet_1261,,{AED9FB86-8DE4-45AC-AB0A-FE138266B891},,,883,-77.01969846636298,38.89839956246989
3806,5564,274,274,1,0,2180,TrafficCabinet_1262,,{B2B81E4F-394D-4504-9A9B-E462797D5D83},,,884,-77.04871940712457,38.89838846029342
2355,3128,273,273,1,0,2190,TrafficCabinet_1263,,{92BD4161-8D4E-4150-A16B-7B93368BD5C3},,,885,-77.05033185319944,38.89838707402596
3481,3284,853,853,1,0,3038,TrafficCabinet_1264,,{FE207EC6-C308-49B9-84A6-B9DB7A4CAEF5},,,886,-77.01537479663412,38.89839133835692
1024,8835,388,388,1,0,1008,TrafficCabinet_1265,,{9D450CB9-83AA-4BA9-B011-A2EA4499EAC4},,,887,-77.02581427153108,38.898379003043196
2759,12572,866,866,2,0,1116,TrafficCabinet_1266,,{E70B1A3C-F016-4FF2-AB46-90264313698A},,,888,-76.98823736725065,38.898328618771835
2890,11087,303,303,2,0,2168,TrafficCabinet_1267,,{DAF97067-4151-4F50-A27B-C9624CA3C185},,,889,-77.046484504905,38.89827577553227
504,12274,353,353,1,0,1069,TrafficCabinet_1268,,{858F5A0A-A933-4359-BEA1-538196733284},,,890,-77.02791440103867,38.89824481792778
6540,12691,300,300,2,0,2072,TrafficCabinet_1269,,{C5185B73-8466-40BB-8B4E-FDB882F0FFD0},,,891,-77.04178912075018,38.8982269225989
1741,8049,302,302,1,0,2151,TrafficCabinet_1270,,{3BF37EF7-3F48-4186-A680-9E5A4BFB1618},,,892,-77.044975330548,38.8982257213059
1740,2341,301,301,1,0,2101,TrafficCabinet_1271,,{804BD8E3-4B56-40F1-A543-A555A7C76F85},,,893,-77.04338835089872,38.89822329472148
4260,10108,848,848,2,0,3128,TrafficCabinet_1272,,{F7B4B920-6CED-4946-BE28-F1B3D60DC0AF},,,894,-77.01902860314085,38.89819148123123
2759,4437,867,867,1,0,1116,TrafficCabinet_1273,,{8FD460E5-68CB-4A1E-ABE6-056F14A9F48C},,,895,-76.9882363511135,38.897989210564226
5337,7213,1210,1210,2,0,,TrafficCabinet_1274,,{08909196-2BFE-40E5-9FD1-8A756C89528F},,,896,-77.01184084756102,38.89767973802332
3598,3505,389,389,1,0,1007,TrafficCabinet_1275,,{B1A93C84-D357-46C2-9AD1-3C4C1DEA79E1},,,897,-77.02590481476221,38.89752976452937
2206,5749,378,378,2,0,1151,TrafficCabinet_1276,,{944B00A5-975F-4815-89BF-8F09D53C55F9},,,898,-77.03182789842619,38.897525382111
11,1524,450,450,1,0,,TrafficCabinet_1277,,{BBA032DD-5C0F-4C51-B378-12FE5C7621A3},,,899,-77.05000154677707,38.89748758650013
3309,3324,436,436,2,0,3203,TrafficCabinet_1278,,{56492FE7-2C2D-4420-B360-F52A715C8F13},,,900,-77.02205938780479,38.897467594570465
1541,11702,456,456,1,0,4003,TrafficCabinet_1279,,{979BBE1A-F3DF-4700-85D9-DA9D61C1F119},,,901,-77.02387282068725,38.89745809453738
2207,3030,379,379,2,0,1203,TrafficCabinet_1280,,{1D0667D4-F1B1-4958-94F4-388C95FD4A51},,,902,-77.03377337612056,38.897453876935046
503,12182,376,376,1,0,1067,TrafficCabinet_1281,,{F38C02E0-ACCA-46F5-B316-7E5FAB5DCA80},,,903,-77.02828898348167,38.897446037236165
3810,2761,266,266,2,0,,TrafficCabinet_1282,,{439CA2B0-6393-4A0D-9984-3483CE7F8D2F},,,904,-77.04896979059538,38.89742646941494
298,3450,263,263,2,0,2099,TrafficCabinet_1283,,{3339A26A-69A2-4DD2-8D81-B91701ED7BC4},,,905,-77.0436411880862,38.897424627012235
1886,6569,265,265,1,0,,TrafficCabinet_1284,,{DE47AF2A-15A1-4C91-B3A6-4A38674FF011},,,906,-77.04678883260496,38.89741793157508
4013,12436,1209,1209,2,0,2120,TrafficCabinet_1285,,{129B28C5-115C-4780-9B02-5553CBEEA31D},,,907,-77.01228867910224,38.89740500871972
4013,12436,1208,1208,1,0,2120,TrafficCabinet_1286,,{96F35625-5891-4ACC-96A8-0A3E1A255B88},,,908,-77.01231133104937,38.89740424062331
6127,8967,1172,1172,1,0,3160,TrafficCabinet_1287,,{ED3A56F8-5110-4525-ABC3-34B6809487D5},,,909,-76.99832159432192,38.897276571407666
4927,5702,1168,1168,1,0,3089,TrafficCabinet_1288,,{C1A45BD2-A1E4-4522-865F-26C97704910E},,,910,-77.00070949961246,38.89727618490007
2239,1775,432,432,1,0,3161,TrafficCabinet_1289,,{35FEFC19-5142-46ED-9E93-52E3B3C53ADA},,,911,-77.01971189589743,38.89727141575701
5641,3099,264,264,2,0,2150,TrafficCabinet_1290,,{8CC2BCC8-B290-404F-9C55-E71EC11566EA},,,912,-77.0448467206243,38.897246642548474
1562,1413,1219,1219,2,0,5130,TrafficCabinet_1291,,{5BB2D6F9-8A60-42A5-B099-EF6C83399D13},,,913,-77.00891994437436,38.89725397405081
5496,7967,262,262,2,0,2042,TrafficCabinet_1292,,{6097A5C1-6ED3-4FB9-9FC2-028BA3C27EDF},,,914,-77.0396015708328,38.897226197745006
5386,10842,377,377,1,0,1097,TrafficCabinet_1293,,{45093337-CEFC-4CF6-871A-4C4899BC4209},,,915,-77.02973876244,38.897222080507476
3934,3891,365,365,1,0,1037,TrafficCabinet_1294,,{63A350F3-F20D-45E7-A05A-BB57BE30E517},,,916,-77.0269034977869,38.897212011938116
11,1274,451,451,1,0,,TrafficCabinet_1295,,{9E416727-E5E1-494C-8924-8827035DA103},,,917,-77.04993617011198,38.89720397705655
1451,11823,868,868,1,0,1066,TrafficCabinet_1296,,{32B03526-70F1-456E-86A5-01D201A114AE},,,918,-76.99041477635157,38.89719018750455
1016,11823,869,869,1,0,1048,TrafficCabinet_1297,,{6B0B708F-FECE-4508-AFD6-1C3342330C6D},,,919,-76.9913608470788,38.89680489243024
2696,6294,2033,2033,2,0,4064,TrafficCabinet_1298,,{B785AD33-EBB3-4902-97DF-A40AA701AB42},,,920,-76.96030059769177,38.89668260113657
2696,6294,2032,2032,1,0,4064,TrafficCabinet_1299,,{4BF24599-2869-4190-BEFE-41C96BCF2362},,,921,-76.9602955902095,38.89666993367156
1811,6255,398,398,2,0,1227,TrafficCabinet_1300,,{E8B8FB1C-6AB1-4612-A7DA-A97310366CFC},,,922,-77.03377653544484,38.896627628722136
2696,6294,2031,2031,1,0,4064,TrafficCabinet_1301,,{D18D28A9-648B-4E89-8545-6A17BBF9A872},,,923,-76.96019427134748,38.89661202944623
1016,2604,870,870,1,0,1048,TrafficCabinet_1302,,{F767342D-9C42-401B-908F-4A06D99FD503},,,924,-76.9916008184269,38.89661194172615
1009,1972,1221,1221,2,0,,TrafficCabinet_1303,,{0AECEA36-FC66-4552-9C72-C58C6894373A},,,925,-77.00806295483348,38.89659821835909
4935,10842,380,380,3,0,1132,TrafficCabinet_1304,,{EAD044C2-1291-42AE-8228-9FA5C20851C6},,,926,-77.02974287977352,38.89634199813947
610,3539,2034,2034,2,0,4059,TrafficCabinet_1305,,{8C87305A-FD17-4E0C-AE3A-10775F448DD5},,,927,-76.95757680898163,38.896331245334956
1010,264,1222,1222,2,0,5052,TrafficCabinet_1306,,{FB44643F-A084-4B78-911F-5468A2FD0DB9},,,928,-77.00771679581327,38.896321540774075
5395,12300,1206,1206,2,0,2232,TrafficCabinet_1307,,{4B67897E-6709-43D5-84D3-8A645B158741},,,929,-77.01380860016631,38.8963090973788
4935,10842,381,381,1,0,1132,TrafficCabinet_1308,,{0D61FDA7-87A0-47C7-B007-3C24975E8AB8},,,930,-77.02950640676924,38.89629660189419
863,1413,1218,1218,1,0,5129,TrafficCabinet_1309,,{CC3C2A21-A21B-4980-9E56-1056259CFC53},,,931,-77.00915339626391,38.89629238503437
5395,12300,1205,1205,1,0,2232,TrafficCabinet_1310,,{99DE5628-8D6F-4DDF-96B1-220A4280E413},,,932,-77.01380804271554,38.89628778364993
1483,3891,395,395,1,0,1035,TrafficCabinet_1311,,{5FC454FD-610D-4220-9A79-035971A31D16},,,933,-77.02690783977829,38.896284698759004
2238,1178,438,438,3,0,3158,TrafficCabinet_1312,,{647ABC25-FFBE-46EC-97A4-DB99A01CB7AD},,,934,-77.019801698628,38.896280291165915
3980,6338,399,399,2,0,1188,TrafficCabinet_1313,,{834331EC-34A5-4BAC-9B43-EE657C606376},,,935,-77.0318240210281,38.896276003902486
26,6467,2035,2035,1,0,4060,TrafficCabinet_1314,,{17F2B6AD-DC2D-4DB8-942E-F51751809B59},,,936,-76.95422781755607,38.896228961347624
26,6467,2036,2036,1,0,4060,TrafficCabinet_1315,,{8873FE60-15A8-4326-9AF7-11903F5BC7F9},,,937,-76.95419013790314,38.89622268576294
1484,10324,394,394,1,0,1064,TrafficCabinet_1316,,{6A65DDBE-B2D6-4CCA-B7DE-486B6455F369},,,938,-77.02825759450775,38.89622680756248
7204,796,1169,1169,1,0,3086,TrafficCabinet_1317,,{738F085A-D76F-481E-BB2F-00E0F59E0519},,,939,-77.00050727224638,38.89622745005981
1288,1542,455,455,1,0,4001,TrafficCabinet_1318,,{597472AD-53EE-4428-BEFA-EA2DCBFD7CFF},,,940,-77.02382027922553,38.89622188724087
2451,8853,390,390,2,0,1006,TrafficCabinet_1319,,{FE963B2C-0463-43A1-AF56-28954F6EA8EC},,,941,-77.02618541493675,38.89621651646347
6360,1273,448,448,1,0,2202,TrafficCabinet_1320,,{61E6C31F-6BA7-4752-8B67-4394D1D4D528},,,942,-77.04998714729514,38.89618616292931
3165,4243,1223,1223,2,0,4141,TrafficCabinet_1321,,{45F0BB4C-7BF4-4176-BBAC-5D04D4A7662F},,,943,-77.00679790940077,38.896097505753595
5781,6633,372,372,2,0,6135,TrafficCabinet_1322,,{6C8A1483-D5D1-4B25-8694-37A46D7C55E0},,,944,-77.0477180432668,38.896077453038295
1227,10348,322,322,2,0,2096,TrafficCabinet_1323,,{A78C9EC9-C198-48CC-B0CB-02FBAE17BAEE},,,945,-77.04368982836283,38.89607692116071
7173,349,2019,2019,1,0,2098,TrafficCabinet_1324,,{DC81762D-0F61-4989-BB27-87BFB38AB587},,,946,-76.97715156567342,38.896082191266174
1885,6633,324,324,2,0,2167,TrafficCabinet_1325,,{BDD44270-9261-42B6-8778-36D5A4AD26A4},,,947,-77.04689272485366,38.89607357135074
1483,8853,396,396,1,0,1035,TrafficCabinet_1326,,{5E37B28A-9CF1-43DF-A5E6-2B8FFB2CE34A},,,948,-77.02682756769376,38.896055679495824
3668,6437,437,437,2,0,3201,TrafficCabinet_1327,,{23E5943C-5C8B-4C25-B677-338BE101BF37},,,949,-77.02170976938702,38.896053968225985
2238,7200,439,439,1,0,3158,TrafficCabinet_1328,,{803F6FB7-EAEC-4699-9182-79C397533CC3},,,950,-77.01974511621114,38.896054064624
4012,11332,1207,1207,1,0,2119,TrafficCabinet_1329,,{455A10B7-08B1-44BB-9C08-B4603C7D0498},,,951,-77.01233020927427,38.89604585816811
3895,3831,1171,1171,1,0,3157,TrafficCabinet_1330,,{0E51BCFE-8718-4A67-8785-290AD842E3F9},,,952,-76.99838515230635,38.89601477952848
4334,12804,851,851,1,0,3037,TrafficCabinet_1331,,{B4DC0CD9-9664-49E6-98CD-096CD4625070},,,953,-77.01540719432066,38.89600917107511
3188,5398,849,849,2,0,3125,TrafficCabinet_1332,,{9E2E99C1-71D1-4434-A1CD-8F094E329319},,,954,-77.01901627394155,38.89600744114049
818,5688,850,850,2,0,3087,TrafficCabinet_1333,,{04B9B620-4805-45DA-911C-FEC26DDAC8FE},,,955,-77.01610991242458,38.896003103719366
1287,11946,423,423,1,0,3240,TrafficCabinet_1334,,{E2103F08-1D97-40F4-AEB5-29AA1806F304},,,956,-77.0230667365449,38.8959847941294
802,82,1211,1211,2,0,5180,TrafficCabinet_1335,,{02B05B9B-2298-4776-9E21-39E65608F3BC},,,957,-77.01125352476673,38.895977719484
5781,7873,373,373,2,0,6135,TrafficCabinet_1336,,{6ACF4FE1-0479-4291-8EFA-85FE43FE9E03},,,958,-77.04752782519256,38.89593639648744
5504,7980,321,321,2,0,2069,TrafficCabinet_1337,,{DB712895-15F7-47CB-A2B3-8636D51C79D6},,,959,-77.04183743490606,38.89584982272574
4208,8392,323,323,2,0,2148,TrafficCabinet_1338,,{88A77145-695E-40D2-AF12-B6A703201EFD},,,960,-77.0448334212649,38.89584016231494
26,11612,2037,2037,2,0,4060,TrafficCabinet_1339,,{06C8F6C4-9555-4F37-8EC3-27922ADFF032},,,961,-76.95454645897266,38.89581933114148
26,11612,2038,2038,2,0,4060,TrafficCabinet_1340,,{5725D77A-DA58-466B-8BA4-D4EA7742B75A},,,962,-76.95473679218108,38.89576118395833
764,8992,863,863,1,0,4012,TrafficCabinet_1341,,{D052CCF2-905A-4211-8FFD-DC54857C2EE9},,,963,-76.99391267974835,38.89576472204979
764,573,862,862,3,0,4012,TrafficCabinet_1342,,{CF919F5C-CADB-49E7-9ABF-653993667130},,,964,-76.99382408178073,38.89573606178505
3165,5571,1224,1224,2,0,4141,TrafficCabinet_1343,,{9845D225-0670-4DFF-89AB-25AA0FD7CA3E},,,965,-77.0065890070058,38.895724607371314
649,11793,1225,1225,2,0,,TrafficCabinet_1344,,{D4A90DDB-D30D-4E82-8E1C-EE006213125C},,,966,-77.00601072640588,38.895684902660086
2984,2502,374,374,1,0,2178,TrafficCabinet_1345,,{DB32F7A5-EE63-42D7-A112-8A09854C8B24},,,967,-77.04694361225154,38.895590287991965
1226,1971,522,522,1,0,2097,TrafficCabinet_1346,,{22A99D12-DB65-4CCF-A96A-122B6CA100F7},,,968,-77.04337392044113,38.895573137807055
3731,7980,289,289,3,0,2070,TrafficCabinet_1347,,{AE39A724-9311-4315-BCA2-B371232A459A},,,969,-77.04187767896646,38.89551850754841
1472,1927,449,449,1,0,2149,TrafficCabinet_1348,,{51EECFD0-C822-4B83-9910-D61D9B271869},,,970,-77.04477614927663,38.89550441536959
564,8992,861,861,2,0,3244,TrafficCabinet_1349,,{3E57CEEB-2CCD-4C98-A5AD-8C4AD8349EC6},,,971,-76.99481172532688,38.89539964728403
5146,1354,1247,1247,1,0,4069,TrafficCabinet_1350,,{54A99162-F9F1-4505-8F8D-850844EAB706},,,972,-76.94920559084588,38.895374666960564
4510,5492,284,284,2,0,2040,TrafficCabinet_1351,,{76091E35-CD1C-4970-BBBD-F66292FD0A1B},,,973,-77.03930445469614,38.89534331515244
1654,6425,418,418,2,0,1085,TrafficCabinet_1352,,{E4F76EE0-E274-4C3B-923C-57FA3D623181},,,974,-77.03066306944386,38.895292924987736
2461,7654,393,393,1,0,1080,TrafficCabinet_1353,,{ABF866FC-5B87-442E-B7E4-5DD9C1F41D14},,,975,-77.02799152496573,38.895283362234
4510,10947,285,285,3,0,2040,TrafficCabinet_1354,,{080C1F23-F890-490B-B37E-54BEDD74A711},,,976,-77.03956448831842,38.89527653841314
1810,759,397,397,1,0,1214,TrafficCabinet_1355,,{95B712AC-C53A-4847-8485-5B4ADBC94DE9},,,977,-77.03351006044483,38.89527409917544
2092,14103,419,419,2,0,1171,TrafficCabinet_1356,,{74413DC0-D8CC-4949-AD45-60AFFC731ABF},,,978,-77.03208561241308,38.89526691408927
5146,734,1248,1248,2,0,4069,TrafficCabinet_1357,,{F577E317-92F7-4DBB-8810-26BDA51889F3},,,979,-76.94891267962676,38.89516361727497
1653,1681,401,401,2,0,1114,TrafficCabinet_1358,,{BA3E81CB-6AF5-4CED-8FFE-09DEEFF5712F},,,980,-77.02954396989264,38.89517043834635
1048,8205,894,894,1,0,2237,TrafficCabinet_1359,,{AE0D597B-6A0D-4703-B33C-7F9A7F1D911F},,,981,-77.00357343794713,38.895094666333556
56,5971,1188,1188,3,0,3035,TrafficCabinet_1360,,{D8B26FF0-5DC5-4C41-92FA-BF95842EC08E},,,982,-77.01506580203956,38.8949538583105
801,82,1215,1215,1,0,5179,TrafficCabinet_1361,,{C7CBA10F-281A-47CE-97A5-B9436DC4D7EC},,,983,-77.01087030475617,38.894929974519876
2948,11197,1228,1228,2,0,4139,TrafficCabinet_1362,,{BD1851E5-B7F0-4B39-94C5-9946564905B2},,,984,-77.00702281228642,38.894927891047004
5230,8205,824,824,1,0,2230,TrafficCabinet_1363,,{D4C6044B-2A1A-4CF6-912D-E610F5CFE905},,,985,-77.00357956132073,38.89491132783376
563,3238,860,860,1,0,,TrafficCabinet_1364,,{21805D70-0B52-4524-B0B5-C1229243C59D},,,986,-76.99603773222721,38.89489847868813
2948,7131,1227,1227,3,0,4139,TrafficCabinet_1365,,{74C49807-0371-4810-B549-9608199CE34C},,,987,-77.00737214262858,38.89486235165287
4476,4778,1226,1226,2,0,2116,TrafficCabinet_1366,,{B0735E93-B425-453F-A98E-9CC082DE0AD0},,,988,-77.00611209774719,38.89486068578485
4893,6823,1186,1186,3,0,3154,TrafficCabinet_1367,,{0F9C33F0-3A7C-4314-9BE3-C7466FA083F0},,,989,-77.01972455421699,38.894856576757064
1202,463,1216,1216,1,0,,TrafficCabinet_1368,,{1B05C2CF-92D6-4CC0-8B2B-F0E5631364ED},,,990,-77.00980315953561,38.894857803835485
4980,8415,1213,1213,1,0,2117,TrafficCabinet_1369,,{D5062D75-F7AD-4A1D-AB71-85B202FB35B1},,,991,-77.01234519614111,38.8948530406026
3950,3963,844,844,1,0,3085,TrafficCabinet_1370,,{CAAD3987-13E0-4022-942E-03C53F1D9FA2},,,992,-77.0007738211411,38.89484891613715
5230,8825,893,893,3,0,2230,TrafficCabinet_1371,,{8EA1209C-301D-4CBE-93AE-2C6BC41B6543},,,993,-77.00336190999231,38.89484768117232
5576,7532,871,871,1,0,1201,TrafficCabinet_1372,,{B6320B1B-F814-466B-96A6-18DCE010F53D},,,994,-76.98352281412197,38.89483719911724
4540,9742,872,872,1,0,2038,TrafficCabinet_1373,,{4920E3CD-ED36-4C02-944A-E353B7A8F804},,,995,-76.98089140593365,38.89483657314806
3062,6014,453,453,1,0,3254,TrafficCabinet_1374,,{CF5478AA-F50F-4A07-BCF9-A12A604E7A6C},,,996,-77.02406953116284,38.89476026449497
3062,11944,454,454,1,0,3254,TrafficCabinet_1375,,{B28B350F-D709-478A-AA31-A167EC723F23},,,997,-77.02380905459071,38.89474649003338
1628,9916,366,366,1,0,2162,TrafficCabinet_1376,,{657DCFC7-B0C4-4CC6-B73F-1B5F4F3E1523},,,998,-77.04528167150244,38.894718096146924
56,6507,1189,1189,1,0,3035,TrafficCabinet_1377,,{61707684-45E2-4ADC-8458-02FEAB07F72E},,,999,-77.01483578254083,38.89472177812587
3950,5663,843,843,1,0,3085,TrafficCabinet_1378,,{DE7515F7-BC7C-418E-89B6-AFC70755B3AB},,,1000,-77.00065167598912,38.89471622361403
54,8415,1212,1212,2,0,,TrafficCabinet_1379,,{F0486490-C874-4AA8-9ABE-9E7BBBDD3DA3},,,1001,-77.01351713328579,38.89471133532778
5679,12947,842,842,1,0,3156,TrafficCabinet_1380,,{288DCA63-F485-4F77-884C-FF84FEADD678},,,1002,-76.99838022512472,38.89470657528741
4980,12161,1214,1214,1,0,2117,TrafficCabinet_1381,,{E7228C39-2B9D-452F-B9D2-3533BD13EF48},,,1003,-77.01224771595307,38.894690810143935
2461,12430,452,452,1,0,1080,TrafficCabinet_1382,,{2A56CA95-856B-4C3E-B440-DB22E0C2317A},,,1004,-77.02798901535462,38.894674982649676
3066,6816,1185,1185,2,0,3197,TrafficCabinet_1383,,{6D071623-0117-4441-8613-CCD898745CF4},,,1005,-77.02201181572086,38.894675874618194
3950,5663,823,823,1,0,3085,TrafficCabinet_1384,,{A9D182FF-7B1F-4516-A1C4-ECEE0E05340E},,,1006,-77.00064579661738,38.89466912789463
1202,3345,1217,1217,1,0,,TrafficCabinet_1385,,{51491602-C332-4FCC-9B05-BBEDB0D16910},,,1007,-77.00991158046568,38.894652620077466
7821,14102,420,420,2,0,,TrafficCabinet_1386,,{4B9363C7-CCD1-4507-A108-245A62049025},,,1008,-77.0320860815219,38.894644021280804
4893,5635,1187,1187,1,0,3154,TrafficCabinet_1387,,{D89A7A75-3946-438D-A7DC-A9E04C175049},,,1009,-77.01980354219012,38.89461635523338
6096,8870,392,392,2,0,1052,TrafficCabinet_1388,,{230F51C8-CAA9-4AB9-8198-51A37EF75B06},,,1010,-77.02700573096455,38.89457650942206
5152,9908,288,288,1,0,,TrafficCabinet_1389,,{791F8C06-057E-41BA-AF54-52D461B277DE},,,1011,-77.04156571353056,38.894474341784004
3827,28,892,892,2,0,,TrafficCabinet_1390,,{EF20FD3D-2411-4B9A-B2CD-520782892B44},,,1012,-77.0021064304111,38.894459684099
2059,10145,1197,1197,1,0,5185,TrafficCabinet_1391,,{B4977721-9052-4254-9393-48C956FA60F0},,,1013,-77.01063393728903,38.89424334235792
2450,7790,391,391,2,0,1003,TrafficCabinet_1392,,{5126265F-FDDE-48D4-BBA9-B223BF333470},,,1014,-77.02611887807466,38.89420258449669
2266,12353,859,859,1,0,,TrafficCabinet_1393,,{82C04554-9F2E-49EB-ADE0-12BE8CF77BAE},,,1015,-76.99967118596578,38.89415377844517
5013,6014,402,402,1,0,4020,TrafficCabinet_1394,,{BDA618BA-A75B-4C03-BE0D-825D44710D3A},,,1016,-77.02387321437772,38.89412224197059
3713,3658,2016,2016,1,0,,TrafficCabinet_1395,,{9AACFBCF-913D-415B-B6C6-F3F79D6F67B8},,,1017,-76.91102497541513,38.89398104014605
2510,6816,1190,1190,2,0,3212,TrafficCabinet_1396,,{8B6CA8D4-B887-4638-9AE9-696D0118D0D7},,,1018,-77.0220141917409,38.893895974561104
2165,6741,1230,1230,2,0,2110,TrafficCabinet_1397,,{A546FEE6-032B-40CF-8CC6-4C84442235ED},,,1019,-77.00578029501843,38.89373449434634
4355,814,882,882,1,0,1092,TrafficCabinet_1398,,{76B34B19-324E-4075-A100-5466B90A586B},,,1020,-76.98823189226253,38.89371099247516
6068,8737,1249,1249,3,0,5092,TrafficCabinet_1399,,{82DA0FFE-648B-4AF8-9B1B-352B31F635B1},,,1021,-76.95013892207014,38.89369266579091
6309,10438,1192,1192,3,0,3032,TrafficCabinet_1400,,{7BFA710A-7DCA-4933-89F0-2C38A7A8CAFB},,,1022,-77.0154368692477,38.89367941383465
7318,5559,900,900,1,0,1198,TrafficCabinet_1401,,{21D7FCCC-A402-4999-BA8C-87CFC8074FC1},,,1023,-76.98372331011514,38.893672363949875
2166,1099,895,895,1,0,2228,TrafficCabinet_1402,,{60EE637E-2EB9-4602-8443-294D1E673906},,,1024,-77.00366467223498,38.89364973007223
4549,7943,286,286,2,0,,TrafficCabinet_1403,,{D2F40025-5CA8-4297-B205-902853AC8E7E},,,1025,-77.04193351694819,38.893594858206946
1849,1754,408,408,2,0,3227,TrafficCabinet_1404,,{4DE2A009-76FC-4E1E-B017-6361A6E0C918},,,1026,-77.0218113604701,38.8935992858946
895,7943,367,367,2,0,2093,TrafficCabinet_1405,,{9344F92F-ECCC-4935-B03A-84910BFE4774},,,1027,-77.04323732852217,38.893590572325444
506,6112,370,370,1,0,2165,TrafficCabinet_1406,,{6B6B9F48-94EB-4093-B715-D15C76CF02F4},,,1028,-77.04685559838798,38.89358724916371
258,90,1229,1229,2,0,4137,TrafficCabinet_1407,,{8C6977D1-CA96-468C-91C9-ACC0D418D9D9},,,1029,-77.00770466204916,38.893591591557055
1220,4710,855,855,1,0,,TrafficCabinet_1408,,{4DFB68A8-67AB-4323-969B-4C849560380A},,,1030,-77.000450159086,38.89354109174657
6381,1154,369,369,1,0,2188,TrafficCabinet_1409,,{9ADF7BBA-DEAC-46E4-B384-CC5BEBF67B2D},,,1031,-77.05026603768329,38.893524718542906
5770,7833,878,878,2,0,3239,TrafficCabinet_1410,,{D9F3F0AE-3709-4850-A720-6A5217A1A299},,,1032,-76.99512496144148,38.89353352304243
6204,10512,901,901,1,0,1143,TrafficCabinet_1411,,{E1F2A45F-72A7-40AE-B96E-73AD2F897951},,,1033,-76.98566861782722,38.89353229538542
825,11927,1182,1182,1,0,6125,TrafficCabinet_1412,,{0665E693-9CAC-4888-BBF7-ACBC994D5CC5},,,1034,-76.98732070050909,38.893532333219206
407,1374,1184,1184,2,0,2033,TrafficCabinet_747,,{C18CEA19-834A-4C77-8A64-4330FF2ADB60},,,1035,-76.98084246680082,38.893526144598795
2426,1620,858,858,2,0,3149,TrafficCabinet_748,,{F94FE690-3C85-46ED-B5C6-4D07AB5BB092},,,1036,-76.9985549806341,38.89351540985337
6526,2569,2018,2018,2,0,2094,TrafficCabinet_749,,{F62B2D88-20D6-4C69-AC91-34522E2D95CC},,,1037,-76.97721743653695,38.89351171109774
1977,10164,1183,1183,2,0,2064,TrafficCabinet_750,,{A88F8E62-5EE5-4862-8E38-F49585D0DA29},,,1038,-76.9789346501786,38.893501484558456
2426,1620,857,857,2,0,3149,TrafficCabinet_751,,{0D9F5084-6465-4BBD-AD1B-9E141DD7CA44},,,1039,-76.99855485419445,38.893497663361515
895,8605,368,368,2,0,2093,TrafficCabinet_752,,{8CAD062D-0D88-4000-AD3C-38383D800D7B},,,1040,-77.0436835715288,38.89346461338998
1901,1068,880,880,1,0,1032,TrafficCabinet_753,,{A2E2ACEA-8C5B-4C67-9169-400A13B1929A},,,1041,-76.99160551100731,38.89346927369068
5126,6377,1191,1191,1,0,3150,TrafficCabinet_754,,{90F67803-B3C4-494D-B908-34C664216265},,,1042,-77.019799958769,38.893459221696375
1036,5872,877,877,1,0,3249,TrafficCabinet_755,,{30B444FE-B6C6-4446-81FF-2C2D4FFD3B29},,,1043,-76.99369667352178,38.89345781143898
5179,7045,2017,2017,2,0,2164,TrafficCabinet_756,,{BD14BE44-2865-4E78-BBC4-D040559CCCC3},,,1044,-76.9753156735502,38.89345296851394
2129,9626,1195,1195,1,0,,TrafficCabinet_757,,{90B9693F-798F-494E-B8FD-C336B2A69CA6},,,1045,-77.01161066207604,38.89344328804857
2130,6104,1193,1193,3,0,2112,TrafficCabinet_758,,{8982B0C1-B6C7-491A-99DF-BF36AAA6E4D8},,,1046,-77.01228584073063,38.893441732594596
506,3949,371,371,2,0,2165,TrafficCabinet_759,,{E8CF1151-B502-4B72-B2C8-71869D0C5816},,,1047,-77.04651898015624,38.893424944745625
4549,8492,287,287,3,0,,TrafficCabinet_760,,{F05FBAC8-7467-416E-8C6C-B1A58C2CCBEF},,,1048,-77.04184336545926,38.89338284247516
545,4604,1196,1196,1,0,5177,TrafficCabinet_761,,{698CAE24-907D-4F4D-9719-4A82C6A5B619},,,1049,-77.01055519770208,38.893329954799945
6078,8800,2030,2030,2,0,4062,TrafficCabinet_762,,{6D9675E2-52B6-4C65-8D36-44F0F8F626F9},,,1050,-76.94251048397102,38.89301264090473
1894,6911,856,856,2,0,3121,TrafficCabinet_763,,{E85439E9-2D15-4EB3-BE37-263D366127EB},,,1051,-76.99937041535848,38.893023857294764
894,159,385,385,1,0,2088,TrafficCabinet_764,,{FE3F69BA-471A-4E56-A2E2-E9538F2487CA},,,1052,-77.04197410153193,38.892846058731195
6384,13118,902,902,2,0,1217,TrafficCabinet_765,,{E5691D29-6E62-4C89-A83D-F18D3D5E74BE},,,1053,-76.98358727987485,38.89271187236441
2118,2008,1194,1194,1,0,2129,TrafficCabinet_766,,{B142007C-50BF-4477-A2CE-E8A6FC999F8D},,,1054,-77.012289151368,38.89251868043857
348,11821,409,409,2,0,3180,TrafficCabinet_767,,{1DE15910-E024-4E26-AB0B-0C3415CBD305},,,1055,-77.02005085943826,38.89239643424201
5346,2166,383,383,3,0,2037,TrafficCabinet_768,,{5848171D-019B-4273-8840-F2CC0A5639F8},,,1056,-77.03957647580987,38.892386531814346
5860,3806,896,896,1,0,3051,TrafficCabinet_769,,{EAAEE369-00A3-411A-B43D-AAD8DDA202A9},,,1057,-77.00215583088607,38.89237131762248
1839,759,443,443,2,0,1200,TrafficCabinet_770,,{CA8686FE-153E-4FEC-A805-DD6AFDC7A472},,,1058,-77.03352163091809,38.89232388142694
6745,11821,411,411,2,0,3153,TrafficCabinet_771,,{A60A7283-94E9-4947-9720-87D492F074FA},,,1059,-77.02004144066936,38.89230997349672
2665,2008,550,550,2,0,2114,TrafficCabinet_772,,{3DD6AB87-DEE6-4FF6-915C-1DA078D7EB6B},,,1060,-77.01228580199347,38.892279886851234
6313,9615,471,471,2,0,3108,TrafficCabinet_773,,{7B3A0B71-BD77-4F78-8DD6-4DCA304073B3},,,1061,-77.01747231431311,38.8922665062941
4294,4604,549,549,2,0,4135,TrafficCabinet_774,,{18CFCE55-7C27-4846-83CE-94E56D6568A0},,,1062,-77.01022090404086,38.89223356657906
5346,13101,382,382,3,0,2037,TrafficCabinet_775,,{6338DAD1-D720-4FDD-879D-1ED7BCDCB1BD},,,1063,-77.03972831227631,38.892226815858216
5104,6016,386,386,2,0,,TrafficCabinet_776,,{C2902D0B-47EB-4DF0-AB2A-FEC260BC3D9B},,,1064,-77.0419127696375,38.89222416068494
6173,12355,551,551,2,0,,TrafficCabinet_777,,{84603EEF-62EE-4B20-A965-DA0665E4B60A},,,1065,-77.01342777880313,38.89222976467048
606,11955,563,563,1,0,1238,TrafficCabinet_778,,{E8A0B342-BB96-41F4-9830-C02E2DAA4611},,,1066,-77.03672756039893,38.89222450088208
606,11955,562,562,1,0,1238,TrafficCabinet_779,,{6D8B1D3A-DE43-431C-A24F-278026E6FA4D},,,1067,-77.03673868384291,38.89222439829182
3114,8128,421,421,2,0,,TrafficCabinet_780,,{5E403CAB-E6E6-4063-8DFC-2C5DF1FE89F1},,,1068,-77.03166350638733,38.89221469594327
6745,3597,410,410,3,0,3153,TrafficCabinet_781,,{4DFC4587-40FF-45DC-9CB7-81ECFBE77164},,,1069,-77.02019668180355,38.89221489040489
347,11908,473,473,2,0,5246,TrafficCabinet_782,,{818A28CE-FFEE-4691-8E66-D6D24B3AF97A},,,1070,-77.01856498707421,38.89217405595243
5140,5872,876,876,2,0,3251,TrafficCabinet_783,,{81213056-9ADD-41EB-A13D-610EC372E996},,,1071,-76.99369797731387,38.892138589500235
6099,6346,898,898,2,0,3124,TrafficCabinet_784,,{7405665F-6186-436B-91BA-4A77CD740B50},,,1072,-76.99959458732857,38.892125156048344
5284,9994,897,897,2,0,3084,TrafficCabinet_785,,{8A0FA098-206F-4860-B507-3A92F249E478},,,1073,-77.00050945611726,38.892123687259904
6933,627,881,881,2,0,1095,TrafficCabinet_786,,{802A6F9F-DB29-462D-BF0C-1B5E46A67E9A},,,1074,-76.98858629197944,38.892074801038106
6100,8876,899,899,2,0,3152,TrafficCabinet_787,,{1FA80A26-C054-460B-A63A-DEEBF4D70395},,,1075,-76.99858944074711,38.89207064759661
6213,11678,1180,1180,1,0,2036,TrafficCabinet_788,,{6586D487-DB9D-4785-9618-9AC0A51A27BC},,,1076,-76.98063668775549,38.89206865516831
7456,238,879,879,2,0,1034,TrafficCabinet_789,,{8FF2E1EB-3FD8-44FA-AF51-449C23511695},,,1077,-76.99165196788091,38.8920684301428
6427,10207,548,548,2,0,5245,TrafficCabinet_790,,{92821AD8-CEF9-4CE7-BCF8-866BD3F4ABC0},,,1078,-77.01631469765834,38.89201416903585
570,5116,407,407,2,0,2179,TrafficCabinet_791,,{F3BD51DD-A312-4B1C-9665-2505450707FC},,,1079,-77.04894633361545,38.891986081324696
1560,1411,488,488,2,0,2147,TrafficCabinet_792,,{C699E7D5-3555-4259-A8DC-00FAE19AE724},,,1080,-77.04479306500916,38.891987486634626
3575,5116,406,406,2,0,2189,TrafficCabinet_793,,{3ECEB111-67B5-4C0C-9937-EE4A71FF8925},,,1081,-77.04991150309162,38.89198454684512
2192,11288,486,486,1,0,2166,TrafficCabinet_794,,{60F133B0-2EEE-48B0-9771-6D8020C34010},,,1082,-77.04652360411059,38.89197797296447
2192,11288,487,487,2,0,2166,TrafficCabinet_795,,{A0C605E7-AB6E-46AB-8912-02417D5064FC},,,1083,-77.04653656963127,38.891974535608995
2193,1122,485,485,2,0,4134,TrafficCabinet_796,,{2F158E6B-0DA7-4F7C-8A2C-DF57C114B34A},,,1084,-77.04776517532926,38.891973859490136
1559,1411,489,489,2,0,2095,TrafficCabinet_797,,{5C44863E-D3F2-495E-92B2-335FB9FA3112},,,1085,-77.04357777574755,38.89197437974659
5614,8128,442,442,2,0,1062,TrafficCabinet_798,,{169FA65F-D96D-4140-AB89-94816707DA7B},,,1086,-77.02840801885851,38.89197394653087
4801,9127,545,545,2,0,3034,TrafficCabinet_799,,{0CA9E58D-1BED-43BF-8BD0-A79A3DA9E85A},,,1087,-77.01496327505141,38.891974722158665
6373,4711,873,873,1,0,,TrafficCabinet_800,,{7C0CF215-7EEF-4B08-A085-2D51267C70FC},,,1088,-76.99634350726458,38.89197307427695
5754,6129,440,440,2,0,1002,TrafficCabinet_801,,{F1586BFA-7AD4-4097-A7F1-24D73A782426},,,1089,-77.02591123227792,38.891966581717355
3114,8128,422,422,1,0,,TrafficCabinet_802,,{AF070EDE-EEAF-43B0-A62B-0243123C43BF},,,1090,-77.03173586352513,38.89196131580084
822,8871,414,414,1,0,3196,TrafficCabinet_803,,{2A1D7D03-63B1-43C7-870F-623D60222ECD},,,1091,-77.02217745009153,38.89196308037783
5346,11955,384,384,2,0,2037,TrafficCabinet_804,,{A1FB003C-7702-4D9B-ACD0-5615BEBD2F88},,,1092,-77.03930167656753,38.89195372720288
6745,3597,412,412,1,0,3153,TrafficCabinet_805,,{67CD35F0-E6B6-41C0-AC60-9FFE9259BDE9},,,1093,-77.02012787400132,38.89195732586803
5754,7822,441,441,3,0,1002,TrafficCabinet_806,,{494BF67B-FFEA-4D0B-9556-0059BC9B4265},,,1094,-77.02613781030526,38.891949667558215
583,12125,1231,1231,2,0,4138,TrafficCabinet_807,,{2F437476-6EAC-4DF8-81EB-2F561C1BFBFB},,,1095,-77.00849412326042,38.891951400545636
6907,9838,415,415,2,0,6060,TrafficCabinet_808,,{44A6BAFA-5CE7-45A3-A0EB-722DC661050A},,,1096,-77.0238477812187,38.8919378251102
822,94,413,413,2,0,3196,TrafficCabinet_809,,{8C82E795-FB35-47C7-A8AD-5CB3E6F1BD17},,,1097,-77.02205903252121,38.89192011484425
2590,12621,874,874,2,0,,TrafficCabinet_810,,{B953205B-736D-4886-8450-C4B0B7C610BE},,,1098,-76.99503827616383,38.89189135623876
6313,11684,472,472,1,0,3108,TrafficCabinet_811,,{3BDD4D36-60F4-4B1E-B3DC-2CC9B1DF5C6F},,,1099,-77.017671405767,38.89188637704422
4219,8755,1181,1181,2,0,1147,TrafficCabinet_812,,{0FDA2F0E-D860-4FFC-9A39-96266E9A2F0A},,,1100,-76.9854031656356,38.89186623616566
6276,13218,1246,1246,2,0,4063,TrafficCabinet_813,,{D53AC143-6396-4D39-A97A-74E8646C7C9D},,,1101,-76.93933306992652,38.89171207140806
620,10705,1232,1232,2,0,2115,TrafficCabinet_814,,{B611E00E-6A1D-4C60-8245-53DB39A2ABF7},,,1102,-77.00602966335853,38.8916988238841
3478,5399,546,546,2,0,3054,TrafficCabinet_815,,{7045C8E9-FD25-41A6-B8CD-21D2336AC070},,,1103,-77.01504697136987,38.89164451848217
3478,5399,547,547,3,0,3054,TrafficCabinet_816,,{4846A96D-EC78-461C-BF5F-CB19414021E3},,,1104,-77.01503343845906,38.89164264648312
1650,551,875,875,1,0,4013,TrafficCabinet_817,,{F13D7B34-842A-49AE-B6AC-146CF8794F89},,,1105,-76.9938869466418,38.89136710441356
4152,4397,1233,1233,2,0,2134,TrafficCabinet_818,,{E7A3B786-E805-4715-92DA-61F567FAA399},,,1106,-77.00618968964712,38.89089014276267
987,8453,914,914,1,0,,TrafficCabinet_819,,{2143A330-4446-40FB-A6AC-E8524E3EC607},,,1107,-76.98813901175149,38.8907654163336
3477,3275,459,459,2,0,3050,TrafficCabinet_820,,{F1BF3C2B-FD72-4027-8A9B-19017EF23DC1},,,1108,-77.0153393670655,38.8907599481529
287,5835,915,915,1,0,4144,TrafficCabinet_821,,{A2422F28-9604-4BB2-85C8-1C4AD888D800},,,1109,-76.99175291544252,38.89051712319483
73,9274,1250,1250,2,0,4173,TrafficCabinet_822,,{CF09558D-35EB-4B79-9C04-76F0DEA5AC30},,,1110,-76.95234261523763,38.89048818085022
5542,12357,481,481,2,0,3103,TrafficCabinet_823,,{60702B46-C515-4264-953F-39663B842351},,,1111,-77.01766797242652,38.89045038860158
821,12823,482,482,2,0,3218,TrafficCabinet_824,,{B3F07008-A118-48FE-B0AE-0A4FD29B441E},,,1112,-77.02177313438614,38.89042033716288
3270,11189,569,569,2,0,,TrafficCabinet_825,,{74BF5E7E-89E7-46EF-A42D-6AC3B5740BD1},,,1113,-77.04995140166776,38.89040981166039
3113,8699,479,479,1,0,1172,TrafficCabinet_826,,{219445E2-45BC-482E-8488-7231F68151D2},,,1114,-77.03174293035094,38.89035707543661
3269,10127,568,568,2,0,,TrafficCabinet_827,,{A9F9853D-AB69-4AEE-B369-47F900F9AA3E},,,1115,-77.04925930852207,38.89019472429825
5416,11244,1272,1272,2,0,4167,TrafficCabinet_828,,{5ACB1B8B-EF18-4F77-BD16-2AF9E8F526E2},,,1116,-76.92299830608962,38.88994428972393
3715,7741,1260,1260,1,0,4171,TrafficCabinet_829,,{7637323E-1A1A-41B2-ABB0-7BDC26EEB4AD},,,1117,-76.91297947606292,38.889935012527246
1000,13952,1270,1270,2,0,4169,TrafficCabinet_830,,{6F3E687E-3CD7-44A8-90C5-9493D7D59931},,,1118,-76.91785498107096,38.889929489484366
1965,3861,1273,1273,2,0,4166,TrafficCabinet_831,,{BEAB7DF9-9F14-4995-977D-F64B61EB6B39},,,1119,-76.92611327879132,38.88992522198016
2967,8398,1259,1259,2,0,,TrafficCabinet_832,,{A93AC678-4B61-4B9E-8C30-A551FDBE0E74},,,1120,-76.91355250894699,38.88991534032018
5168,11248,955,955,1,0,4150,TrafficCabinet_833,,{F8930AFA-2A3F-4C69-BD1B-A7E2CE183DE2},,,1121,-76.98069424266323,38.88993479688073
5308,5767,1275,1275,2,0,4165,TrafficCabinet_834,,{626E9FF1-F0AB-4DEA-962A-3AA6547F7DAD},,,1122,-76.93020724694033,38.88989467005501
24,4352,2003,2003,2,0,4172,TrafficCabinet_835,,{B7B9DEB5-A303-4601-B44E-6B0E3FCE139C},,,1123,-76.94826491916025,38.889902523034095
4093,9504,1274,1274,2,0,,TrafficCabinet_836,,{0357B8F5-5A0B-4B45-B7C7-8C19192CA06F},,,1124,-76.9281598109563,38.88988986147727
3611,3522,913,913,1,0,4147,TrafficCabinet_837,,{F4B24631-C246-4043-8D72-55B8B9FAD725},,,1125,-76.9880684857214,38.889903109400365
5664,5694,954,954,1,0,4149,TrafficCabinet_838,,{D30ECEE7-3DE5-455B-8779-3B8862134971},,,1126,-76.98386393314462,38.889887055861
6225,9517,908,908,1,0,4152,TrafficCabinet_839,,{2CD2B487-B4D2-4931-8C74-5759C7B5256B},,,1127,-77.00338346133144,38.88988783278522
3612,5694,910,910,1,0,4148,TrafficCabinet_840,,{C62A3ED5-FC83-44D2-907A-08D3DAB3404A},,,1128,-76.98534032469244,38.88988498935476
6294,9517,907,907,1,0,4153,TrafficCabinet_841,,{8B056716-9E7E-4C28-92F8-AF34D2DC2200},,,1129,-77.00218440629288,38.88974070955267
683,12094,1234,1234,2,0,4163,TrafficCabinet_842,,{2C41188F-1CAD-4FF2-8F43-59392C71C82E},,,1130,-77.00563670787345,38.889739152572304
3865,11116,906,906,2,0,4154,TrafficCabinet_843,,{C99CECCF-B470-470B-B45E-4FF7F51A3408},,,1131,-77.000652264051,38.88970730710628
4166,4850,916,916,1,0,4146,TrafficCabinet_844,,{0E8A3E92-DAA1-4468-9B9F-A95030867942},,,1132,-76.9916952960327,38.88970430234171
3867,834,904,904,1,0,4156,TrafficCabinet_845,,{D29537BB-EBD3-4BC7-8A44-A0D327F5405E},,,1133,-76.99505130341315,38.8897031864611
3868,9434,903,903,1,0,4157,TrafficCabinet_846,,{27BCD6DA-58DF-4C8A-8C7C-43E20D1B7596},,,1134,-76.99383162432103,38.88969361559541
3612,3637,911,911,1,0,4148,TrafficCabinet_847,,{0C389C8B-2C73-430D-B6E0-ED07F26EACBB},,,1135,-76.98558905073595,38.889684493835155
1587,8695,905,905,1,0,4155,TrafficCabinet_848,,{BD6FDBA5-05F6-467A-87CC-D8E89C7B1D41},,,1136,-76.99851959139794,38.889664635911394
6905,1288,1251,1251,1,0,4158,TrafficCabinet_849,,{4BDDECC6-A6D9-4EAE-8924-30B651330A93},,,1137,-76.95339618221793,38.889630080544045
1875,12241,1276,1276,2,0,,TrafficCabinet_850,,{AC9908DA-EEBA-4527-B373-2DC692254B19},,,1138,-76.932024341911,38.88960319449701
4420,3152,1277,1277,2,0,4170,TrafficCabinet_851,,{3BDD9BBB-0891-4E55-95E7-883B1B22D084},,,1139,-76.93728036117724,38.889555138457574
2736,8041,1271,1271,2,0,4168,TrafficCabinet_852,,{59FEBB67-5AA5-4A34-A105-6E964DECD07C},,,1140,-76.92073796645462,38.889540923004205
7,12734,825,825,2,0,,TrafficCabinet_853,,{D9C87996-C348-4BD2-B615-9037220E8D22},,,1141,-76.97426767996869,38.88956444878873
4634,11014,917,917,1,0,4145,TrafficCabinet_854,,{ADC1416C-B8C8-4403-B747-0F57A00880AC},,,1142,-76.99143228720695,38.88909850601246
4263,3180,912,912,1,0,,TrafficCabinet_855,,{AFE56913-78E0-4E8A-9E26-27A1215F8AF9},,,1143,-76.98839016732082,38.88892197638083
6981,11101,574,574,1,0,,TrafficCabinet_856,,{6D49A11C-F74A-4F5B-861A-190193A31584},,,1144,-77.03963142782027,38.88884376206436
5669,5891,909,909,1,0,1001,TrafficCabinet_857,,{F90E502D-6514-4278-A544-D79F0902952F},,,1145,-76.99257489472063,38.88873092528107
3718,3671,552,552,2,0,3043,TrafficCabinet_858,,{B8A41F6A-8A25-4CDB-B68D-C7DDD324598F},,,1146,-77.01533550441621,38.88871688482839
2158,1090,498,498,2,0,3097,TrafficCabinet_859,,{F1CD4195-AB79-46E8-967C-A81C38F3F001},,,1147,-77.01766562935062,38.88866885625609
3330,4840,478,478,1,0,1229,TrafficCabinet_860,,{93E1F524-D78C-4E92-A016-FCEAD0F55333},,,1148,-77.03293606430303,38.888634694599034
2428,12024,483,483,2,0,3213,TrafficCabinet_953,,{35ED4D92-D7ED-463F-8919-758DF1DF1CD5},,,1149,-77.02177338101026,38.88858478114291
5439,7100,480,480,2,0,1165,TrafficCabinet_954,,{FD5353CF-B218-4829-9D5C-4CFE9F1D9F3D},,,1150,-77.03181711564301,38.888495915401
843,3671,476,476,3,0,3052,TrafficCabinet_955,,{06808581-147E-42EA-9DF5-172408533FE6},,,1151,-77.01533938521827,38.88832498380917
5448,13193,1255,1255,1,0,6041,TrafficCabinet_956,,{1F7D25AF-D601-4051-B2F7-5A0A9EDD22C4},,,1152,-76.95168412957005,38.88826160669764
6981,158,573,573,1,0,,TrafficCabinet_957,,{68BA2F68-C822-4735-A8E3-2B6FC7457707},,,1153,-77.03995765177349,38.88823344130871
843,1186,477,477,2,0,3052,TrafficCabinet_958,,{0F80B170-80C8-418A-A7B1-F53F8A794FCC},,,1154,-77.01496736063729,38.88815333237198
2962,2455,447,447,2,0,1209,TrafficCabinet_959,,{4E1ABE13-8BCD-4E58-B4C0-A3E284A480AF},,,1155,-77.03336369636249,38.88800268945187
1671,7100,446,446,2,0,1163,TrafficCabinet_960,,{BF07337F-E269-462F-9ABB-35B0C562F7C3},,,1156,-77.03210302409192,38.88782473089047
6979,12186,575,575,1,0,,TrafficCabinet_961,,{9360AE7B-EDB4-40D1-B59D-E1263F5A58FE},,,1157,-77.03745833782288,38.8877977054839
1035,3699,1240,1240,2,0,2225,TrafficCabinet_962,,{D12472C7-B4A1-4BB8-828D-A5776BFF6E30},,,1158,-77.00361043948627,38.887782000486276
4188,4474,956,956,2,0,1137,TrafficCabinet_963,,{F854F000-777C-4C0C-B5E9-AA62078CBFA2},,,1159,-76.98478112899518,38.887759129746904
4188,4474,957,957,2,0,1137,TrafficCabinet_964,,{DB959D28-46F0-46AE-B2ED-A147A9833A3B},,,1160,-76.98476432517279,38.88775256044753
771,7501,959,959,2,0,2090,TrafficCabinet_965,,{3C8DC44F-C8F6-408E-A980-85A761548731},,,1161,-76.97732831688828,38.88774156183147
4195,6326,1252,1252,1,0,5091,TrafficCabinet_966,,{244A1978-EC87-4981-9EB0-A2CC98B3A182},,,1162,-76.95468127897186,38.887716891083734
3239,8322,505,505,2,0,3042,TrafficCabinet_967,,{2CF043F0-459E-4643-8416-3E0EBE867E01},,,1163,-77.01504118762885,38.88772150620729
815,2915,920,920,2,0,,TrafficCabinet_968,,{2CDA5D2E-32D9-4366-BADE-C42C6EB72F29},,,1164,-76.99519671727961,38.88771992596945
4588,11250,922,922,2,0,3246,TrafficCabinet_969,,{54BC1EB9-C354-462C-B2BB-1AB509D5A7C8},,,1165,-76.99382717330336,38.887715150262466
815,2915,921,921,2,0,,TrafficCabinet_970,,{C75058F6-7197-4AB4-B343-AC646541BEA5},,,1166,-76.99522013914108,38.88771095458344
4134,678,918,918,2,0,3074,TrafficCabinet_971,,{00E058C9-FCCD-43F5-B58C-F329EA5D1278},,,1167,-77.0006499865512,38.88770505089908
88,11277,444,444,2,0,,TrafficCabinet_972,,{CA192F7A-300F-44B4-BC20-108FC7BF2592},,,1168,-77.0278268810458,38.88769505331649
5391,11940,919,919,2,0,3144,TrafficCabinet_973,,{ECC2C8B0-259A-499F-BB1F-DBE07B1EC1F4},,,1169,-76.99838940905947,38.887697843947905
7405,12407,924,924,2,0,1089,TrafficCabinet_974,,{69E7AC4E-C187-41C8-B27F-73DB86E07D61},,,1170,-76.9884912326773,38.887695639708475
587,1361,1235,1235,3,0,2124,TrafficCabinet_975,,{69A24484-1FF9-4859-A6B4-074CE16CD333},,,1171,-77.00628208220677,38.8876852544123
7033,4805,958,958,2,0,2027,TrafficCabinet_976,,{A9950A05-A777-4722-BCC8-CDA6E0C6256D},,,1172,-76.98092382447084,38.88766619160836
6272,6563,923,923,2,0,1028,TrafficCabinet_977,,{40E16ACB-9545-444C-BB46-72D12E2BDE40},,,1173,-76.99136754497437,38.88765477340223
587,1361,1236,1236,2,0,2124,TrafficCabinet_978,,{F2A8C517-B396-4004-9444-08603DF14A5D},,,1174,-77.00603547863733,38.88754425924604
638,2811,566,566,2,0,6059,TrafficCabinet_979,,{66282867-8872-49AB-A3D2-1AFDF1490D57},,,1175,-77.00894404986329,38.88751771416791
824,95,506,506,2,0,,TrafficCabinet_980,,{EF7D664F-756A-4FD8-8460-77F9B910DC81},,,1176,-77.01336594360323,38.887467889829956
88,11277,445,445,1,0,,TrafficCabinet_981,,{ECA68B5B-8FA5-411B-8F62-5FDA6A8A5499},,,1177,-77.02775303258379,38.88745788923659
823,773,567,567,2,0,2125,TrafficCabinet_982,,{B981E5FE-818A-4C4A-90C4-09F0AF43292E},,,1178,-77.01223109384522,38.887432449113525
6635,9629,491,491,2,0,,TrafficCabinet_983,,{5DEC6892-0826-415D-9D09-AD7BBF3D203F},,,1179,-77.02599835871683,38.88742890766972
1831,1945,484,484,2,0,3168,TrafficCabinet_984,,{DB4E1157-1957-4D74-BB39-558D3A59C927},,,1180,-77.01978516576393,38.88741970278211
2703,9335,490,490,2,0,3211,TrafficCabinet_985,,{0ED81E0A-9DDA-49F1-B74A-8D17E1B57B64},,,1181,-77.02205388487558,38.88738708244316
2159,6574,499,499,2,0,3096,TrafficCabinet_986,,{5DDFABB1-331B-4821-9B62-99FA40BABDD5},,,1182,-77.01765923495611,38.88737615475213
38,6983,570,570,1,0,2193,TrafficCabinet_987,,{A4EE1FDB-EF4C-4443-8A0A-F0E1BD5CF741},,,1183,-77.05033201535764,38.88734363731919
5133,6391,951,951,1,0,3029,TrafficCabinet_988,,{DC222B91-7FE8-49C6-812A-D6D0FC3D81AB},,,1184,-77.00198271665434,38.88731630623213
5133,6391,952,952,1,0,3029,TrafficCabinet_989,,{F72F594E-722F-43E6-83AE-0CC7267EB7E6},,,1185,-77.00198158679146,38.88730549619468
3390,13242,571,571,1,0,,TrafficCabinet_990,,{C9226FD2-29F4-4709-87CC-46033D0001E2},,,1186,-77.04801159615879,38.88724479233376
2434,1945,496,496,2,0,3174,TrafficCabinet_991,,{3F40A8C9-1D8D-4E91-BEFC-FC82EA3C8312},,,1187,-77.0197873477216,38.88705836724737
3390,13242,572,572,1,0,,TrafficCabinet_992,,{AF37E400-8C59-4EF8-9A95-27BD4ACB79AA},,,1188,-77.04813711177749,38.886863037500426
5133,8308,953,953,1,0,3029,TrafficCabinet_993,,{B93475DE-3888-443D-AEBD-B83D8703665B},,,1189,-77.00197780323006,38.886782523710146
3210,9924,947,947,1,0,3145,TrafficCabinet_994,,{103607A1-4096-4F3F-8AB6-0D0018E21245},,,1190,-76.99835608777828,38.88665331272679
2841,7460,1256,1256,2,0,6126,TrafficCabinet_995,,{2F78FDCF-1527-4CE1-8CAE-074D241E90B6},,,1191,-76.94071265437847,38.886588849497876
1999,11505,1269,1269,2,0,4065,TrafficCabinet_996,,{91AB9B3C-3E6F-4985-99BD-3C99C9731429},,,1192,-76.93623912766265,38.88645708775533
3488,5297,561,561,2,0,6142,TrafficCabinet_997,,{74A9A1A2-D5F3-445B-8F6A-8D3C0E3EDCBD},,,1193,-77.01298105289112,38.88646924609227
39,5297,556,556,2,0,2113,TrafficCabinet_998,,{465FB4A7-8765-4E7A-B5BF-539BBEEDC7C3},,,1194,-77.0123296783048,38.88643894041577
2181,6574,500,500,2,0,3082,TrafficCabinet_999,,{41BE448D-ECA1-4462-9D8C-48490BD0615C},,,1195,-77.01745368818354,38.88638338995495
2435,1650,492,492,1,0,3195,TrafficCabinet_1000,,{07505D6F-9560-4492-BF44-89DCAE028755},,,1196,-77.02169678912985,38.886313224132564
3331,5425,945,945,2,0,3076,TrafficCabinet_1001,,{E65916B6-0BA7-42F1-AF4A-DA3B8ABE9EAE},,,1197,-77.00065486042884,38.886267655573555
2839,2281,524,524,1,0,1060,TrafficCabinet_1002,,{F4740505-B77A-4055-8245-C54826C2223C},,,1198,-77.02800973901707,38.88615492768377
4317,4928,926,926,1,0,6065,TrafficCabinet_1003,,{F6C98974-1B4B-482B-B6A1-952CDE18A0AE},,,1199,-76.98728536323544,38.88612992108527
4079,10483,553,553,2,0,3033,TrafficCabinet_1004,,{0D132782-2B0C-4B8D-AF5F-6B70AA228374},,,1200,-77.01492477266741,38.88612273164997
1672,4905,458,458,2,0,1144,TrafficCabinet_1005,,{F3F4E0A7-5D54-48C8-802B-6C0873101EB8},,,1201,-77.03163145692024,38.88606918902852
4077,5494,960,960,1,0,2028,TrafficCabinet_1006,,{0CB7A62C-752F-4A0E-93AB-69D1AC081277},,,1202,-76.98063974407589,38.885987604137
4079,10483,554,554,1,0,3033,TrafficCabinet_1007,,{84CD7060-1598-4EBD-A5A5-F3AB4E853C75},,,1203,-77.01503185487427,38.88598759217635
2659,2001,927,927,1,0,1024,TrafficCabinet_1008,,{58AE54F0-5B0F-45F8-9138-8E275C4B2BAA},,,1204,-76.99136818581042,38.88597777317462
1075,4780,565,565,2,0,6055,TrafficCabinet_1009,,{8E9DDAD3-68CF-4639-94B8-35AA12E2B6B7},,,1205,-77.00915224148122,38.88594579852302
55,10935,559,559,1,0,2227,TrafficCabinet_1010,,{D2636C3E-71DB-44DC-877E-75CCD36148AD},,,1206,-77.01357953146942,38.88593525121043
2182,3306,495,495,1,0,3151,TrafficCabinet_1011,,{FB873B7A-E972-4341-9153-4B536BFD9174},,,1207,-77.0199862911615,38.885916665079776
2181,1143,501,501,1,0,3082,TrafficCabinet_1012,,{1ED2A6D0-D2B2-44A3-B236-4FF0A70F164C},,,1208,-77.01765850478077,38.88591637362321
3247,3151,946,946,2,0,5244,TrafficCabinet_1013,,{851CA834-ACCC-4CE6-BB1A-BC349AAE84CB},,,1209,-76.99960211447124,38.885881089040645
3981,4063,1261,1261,2,0,6110,TrafficCabinet_1014,,{ED67601B-8F9B-4A81-A936-46E99905E007},,,1210,-76.91854275869913,38.88583181437164
663,10929,1268,1268,2,0,,TrafficCabinet_1015,,{3ED76C8F-F199-4C8E-A35E-271E4187622B},,,1211,-76.93597355238605,38.88581986051493
1228,10243,948,948,2,0,3146,TrafficCabinet_1016,,{B074073A-5C84-4158-A3CE-AC3955C79164},,,1212,-76.99838597062039,38.885817830731995
3079,10231,944,944,1,0,3075,TrafficCabinet_1017,,{12179AFF-CEF2-456F-BBE8-65D6ADA399F4},,,1213,-77.00065712340277,38.885440361714146
1228,1976,949,949,1,0,3146,TrafficCabinet_1018,,{81CB7005-940F-4290-AC0E-8F8D552A5701},,,1214,-76.99826300092228,38.88533690742041
3078,3946,950,950,1,0,3027,TrafficCabinet_1019,,{A4B55EEF-752F-4DAF-BAAD-BC1BF6941764},,,1215,-77.00198169036801,38.88522704621958
2044,1022,931,931,1,0,1031,TrafficCabinet_1020,,{130143CB-B554-4A81-A4D8-2402DB256719},,,1216,-76.99138411497736,38.8852112600247
4327,5946,937,937,2,0,5176,TrafficCabinet_1021,,{47CC3D03-B132-4963-AC6D-E068013E385B},,,1217,-77.00705060527011,38.8850215220391
96,13217,555,555,1,0,2231,TrafficCabinet_1022,,{4506C065-FC75-4AAB-92AF-2EA90F4AED89},,,1218,-77.01381842377685,38.885014341180124
3733,13258,493,493,2,0,3198,TrafficCabinet_1023,,{0B0B4C87-D660-429D-9617-C992ABC07D0E},,,1219,-77.02177993003093,38.88500485807686
3571,12316,564,564,2,0,6057,TrafficCabinet_1024,,{921ED037-E3BE-4966-AB21-961506F41FF1},,,1220,-77.00914326525347,38.88497591161605
2396,3249,942,942,2,0,3191,TrafficCabinet_1025,,{D06F1F1C-4390-412F-9026-ADE1FA6CC437},,,1221,-76.99624643879186,38.88496720102292
4328,6285,938,938,2,0,2118,TrafficCabinet_1026,,{9D27AFC0-FD59-4158-A6CD-EE108E45E738},,,1222,-77.00598858037394,38.884957171391754
3732,8108,494,494,1,0,,TrafficCabinet_1027,,{25598519-2987-4C3F-8E0A-89D7F2E4B888},,,1223,-77.01982496080933,38.88495531786749
3762,3930,943,943,1,0,2224,TrafficCabinet_1028,,{B0F345E2-4539-4AE5-81FA-359D65B760FA},,,1224,-77.00359065644675,38.88495492758686
45,7878,558,558,2,0,4095,TrafficCabinet_1029,,{C2448324-8D2B-4CCC-BD57-57CF5D1ADFBE},,,1225,-77.01084946227309,38.88492012977759
395,4922,504,504,1,0,3036,TrafficCabinet_1030,,{FE4B4CFC-DB5E-4769-82BC-716A08A154E2},,,1226,-77.01527679360865,38.88491658069134
1242,1625,502,502,2,0,3113,TrafficCabinet_1031,,{ECFA57B8-B26F-431D-869C-ED5BA9396582},,,1227,-77.01745583528147,38.884748034725924
691,6846,961,961,1,0,2091,TrafficCabinet_1032,,{8C596BCC-F2B0-4F48-8EE8-2562171D7F1A},,,1228,-76.97738787834751,38.884668976234515
731,12591,523,523,1,0,1077,TrafficCabinet_1033,,{F82BE9F4-BF07-4EE6-BBAD-6E55013541F7},,,1229,-77.0279754866514,38.88436901471812
6761,7627,925,925,1,0,1139,TrafficCabinet_1034,,{612BB6AA-5178-462D-934D-8951ED62C587},,,1230,-76.98533927532567,38.88416490143701
952,10452,933,933,2,0,3236,TrafficCabinet_1035,,{38EEB2F3-1221-4C62-943A-260600C43867},,,1231,-76.99507828845654,38.88399899949899
3547,10452,932,932,1,0,,TrafficCabinet_1036,,{3BEC0E39-95B4-405B-881D-043C5794A887},,,1232,-76.99479625033297,38.88392937047304
929,10929,1267,1267,2,0,4074,TrafficCabinet_1037,,{3EFEB959-9EAF-4CF3-B47B-5894ADACE4B3},,,1233,-76.93480601526286,38.88388692474984
22,60,503,503,1,0,2239,TrafficCabinet_1038,,{48C7DC3F-D364-40A7-B0D0-FE03F18A5167},,,1234,-77.01354984004216,38.883747262190106
3471,3165,560,560,2,0,,TrafficCabinet_1039,,{8B5CA9E0-5744-437C-A64D-E4293199ECC6},,,1235,-77.00919269554603,38.88369487030719
5497,6285,936,936,2,0,,TrafficCabinet_1040,,{13066728-A174-4535-9318-7B4594B61524},,,1236,-77.00580098163859,38.88361549897797
1616,3165,557,557,1,0,6056,TrafficCabinet_1041,,{B04A5B0D-9512-400B-A675-9F7A8F49A5A0},,,1237,-77.00918868326266,38.883594616291184
786,66,1254,1254,1,0,5094,TrafficCabinet_1042,,{FA76E3FF-4F53-4EEA-919D-61C1F856521E},,,1238,-76.95769035226972,38.88350845588416
2004,3623,934,934,2,0,3248,TrafficCabinet_1043,,{656AB900-8F05-42D2-BDE0-5B2E29723428},,,1239,-76.99370581142799,38.883429450472654
6084,8810,941,941,1,0,3147,TrafficCabinet_1044,,{CBAC2BE6-B081-4F06-9175-6ADDD0B01AEF},,,1240,-76.99829091708023,38.88338450249255
3469,5344,497,497,2,0,3088,TrafficCabinet_1045,,{5CF07D2B-223A-40F5-8DFC-4EFBF286A5E1},,,1241,-77.01745304418174,38.883374103162275
3516,11072,939,939,1,0,3028,TrafficCabinet_1046,,{241EE645-CDE9-42B1-9445-51D0367D54AB},,,1242,-77.0021846011595,38.88331196797536
727,8628,940,940,1,0,3072,TrafficCabinet_1047,,{32F79888-1406-4EFE-99F5-67E50DFF050E},,,1243,-77.0007080233391,38.8833065001787
707,193,1266,1266,2,0,4072,TrafficCabinet_1048,,{9B580025-D77F-4737-B4E9-525DD5AD559E},,,1244,-76.93422929974093,38.88315932716796
81,2848,475,475,2,0,,TrafficCabinet_1049,,{DFFD65B4-7A25-4EE0-A171-547C361C1AB9},,,1245,-77.02212714519536,38.882779216949736
5582,7887,935,935,2,0,,TrafficCabinet_1050,,{BC791235-01E3-49A8-B1EC-3C3E3EF4C0A0},,,1246,-76.99518565750174,38.88268432901074
343,8478,930,930,2,0,1025,TrafficCabinet_1051,,{A007188A-DE45-4754-B036-A1462093B00E},,,1247,-76.99164667117277,38.882566705241096
343,8478,929,929,1,0,1025,TrafficCabinet_1052,,{9716BD6C-D3E7-4B75-8011-3E75FF0FEF1B},,,1248,-76.99131629192645,38.88250707264652
5907,10213,1265,1265,2,0,4066,TrafficCabinet_1053,,{E4EFD53F-207C-4BCC-A7E7-39E78FE29F52},,,1249,-76.93348780713681,38.88240619322656
322,3552,963,963,1,0,2030,TrafficCabinet_1054,,{EC5B9764-B642-4043-ADB5-E4B1EAB0006A},,,1250,-76.98063340957901,38.882402779075726
344,12284,928,928,2,0,1059,TrafficCabinet_1055,,{18D01FB3-7AD0-4329-BC11-934EF7D86121},,,1251,-76.99014001366162,38.88216694865851
59,3138,986,986,2,0,,TrafficCabinet_1056,,{C299ACFA-470F-4365-898B-E1BD5608113D},,,1252,-77.02205705430634,38.88186880641875
2658,6650,995,995,2,0,3092,TrafficCabinet_1057,,{C5654DE5-8F80-4C52-BE13-F69AEFCC3C70},,,1253,-77.01741685998519,38.88141542367521
3843,3732,967,967,2,0,3232,TrafficCabinet_1058,,{0CB1D403-E513-45F9-B4AB-95792812BA99},,,1254,-76.99479974690992,38.8813388375254
2082,1320,966,966,1,0,1026,TrafficCabinet_1059,,{56738BDF-B75E-4AF1-A5E9-120FF8ED6CBC},,,1255,-76.99135187482175,38.8813320210176
3913,3354,985,985,2,0,3206,TrafficCabinet_1060,,{4B398282-0CA0-4D12-BB03-2DC068190D23},,,1256,-77.02214090138511,38.88120278227163
985,4134,1241,1241,2,0,1090,TrafficCabinet_1061,,{D0B31819-59C2-494B-83E9-F8E06FB0B337},,,1257,-76.98824448477386,38.88115744630232
5621,3709,962,962,1,0,,TrafficCabinet_1062,,{D50C2B1E-69F0-4A35-87B7-D032327E152E},,,1258,-76.98352767523767,38.881071350719836
2871,2313,1258,1258,1,0,6127,TrafficCabinet_1063,,{A45CB5A7-868D-43F1-B562-11C81CCF3BBC},,,1259,-76.94565551819282,38.88096620930057
62,1470,970,970,1,0,,TrafficCabinet_1064,,{B383444E-A30B-4905-BF47-DE678A9B7A67},,,1260,-77.00214995263622,38.88092388080619
2871,6814,1257,1257,3,0,6127,TrafficCabinet_1065,,{76BB0647-B1BE-416C-B12C-72F683B58CDC},,,1261,-76.9459924495684,38.88088220017783
2153,4239,972,972,2,0,,TrafficCabinet_1066,,{1B3ED909-9706-4687-B439-E390864617E1},,,1262,-77.00068968344974,38.880637792092564
2913,2386,1239,1239,1,0,,TrafficCabinet_1067,,{81A98BE0-0D8E-466A-BE53-55970B8E3FFA},,,1263,-76.98606757668462,38.88052340358907
2913,2386,1238,1238,2,0,,TrafficCabinet_1068,,{41541B57-0240-4CF4-9057-53718133DA59},,,1264,-76.98608895820773,38.880510280911246
1465,1919,1253,1253,2,0,,TrafficCabinet_1069,,{2ED8BD52-C954-4D8E-AE98-3E34F1E9E7AC},,,1265,-76.95980986728758,38.880288164511285
950,210,984,984,1,0,4011,TrafficCabinet_1070,,{0076A436-08CB-4040-8A68-38403203FC43},,,1266,-77.02514254665948,38.88024977145813
2270,2904,1237,1237,2,0,,TrafficCabinet_1071,,{2FFC1716-B1D0-4290-9D47-69FD2A88C737},,,1267,-76.98502376518591,38.880081052476946
2343,7218,971,971,2,0,,TrafficCabinet_1072,,{D0338966-7886-4FBF-B57D-297298571B25},,,1268,-76.9986077842265,38.88002589988388
3157,11773,968,968,1,0,3189,TrafficCabinet_1073,,{FDCA427C-8E7E-4973-A079-8C27B36B740A},,,1269,-76.99625390620737,38.87950045167579
813,88,994,994,2,0,3095,TrafficCabinet_1074,,{30AFFF45-5A2E-455E-B350-31535CEF4661},,,1270,-77.01733610670446,38.87939131316961
734,4134,964,964,1,0,1088,TrafficCabinet_1075,,{1275FD33-D10A-40B1-B0D4-B705DDFE776F},,,1271,-76.98821705878075,38.879388907079765
5668,7648,996,996,1,0,3041,TrafficCabinet_1076,,{427AE0A0-AB96-424F-B2C2-FFC84FD805A6},,,1272,-77.01535903304128,38.8793635197913
1026,9438,999,999,1,0,4140,TrafficCabinet_1077,,{B2B3546B-373E-43F6-A4B5-C6688D2923E3},,,1273,-77.01311539544584,38.87935997378233
103,8491,983,983,2,0,6058,TrafficCabinet_1078,,{579E2313-40FF-4123-B942-CEF7D7E2966E},,,1274,-77.0093214337978,38.8793555998696
7213,4098,965,965,1,0,1027,TrafficCabinet_1079,,{D61C52DC-F2E2-4DD9-ABC4-97B621BB5BEA},,,1275,-76.9916924436778,38.879353343528344
761,10702,987,987,2,0,3210,TrafficCabinet_1080,,{AEA3EE2E-22CE-478A-8F6F-E75001BBBE6A},,,1276,-77.0221012369467,38.87932195467228
1118,8895,1245,1245,2,0,,TrafficCabinet_1081,,{61FFC822-BDCC-452F-BF64-2598460A07FD},,,1277,-76.98358901317552,38.87931222761672
5025,10156,2006,2006,1,0,3120,TrafficCabinet_1082,,{8A51218D-0AB3-4931-BAB7-89E20ED51DF6},,,1278,-76.99919601618896,38.879214888826425
760,1675,992,992,1,0,3167,TrafficCabinet_1083,,{5F6C69E9-D990-44E6-A497-8C546A45CBBB},,,1279,-77.0196361578569,38.87917865726668
6645,2552,969,969,2,0,3234,TrafficCabinet_1084,,{81F6E563-6488-4AEE-A347-54942A49BACD},,,1280,-76.9948808219676,38.8791528557813
6991,3280,1244,1244,2,0,,TrafficCabinet_1085,,{DD60E4E5-36F0-4A25-A293-AA2B5396A175},,,1281,-76.98133946278598,38.8788821714985
2941,2978,1278,1278,1,0,,TrafficCabinet_1086,,{7E9337BA-6556-4E5E-A534-CE77638C246D},,,1282,-76.96112619864448,38.87869751153063
2611,7570,1264,1264,1,0,4068,TrafficCabinet_1087,,{2D051409-0DF4-452B-B6D9-E96AE16D7CB5},,,1283,-76.93136850692025,38.87861421702611
5320,11862,988,988,2,0,3219,TrafficCabinet_1088,,{932CCE8C-7019-4617-AE16-0CABAC880F64},,,1284,-77.02300570196991,38.87858979393658
3720,12287,2008,2008,1,0,3190,TrafficCabinet_1089,,{4C31C0CA-9468-4655-B98D-D79E2A07F24B},,,1285,-76.99624948787705,38.878485367727784
6806,5888,1243,1243,2,0,,TrafficCabinet_1090,,{A3738266-335B-4DF4-BE14-6E7D8067E44D},,,1286,-76.98016736350189,38.87819783583939
4314,11498,2009,2009,1,0,3238,TrafficCabinet_1091,,{0E35B189-BCD7-45FB-BB15-08C7CA414E1C},,,1287,-76.99479419622573,38.8781171208445
6806,9320,1242,1242,2,0,,TrafficCabinet_1092,,{2932DAFF-7117-40E3-B22F-6AF25A5CC48D},,,1288,-76.98043933064936,38.87787465147191
1418,12606,2004,2004,1,0,,TrafficCabinet_1093,,{886EBD06-F25B-497F-AD97-D3395DE1CAA4},,,1289,-77.002108084482,38.876724294477874
3812,7268,998,998,1,0,,TrafficCabinet_1094,,{F8D666B9-2AF3-4D95-B524-363805865E89},,,1290,-77.0137515014921,38.87668427210694
1913,874,1000,1000,2,0,,TrafficCabinet_1095,,{83D39860-062B-4CF6-8814-F6E9119FB1AF},,,1291,-77.00415486751972,38.87667800846513
5095,7511,979,979,2,0,5032,TrafficCabinet_1096,,{F9241426-5510-432A-B7F3-1107829520A8},,,1292,-77.01073319131036,38.87665283396295
2304,1846,2010,2010,1,0,3235,TrafficCabinet_1097,,{D3CCE774-802D-4FD7-9570-435EF1F7950A},,,1293,-76.99480427182193,38.876650248123276
3711,3707,2011,2011,2,0,3247,TrafficCabinet_1098,,{2DAB82A0-B4AF-41A3-A240-030AA8D745D6},,,1294,-76.99386352166484,38.87665010340487
5478,12328,2005,2005,2,0,,TrafficCabinet_1099,,{2A9D91DD-BD50-429D-AABF-854563671537},,,1295,-77.00065613175757,38.876648632142256
6907,6185,980,980,2,0,6060,TrafficCabinet_1100,,{A4199611-C327-4EB5-81A9-305775D7E2D1},,,1296,-77.00934190443094,38.876646242311075
5095,7511,2001,2001,1,0,5032,TrafficCabinet_1101,,{81D72549-41BE-43AC-9BF6-22F4E278DF6B},,,1297,-77.01073461893326,38.876643492123755
616,1708,997,997,1,0,3049,TrafficCabinet_1102,,{C5167C21-3B52-4755-90C5-A5708DA2C1D6},,,1298,-77.01539681677338,38.87661077443067
4796,12185,978,978,1,0,,TrafficCabinet_1103,,{6608E2E0-1125-49F5-8C79-59E48D0C9E85},,,1299,-77.01189400191556,38.87659288771351
3061,4003,982,982,2,0,2133,TrafficCabinet_1104,,{44C3CF5C-ECC2-486D-B05B-BFD238DD1248},,,1300,-77.00605696693441,38.876591660858445
4812,6181,2012,2012,1,0,1029,TrafficCabinet_1105,,{7B46CD96-35F4-40BF-B6DE-A4FE7893ADDA},,,1301,-76.99129868868592,38.87658434136752
1862,9136,2007,2007,2,0,,TrafficCabinet_1106,,{DE7003DF-2B1A-4929-9D4F-7CB7A3AD1020},,,1302,-76.99757720681795,38.876384338561685
1273,2530,981,981,2,0,,TrafficCabinet_1107,,{3FBA6DCD-1680-4ED1-8BAC-E4D59B855426},,,1303,-77.00752804034994,38.87631218882944
1338,2127,989,989,1,0,3173,TrafficCabinet_1108,,{2231482F-2D01-4BEA-80BB-64CEF897BC6E},,,1304,-77.01975794270524,38.87627248321085
1910,873,993,993,2,0,3102,TrafficCabinet_1109,,{CFFE7488-B7FA-47B1-9C1A-E0E4F1E6A959},,,1305,-77.017411112745,38.87623621055244
1761,13269,1279,1279,1,0,5096,TrafficCabinet_1110,,{98B5D128-E977-4D79-9E2E-9A2DF78DAA49},,,1306,-76.96553043882172,38.87591092168084
5103,986,1262,1262,2,0,4071,TrafficCabinet_1111,,{D0A7C46A-3F5F-4EBD-AD15-E4EB66693930},,,1307,-76.93103111871936,38.875884995909146
1911,873,974,974,1,0,3104,TrafficCabinet_1112,,{BC33DB6F-3F97-42FC-9A86-0256E10D0B40},,,1308,-77.0174495537846,38.87475818775469
4632,11695,976,976,2,0,,TrafficCabinet_1113,,{29D2A137-0CE3-4799-9F42-74A4B3BAE572},,,1309,-77.0060873120688,38.8747168403347
6502,11891,977,977,2,0,,TrafficCabinet_1114,,{9DB12C06-FF3F-4235-AE31-E40F71715052},,,1310,-77.00936355626668,38.87469503941755
1752,8195,1351,1351,3,0,,TrafficCabinet_1115,,{B945A02D-544B-4BF9-A862-254DD8EC3BFB},,,1311,-76.97244808818799,38.874593928737156
104,9673,1352,1352,2,0,6007,TrafficCabinet_1116,,{6FC78021-B485-41EF-9850-F802AF56147E},,,1312,-76.9730830692783,38.87437035317058
60,2250,1353,1353,2,0,6008,TrafficCabinet_1117,,{5525041C-9FD0-41B1-8B02-0C231B6A4AAB},,,1313,-76.97151626011433,38.873876023871155
5916,9009,1263,1263,1,0,,TrafficCabinet_1118,,{1C082733-7EF1-40E5-80D8-2E6A15ECEED8},,,1314,-76.93420978672562,38.87363461208537
1313,1821,1283,1283,1,0,,TrafficCabinet_1119,,{FE7C5B28-1917-458C-873E-315D798629D1},,,1315,-76.93607552005082,38.873343064279204
61,626,1355,1355,2,1,,TrafficCabinet_1120,,{1C99F329-56CC-46C6-830A-719E641169B8},,,1316,-76.9710694379116,38.87334355349432
61,626,1354,1354,3,0,,TrafficCabinet_1121,,{D7BCC01A-F9B1-41A5-A481-6C74519370C5},,,1317,-76.97112313580836,38.87329506554317
1855,3051,975,975,2,0,,TrafficCabinet_1122,,{C4C22248-162F-4A9F-82B2-7B29367AD45E},,,1318,-77.00928448909146,38.87309894615902
6903,8201,973,973,2,0,,TrafficCabinet_1123,,{C788E698-46B7-40D9-832A-F26917C2CC0A},,,1319,-77.00927834052536,38.87216395544345
7263,4029,1356,1356,1,0,5090,TrafficCabinet_1124,,{8C425CE9-9F24-4BAF-9F3B-DD501150BB0E},,,1320,-76.97332141323669,38.87211074008342
7727,13800,991,991,2,0,,TrafficCabinet_861,,{2D855674-6785-4088-AD98-F9F44AB15EF9},,,1321,-77.00588596049784,38.87189551812059
4969,7111,1357,1357,1,0,5089,TrafficCabinet_862,,{4A55FF94-8D59-45F9-9158-6BA0F864EB82},,,1322,-76.97491151304553,38.87154377918453
4969,4029,1358,1358,1,0,5089,TrafficCabinet_863,,{22FEAB2C-141C-4539-AEFB-46364FE41F15},,,1323,-76.97475683791995,38.871396098087224
2943,2437,1284,1284,1,0,4043,TrafficCabinet_864,,{69784B7B-C1A9-410C-AC0E-652E5450A5DE},,,1324,-76.94319606076989,38.8707258661684
2,2885,990,990,2,0,,TrafficCabinet_865,,{DA36B739-A5F4-4142-9584-F81CC5A609C2},,,1325,-77.00896109547229,38.87062305645251
3276,5595,1285,1285,1,0,6112,TrafficCabinet_866,,{8FB459E2-A737-4C7D-B4C0-CDE20AAC1CD0},,,1326,-76.93988384929082,38.869396359526384
723,6271,1359,1359,3,0,,TrafficCabinet_867,,{DE0AC23D-4326-41E8-B26F-E1E4BF5A39E9},,,1327,-76.97894520958181,38.86920306583018
5730,9461,1280,1280,2,0,,TrafficCabinet_868,,{CB9C4E0F-6066-4240-BC46-90CF8B210397},,,1328,-76.95589878535418,38.86762622735188
1584,4679,1360,1360,2,0,1230,TrafficCabinet_869,,{74DEE785-F656-4825-B137-B474EBABE561},,,1329,-76.98235271939238,38.86756662216307
4845,5997,1365,1365,1,0,5029,TrafficCabinet_870,,{26F5AE1C-547B-4BD6-B092-11F96B500E0E},,,1330,-76.98835453162681,38.867426519338814
5455,7699,1350,1350,2,0,5238,TrafficCabinet_871,,{56CB9918-24D9-4D6B-A2A5-4A075D3714CF},,,1331,-76.98717963396119,38.867213518500805
1275,1266,1367,1367,2,0,5028,TrafficCabinet_872,,{25A9E447-7656-495C-A275-89FEBF3592F4},,,1332,-76.98509381427249,38.866671739208236
1851,777,1368,1368,1,0,5025,TrafficCabinet_873,,{A086143C-3530-4998-AB80-4C639CFB725E},,,1333,-76.9844505003377,38.86659751608805
1852,3656,1369,1369,1,0,,TrafficCabinet_874,,{36B18F66-89A4-4D54-A626-DCCCEEA0E932},,,1334,-76.98215222071039,38.86618113389916
7728,13875,1370,1370,3,0,,TrafficCabinet_875,,{A486FB31-1E93-4B35-B5DB-66A207A7DF91},,,1335,-76.98202342668068,38.866061536462965
1057,6273,1287,1287,2,0,,TrafficCabinet_876,,{B71018A3-CFAF-4602-93D3-87ADB4D5C9A3},,,1336,-76.95203802262755,38.86596906716453
4223,11323,1288,1288,2,0,4045,TrafficCabinet_877,,{7D45F062-67C5-4B45-B5D7-EFC3E5EF4F7E},,,1337,-76.95104562761082,38.865636722267695
1058,8276,1289,1289,1,0,4037,TrafficCabinet_878,,{B1D6A085-3532-4A82-8C72-66C8870D4776},,,1338,-76.95205703094152,38.86539200489515
306,4990,1363,1363,3,0,5109,TrafficCabinet_879,,{8BD1DA28-84AD-4695-85DC-5F90C1A62366},,,1339,-76.98989361328744,38.864999066438585
306,4990,1364,1364,1,0,5109,TrafficCabinet_880,,{3968B398-BCD4-43F2-AAEF-E329F8F73094},,,1340,-76.98991307009535,38.86486969826945
528,12701,1291,1291,2,0,3016,TrafficCabinet_881,,{F6AB863B-7D60-4E3C-B69E-F3B42F36E257},,,1341,-76.9556528930328,38.86410873560216
1356,485,1371,1371,1,0,5026,TrafficCabinet_882,,{CA1B0F1A-B113-4606-9D90-18C52A6633EE},,,1342,-76.97505423167642,38.86389827201734
3586,4909,1286,1286,2,0,6010,TrafficCabinet_883,,{657DC05A-68C1-49E6-9D39-EACD6B973900},,,1343,-76.94706053825246,38.86371740688924
6626,10552,1362,1362,1,0,5099,TrafficCabinet_884,,{02898296-F641-49F4-A9D5-82E00DBCFB4E},,,1344,-76.99113762451096,38.8634893659038
5964,4310,1361,1361,1,0,5054,TrafficCabinet_885,,{3A0E9EBD-2920-4E57-A136-D203F82A360A},,,1345,-76.99229308575896,38.86290736894721
69,10985,1344,1344,2,0,4180,TrafficCabinet_886,,{9F6E1E61-AD1F-4EA2-A0CB-09C6D237E4B0},,,1346,-76.99612247876955,38.862906090471505
527,5188,1292,1292,1,0,4036,TrafficCabinet_887,,{44E6AA88-DEF7-461E-A0FB-8CCA9CC01DEE},,,1347,-76.95682592787767,38.862723148947325
6965,10985,1345,1345,2,0,6117,TrafficCabinet_888,,{EAB65A8B-CE53-4421-AB6A-054D9D229D94},,,1348,-76.99769485697412,38.862527913620596
5973,11071,1293,1293,2,0,4039,TrafficCabinet_889,,{5E510E31-3612-45B9-8931-89534B7CA671},,,1349,-76.95884321435838,38.861891625502345
2588,12167,1348,1348,1,0,,TrafficCabinet_890,,{439FF2C1-E41D-4A46-B2F7-48E7B5F5CFE7},,,1350,-76.99394130358046,38.861807934473944
2588,12167,1349,1349,3,0,,TrafficCabinet_891,,{9D56AC0A-9B21-4B12-BE75-22341E27488E},,,1351,-76.99392223549336,38.86179775396876
4231,5220,1290,1290,1,0,6115,TrafficCabinet_892,,{90B90566-8CC2-4B35-A8AA-86D8309AABD3},,,1352,-76.94999894046468,38.86143259930165
699,9986,1372,1372,2,0,,TrafficCabinet_893,,{F5CD323C-6D5A-4D48-85DC-8EC1D2DACD5F},,,1353,-76.96919876819098,38.8612137887061
6857,11190,1281,1281,1,0,4035,TrafficCabinet_894,,{6C39D82C-D86A-4201-BF8F-B5B9EA863AA2},,,1354,-76.9648646397934,38.860847777966136
1144,400,1373,1373,1,0,4044,TrafficCabinet_895,,{88B3DD7F-C66F-4F2F-9173-59C332042EBA},,,1355,-76.96810915637737,38.86029844771502
629,6244,1282,1282,1,0,4041,TrafficCabinet_896,,{2EDBBE9E-340F-4C8A-ACFF-AEB60CB07681},,,1356,-76.96724704070833,38.86009369985551
6859,12847,1346,1346,1,0,5108,TrafficCabinet_897,,{BC1E67C3-1A99-4BF1-8384-23B751CAFB02},,,1357,-76.99529862762734,38.85943739478579
5853,13152,1374,1374,1,0,4038,TrafficCabinet_898,,{46C2DAA0-EBA2-4784-859A-81956B661EB9},,,1358,-76.96813982836697,38.85921204020791
3464,5997,1376,1376,2,0,5023,TrafficCabinet_899,,{D52692B8-72F7-474B-B4C9-23749DB6B419},,,1359,-76.96988424533131,38.8572471709388
2521,1772,1295,1295,2,0,,TrafficCabinet_900,,{F3A0FF25-74F3-4A7A-95C9-4D924AF58616},,,1360,-76.95877082215854,38.8571627807912
5270,10686,1375,1375,1,0,4034,TrafficCabinet_901,,{D5BF418C-A6B4-4C2E-B625-57F5E2CBF880},,,1361,-76.97013534702998,38.855799193639925
4757,11084,1347,1347,1,0,5107,TrafficCabinet_902,,{33C43E4E-9962-42D0-8DC4-514A78E1D45D},,,1362,-76.99618236811533,38.85498892171253
1196,1482,1294,1294,2,0,6109,TrafficCabinet_903,,{FAAD1F0A-0596-484F-A17C-55A293A1E57F},,,1363,-76.9579566645,38.85494398452838
737,25,1325,1325,1,0,5149,TrafficCabinet_904,,{1A655AB2-EB4F-4BD5-A72C-8F149D55B52E},,,1364,-76.96557344349563,38.85487311419936
1566,5493,1327,1327,2,0,6118,TrafficCabinet_905,,{1B0CAA93-CD11-4E33-8FCD-3ADED53BC676},,,1365,-76.983080003416,38.85317363131646
4873,5598,1326,1326,1,0,4042,TrafficCabinet_906,,{844055CA-1587-4FBA-AB46-11324C69ECB5},,,1366,-76.96990452870554,38.8529428129666
3179,9354,1322,1322,2,0,,TrafficCabinet_907,,{A05C8DCA-AD34-4434-9630-CD6C10624D32},,,1367,-76.96254278942568,38.851599011978934
5203,9440,1330,1330,2,0,,TrafficCabinet_908,,{3F1F4950-1D55-4494-AA24-CA9A76A4D38A},,,1368,-76.97366445708752,38.85120062550246
442,12381,1329,1329,2,0,,TrafficCabinet_909,,{FAE0C82E-81AD-4FF0-B687-003C2113F902},,,1369,-76.97408736419513,38.8511154552822
6516,8232,1328,1328,1,0,6116,TrafficCabinet_910,,{7D5E26D3-79F6-476A-A4A5-397984A54026},,,1370,-76.98114697815096,38.85082286340343
180,13530,1331,1331,2,0,4048,TrafficCabinet_911,,{515F1C33-40EB-426E-8C6E-22F883BA0972},,,1371,-76.97534188294482,38.85060340817916
548,11050,1343,1343,1,0,,TrafficCabinet_912,,{1440BC5F-3735-42E8-8A31-EDB56928665D},,,1372,-76.99612491025212,38.847400393697406
2115,13508,1332,1332,1,0,4047,TrafficCabinet_913,,{F43DE734-07FE-40C6-910A-81580E8C7857},,,1373,-76.98028888323132,38.84705785167595
4942,5729,1333,1333,2,0,4040,TrafficCabinet_914,,{F200A8EC-8AE5-4921-8F4B-245949BE2584},,,1374,-76.98515781947782,38.845411657604
6984,6474,1336,1336,2,0,,TrafficCabinet_915,,{CC40CAFE-0AA9-4146-9103-90D0B1ACB6C2},,,1375,-77.00804025305271,38.84523229010426
6697,11633,1338,1338,1,0,5105,TrafficCabinet_916,,{4B4E37F0-C41F-4F45-B87A-4EE8A3391E82},,,1376,-76.9971754205341,38.8452165069953
6984,6474,1337,1337,2,0,,TrafficCabinet_917,,{EF1DC947-CD66-4E3A-A476-3547AB544219},,,1377,-77.00795983362147,38.84520681973575
4902,11252,1323,1323,1,0,6107,TrafficCabinet_918,,{FC14687A-5C68-406E-BBFE-012147F63F72},,,1378,-76.97072126605595,38.84494653514122
685,7362,1334,1334,2,0,,TrafficCabinet_919,,{06F1C0F5-C7E1-46E3-B813-3B1FCF35D142},,,1379,-76.98857629982471,38.844471920811145
3223,6842,1340,1340,1,0,5101,TrafficCabinet_920,,{0A76EAA8-3326-470D-A080-7F4301519CC9},,,1380,-76.99800014647657,38.8444582922059
4454,10104,1335,1335,1,0,4032,TrafficCabinet_921,,{A65E9529-F67F-44CF-98B0-8BC664E02445},,,1381,-76.99182075823578,38.84418258965812
3439,12208,1324,1324,1,0,6113,TrafficCabinet_922,,{BBA19A4E-0BFB-426D-86ED-DB192FB16116},,,1382,-76.97245090870148,38.843852664133266
1518,4610,1339,1339,1,0,3194,TrafficCabinet_923,,{ADAD699D-C061-4076-B68D-F32444750C9B},,,1383,-76.99603938654354,38.84347936637904
1191,1111,1342,1342,1,0,,TrafficCabinet_924,,{D3F00754-9550-4166-A202-87F083F92548},,,1384,-76.99977945563872,38.84334807211868
4297,9962,1341,1341,1,0,4046,TrafficCabinet_925,,{9C515910-F3C4-471C-83FB-807274976792},,,1385,-76.99777513939284,38.843043844895455
633,2504,1321,1321,2,0,,TrafficCabinet_926,,{7B260E14-9FFA-4A06-8731-14B98DB91D4A},,,1386,-76.99388091365884,38.84060135296232
2160,7053,1309,1309,1,0,5102,TrafficCabinet_927,,{F5EDBEB2-2D52-43B0-8BD0-5E60CBB2EBF7},,,1387,-77.00433160054126,38.84053102274076
774,7633,1315,1315,2,0,,TrafficCabinet_928,,{FAD4A198-A9F2-419E-A698-7B4ED6A06406},,,1388,-76.97750081867291,38.83989062330043
3539,6917,1320,1320,1,0,6154,TrafficCabinet_929,,{DE8E1749-C12D-4F7D-A244-94AD40440549},,,1389,-76.99339036816286,38.838763737012485
1550,8702,1319,1319,1,0,6156,TrafficCabinet_930,,{3E8D779E-8B13-4CDB-AA74-1282679E5D6F},,,1390,-76.99339268151883,38.83679141691102
1820,4566,1311,1311,1,0,5098,TrafficCabinet_931,,{72BD2282-18F8-4515-A831-CD1E4763895E},,,1391,-77.00093077078792,38.83613536099612
603,10012,1310,1310,2,0,6061,TrafficCabinet_932,,{9C86EE7B-BF18-4802-BFEC-363AE2941282},,,1392,-77.00793110755151,38.8355948849102
7091,1085,1317,1317,1,0,6157,TrafficCabinet_933,,{717EA752-1CBA-4235-87B6-19BABDF1F1D9},,,1393,-76.99070690347472,38.83441519001843
7541,10488,1316,1316,2,0,1129,TrafficCabinet_934,,{B51C3EA9-A91D-432A-A874-028E6E96B2DE},,,1394,-76.98504207820675,38.83405839806194
3234,2755,1318,1318,1,0,6153,TrafficCabinet_935,,{87EA332C-7C1B-445C-8494-5FFD19F1B6AB},,,1395,-76.98955157669094,38.83359870957532
2365,1555,1308,1308,1,0,6130,TrafficCabinet_936,,{56F76E34-A87A-4044-ABEE-02AFED302A39},,,1396,-77.00065167602168,38.833080810334195
4878,6013,1314,1314,1,0,6155,TrafficCabinet_937,,{4A831229-A83B-440C-A327-E7679D542F65},,,1397,-76.98723362069036,38.83228318952975
4912,1307,1312,1312,2,0,6099,TrafficCabinet_938,,{AA74ED6F-AD3E-448E-BA3A-6FF0D1474B5E},,,1398,-77.00798002548215,38.83149035626719
4913,8915,1304,1304,1,0,4052,TrafficCabinet_939,,{5D7B9A72-AB0A-4728-93EF-4AA120DEC9EB},,,1399,-77.00568854753494,38.831127485399065
5630,8421,1305,1305,1,0,4054,TrafficCabinet_940,,{77A048B1-8FCA-445B-B0B2-5DC572A8FA87},,,1400,-77.00329723247117,38.831092768789375
1124,382,1306,1306,1,0,4053,TrafficCabinet_941,,{1B842F6D-8B88-4C28-9BFE-F89F589D8E97},,,1401,-77.0007394044528,38.830907445882204
6439,583,1296,1296,2,0,,TrafficCabinet_942,,{8C8BAAB0-9D6D-4D4F-B1AF-CF5C7828CC13},,,1402,-77.01660302700088,38.82988994083996
517,6504,1302,1302,2,0,6100,TrafficCabinet_943,,{0D754587-4A98-4111-82E2-875D11DD9A42},,,1403,-77.00781798797297,38.82914988667162
7507,3734,1313,1313,1,0,6111,TrafficCabinet_944,,{6EED4263-9410-4781-A9D2-6EEAFB684DDB},,,1404,-76.99118839697903,38.82900103231948
397,10583,1303,1303,2,0,5104,TrafficCabinet_945,,{F5D7A135-5736-4F58-83D3-34A0B6C8E205},,,1405,-77.01267524449578,38.828539298557544
4845,7730,2002,2002,1,0,5029,TrafficCabinet_946,,{F6C53C68-E572-40BD-A995-288AC739F3FC},,,1406,-77.01750775164088,38.82821917019928
2914,11473,1301,1301,2,0,6101,TrafficCabinet_947,,{F0858CD1-4E78-4272-95D2-7ECB0461E04E},,,1407,-77.00751418432284,38.826166076203855
3496,3309,1307,1307,1,0,6114,TrafficCabinet_948,,{EA124E88-183E-4388-9736-BB121A41213F},,,1408,-76.99621724640134,38.825322586529154
4580,9207,1298,1298,2,0,6098,TrafficCabinet_949,,{110AF704-40D9-4684-A398-FC9F22966AFC},,,1409,-77.00578013174432,38.82416370848451
1471,1924,1297,1297,1,0,5240,TrafficCabinet_950,,{DF961666-C07A-438F-A874-4C6D0AA99B0E},,,1410,-77.01727948971568,38.82264005862543
5816,8047,1299,1299,2,0,6103,TrafficCabinet_951,,{2C4CA997-E874-4A4F-9915-2259CCD3B40F},,,1411,-77.00187532543,38.821968020533845
632,8047,1300,1300,2,0,6104,TrafficCabinet_952,,{D06D00F1-BB7E-486D-8DD9-6A8B98CFEA97},,,1412,-77.00161848602825,38.82115171210382
