ROUTEID,INTERSECTIONKEY,INTERSECTIONNAME,ACISA,LPI,NTOR_SIGNAGE,ALL_PED_PHASE,BIKE_PHASE,QUEUE_JUMP,TRANSIT_SIGNAL_PRIORITY,PED_RECALL_MODE,HAWK,APS,MEASURE,STATUS,WARD,LATITUDE,LONGITUDE,SE_ANNO_CAD_DATA,OBJECTID,GLOBALID
,2080109c809d79f04942a239d3bad9cb,19th St & E St NE,3131,Yes,Completed,No,No,No,No,Recall,No,No,,Active,7,38.896134,-76.977255,,45447,{55DC0F5C-7BB9-384D-E063-782F520A01CE}
,a05a096abf78d68d77d83198b0d852f4,14th St & Columbia Rd NW,5055,Yes,Completed,No,No,No,No,Recall,No,Yes,,Active,1,38.927533,-77.032517,,45448,{55DC0F5C-7BBA-384D-E063-782F520A01CE}
,fc655082737b0e982901ad9a894b89d2,17th St NE & L St NE,3123,Yes,Completed,No,No,No,No,Recall,No,No,,Active,5,38.903726,-76.979001,,45449,{55DC0F5C-7BBB-384D-E063-782F520A01CE}
,ddf8e633ee3ddc780e5842fd8fc310f0,6th St NW & Pennsylvania Ave NW,2051,Yes,Completed,No,No,No,No,Recall,No,No,,Active,2,38.892772,-77.019912,,45450,{55DC0F5C-7BBC-384D-E063-782F520A01CE}
,d9b71f27589df0046ca6e94c2f90fad9,"15th St, Raoul Wallenberg Pl & Independence Ave SW",1226,Yes,Completed,No,Yes,No,No,Recall,No,Yes,,Active,2,38.8877808,-77.03368987,,45451,{55DC0F5C-7BBD-384D-E063-782F520A01CE}
,3ad5f07b08379d540225d8a74d8af4a4,20th St & C St NE,3475,No,No Signage,No,No,No,No,Actuated,Yes,Yes,,Active,7,38.893317,-76.976226,,45452,{55DC0F5C-7BBE-384D-E063-782F520A01CE}
,84251ac9ca260be8fb0d397e48329749,YUMA STREET NW AND CONNECTICUT AVENUE NW,6085,Yes,No Signage,No,No,No,No,Recall,No,Yes,,Active,3,38.94674365,-77.06500808,,45453,{55DC0F5C-7BBF-384D-E063-782F520A01CE}
,0c6d9a16c951d6c8280f464ab68aab6f,7th St & Alabama Ave SE,4223,Yes,Completed,No,No,No,No,Actuated,No,No,,Active,8,38.84341569,-76.99591563,,50878,{55DC0F5C-7BC0-384D-E063-782F520A01CE}
,d6e4b59104eb48aeae09e87e0e4ea961,10th St & R St NW,2098,Yes,Completed,No,No,No,No,Recall,No,No,,Active,2,38.912611,-77.026004,,50879,{55DC0F5C-7BC1-384D-E063-782F520A01CE}
,e9515b7cba87954bde4ff351a0390261,22nd St & P St NW,1152,Yes,Completed,No,No,No,No,Recall,No,Yes,,Active,2,38.909647,-77.048799,,50880,{55DC0F5C-7BC2-384D-E063-782F520A01CE}
,79df1f16a2628e1d3dac7f75ec231169,Pennsylvania Ave & Constitution Ave (East) NW,2201,No,No Signage,No,No,No,No,Recall,No,No,,Active,6,38.891828,-77.016394,,50881,{55DC0F5C-7BC3-384D-E063-782F520A01CE}
,c417810eca3629bc46fe28f50e76a778,"Riggs Rd & Rock Creek Church Rd, Blair Rd NE",5188,Yes,Completed,No,No,No,No,Recall,No,No,,Active,4,38.955184,-77.007307,,50882,{55DC0F5C-7BC4-384D-E063-782F520A01CE}
,a6c3d963987908aab225e8d9a649cb5f,"New York Ave & Mt Olivet Rd, Brentwood Pkwy NE",3246,Yes,No Signage,No,No,No,No,Actuated,No,No,,Active,5,38.9135867,-76.99111653,,50883,{55DC0F5C-7BC5-384D-E063-782F520A01CE}
,745cb24cc61c7794d919ab2a6ded9f8a,16TH STREET NW AND JONQUIL STREET NW,5262,No,Completed,No,No,No,No,Actuated,Yes,Yes,,Active,4,38.98416268,-77.0363418,,50884,{55DC0F5C-7BC6-384D-E063-782F520A01CE}
,093d7769a8befccd641c696d4d1028a4,9th St & L St NW,2075,Yes,No Signage,No,No,No,Yes,Recall,No,No,,Active,2,38.904181,-77.023964,,50885,{55DC0F5C-7BC7-384D-E063-782F520A01CE}
,afff4a2c58b6ae42913dccac87295456,16th St & Independence Ave SE,1393,Yes,No Signage,No,No,No,No,Recall,No,Yes,,Active,7,38.887602,-76.982222,,50886,{55DC0F5C-7BC8-384D-E063-782F520A01CE}
,bf872c31587e9701932e3a10b369c06b,N Capitol St & I St,2218,No,No Signage,No,No,No,No,TOD Recall,No,No,,Active,6,38.901355,-77.009066,,50887,{55DC0F5C-7BC9-384D-E063-782F520A01CE}
,404a97ab9283dad38d1531591fa47ba4,South Dakota Ave & Sargent Rd NE,3212,Yes,No Signage,No,No,No,No,Recall,No,No,,Active,5,38.946771,-76.989042,,50888,{55DC0F5C-7BCA-384D-E063-782F520A01CE}
,8d13c2dd74d58f2943f9cfae293e4378,13th St & Kenyon St NW,5044,Yes,Completed,No,No,No,No,Recall,No,No,,Active,1,38.929663,-77.029703,,50889,{55DC0F5C-7BCB-384D-E063-782F520A01CE}
,adfd06043d1a3108ecc0d14a1e6b1f71,New Hampshire Ave & M St NW,1185,Yes,Completed,No,No,No,No,Recall,No,Yes,,Active,2,38.905315,-77.047487,,50890,{55DC0F5C-7BCC-384D-E063-782F520A01CE}
,8aac86e880ac8396a3b61914ac9197fb,18th St NW & Massachusetts Ave NW,1095,Yes,Completed,No,No,No,No,Recall,No,No,,Active,2,38.909034,-77.041688,,50891,{55DC0F5C-7BCD-384D-E063-782F520A01CE}
,cb89ca0dcf6a35f2c86814c6e5b090c3,"South Dakota Ave & Delafield St, Emerson St NE",3206,Yes,No Signage,No,No,No,Yes,Recall,No,No,,Active,5,38.949919,-76.99328,,50892,{55DC0F5C-7BCE-384D-E063-782F520A01CE}
,33b397b437352dd32886bc9ca2ebd161,11th St & R St NW,2114,Yes,Completed,No,No,No,No,Recall,No,No,,Active,2,38.912612,-77.027034,,50893,{55DC0F5C-7BCF-384D-E063-782F520A01CE}
,a09b54513196b69d4500fcf0f10c2e64,PORTER STREET NW AND QUEBEC STREET NW,6245,Yes,Completed,No,No,No,No,Recall,No,Yes,,Active,3,38.93680518,-77.05876638,,50894,{55DC0F5C-7BD0-384D-E063-782F520A01CE}
,33643ce618314df828e7e0462f48b031,Eastern Ave & Minnesota Ave NE,4082,Yes,Completed,No,No,No,No,Recall,No,No,,Active,7,38.910134,-76.931428,,50895,{55DC0F5C-7BD1-384D-E063-782F520A01CE}
,07bd60c2e25615a823ba1f9e7b2abe43,Virginia Ave & New Hampshire Ave NW,1187,Yes,Completed,No,No,No,No,Recall,No,No,,Active,2,38.899165,-77.053875,,50896,{55DC0F5C-7BD2-384D-E063-782F520A01CE}
,197da344aa2af25f46ddcbc29c644b26,WISCONSIN AVENUE NW AND VEAZEY STREET NW,6272,No,No Signage,No,No,No,No,Actuated,Yes,Yes,,Active,3,38.94395475,-77.07746644,,50897,{55DC0F5C-7BD3-384D-E063-782F520A01CE}
,ff6834652eac867d2207268d1d07de75,N Capitol St & Randolph Pl,3042,Yes,Completed,No,No,No,No,Recall,No,No,,Active,5,38.91335135,-77.00905096,,50898,{55DC0F5C-7BD4-384D-E063-782F520A01CE}
,7a7963874eafb81d8e0abf66f35116e0,"8th St, West Virginia Ave & K St NE",3084,Yes,Completed,No,No,No,Yes,Recall,No,No,,Active,6,38.902695,-76.994967,,50899,{55DC0F5C-7BD5-384D-E063-782F520A01CE}
,9ffd6c77bfa52280d8e16dd8a43126f4,TILDEN STREET NW AND CONNECTICUT AVENUE NW,6081,Yes,Completed,No,No,No,No,Recall,No,Yes,,Active,3,38.94097944,-77.06165618,,50900,{55DC0F5C-7BD6-384D-E063-782F520A01CE}
,99f69d5315aa9ed1da38c5ef46041233,South Dakota Ave & Hamilton St NE,3209,Yes,Completed,No,No,No,No,Actuated,No,Yes,,Active,5,38.953665,-76.998165,,50901,{55DC0F5C-7BD7-384D-E063-782F520A01CE}
,3e7859d1c6020663d850062515f5ad1a,Massachusetts Ave & California St NW,6106,Yes,Completed,No,No,No,Yes,Actuated,No,Yes,,Active,2,38.915507,-77.05525,,50902,{55DC0F5C-7BD8-384D-E063-782F520A01CE}
,5fdd0453492f34455366b0faa16e33cc,"K St, Pennsylvania Ave & Washington Cir NW (West)",1381,No,Completed,No,No,No,No,Recall,No,Yes,,Active,2,38.902715,-77.050977,,50903,{55DC0F5C-7BD9-384D-E063-782F520A01CE}
,58ff21b4943656c5ae4ff6daeb579b48,Alabama Ave & Ainger Pl SE,4093,Yes,No Signage,No,No,No,No,Actuated,No,No,,Active,8,38.855816,-76.969991,,50904,{55DC0F5C-7BDA-384D-E063-782F520A01CE}
,7bfceb319abde7214284d221d03d2d24,CONNECTICUT AVENUE NW AND WOODLEY ROAD NW,6084,Yes,Completed,No,No,No,No,Recall,No,No,,Active,3,38.92554359,-77.05268226,,50905,{55DC0F5C-7BDB-384D-E063-782F520A01CE}
,5b91fc0f95fa1004f0bdd4291b2b3c0c,1st St (East) & Massachusetts Ave NE,2164,Yes,Completed,No,No,No,No,Recall,No,Yes,,Active,6,38.8959969,-77.00581988,,50906,{55DC0F5C-7BDC-384D-E063-782F520A01CE}
,25194deb7086f73963bb64fa1fb74ee7,21st St & K St NW,1138,Yes,Completed,No,No,No,Yes,Recall,No,Yes,,Active,2,38.902535,-77.046649,,50907,{55DC0F5C-7BDD-384D-E063-782F520A01CE}
,66e398cc4b40cd851adea3366307a257,12th St & Varnum St NE,3101,Yes,No Signage,No,No,No,No,Recall,No,No,,Active,5,38.942868,-76.990245,,50908,{55DC0F5C-7BDE-384D-E063-782F520A01CE}
,,"M Street and New York Avenue Metro Station Pedestrian Crossing, NE",3225,No,No Signage,No,No,No,No,Actuated,No,Yes,,Active,6,38.90565144,-77.00396611,,50909,{55DC0F5C-7BDF-384D-E063-782F520A01CE}
,2011fec97e515e7bbda63b8c17bd1e9b,NEBRASKA AVENUE NW AND VAN NESS STREET NW,6119,Yes,No Signage,No,No,No,No,Recall,No,No,,Active,3,38.9431674,-77.0814223,,50910,{55DC0F5C-7BE0-384D-E063-782F520A01CE}
,e50871301b50d5b8ace91511120c1dcd,5th St & K St NW,2036,Yes,Completed,No,No,No,No,Recall,No,No,,Active,6,38.902539,-77.018937,,50911,{55DC0F5C-7BE1-384D-E063-782F520A01CE}
,8f2c312cfc11b4343499c5d8a3fc294c,14th St & Marion Barry Ave SE (Good Hope Rd),4115,Yes,Completed,No,No,No,No,Recall,No,No,,Active,8,38.866778,-76.985132,,50912,{55DC0F5C-7BE2-384D-E063-782F520A01CE}
,0866c1c163ecdc48b21b91acb0272212,Florida Ave & P St NE,3244,Yes,No Signage,No,No,No,No,Recall,No,Yes,,Active,5,38.90975038,-77.00659689,,50913,{55DC0F5C-7BE3-384D-E063-782F520A01CE}
,782c60fb046c13f94a26166d99e2efe5,1st St & M St NW,3001,Yes,Completed,No,No,No,No,Recall,No,No,,Active,6,38.905658,-77.012168,,50914,{55DC0F5C-7BE4-384D-E063-782F520A01CE}
,ccdbfccb5bdfc7deeff1d87d59e7828d,14th St & Harvard St NW,5062,Yes,Completed,No,No,No,No,Recall,No,Yes,,Active,1,38.926572,-77.032418,,50915,{55DC0F5C-7BE5-384D-E063-782F520A01CE}
,63671a44b3709b6662d2bd22e9ae9ef0,I St & Delaware Ave SW,2206,Yes,Completed,No,No,No,No,Recall,No,No,,Active,6,38.879299,-77.012953,,50916,{55DC0F5C-7BE6-384D-E063-782F520A01CE}
,075d775cc8a9f4a0640e9fb528b03257,"25th Pl, V St & Bladensburg Rd NE",3138,Yes,No Signage,No,No,No,No,Recall,No,Yes,,Active,5,38.920027,-76.97027,,50917,{55DC0F5C-7BE7-384D-E063-782F520A01CE}
,6f2a7ea156640a8a6b78dbc58096a30f,9th St & Q St NW,2081,Yes,Completed,No,No,No,Yes,Recall,No,No,,Active,2,38.911134,-77.023981,,50918,{55DC0F5C-7BE8-384D-E063-782F520A01CE}
,feac1217b06fa51dc7c8fa838512fd2c,Georgia Ave & Randolph St NW,5144,Yes,Completed,No,No,No,Yes,Recall,No,No,,Active,4,38.938686,-77.024694,,50919,{55DC0F5C-7BE9-384D-E063-782F520A01CE}
,d5dfdcf34565f851250af45a1c3c6b92,12th St & Massachusetts Ave NW,2125,Yes,Completed,No,No,No,No,Recall,No,No,,Active,2,38.904308,-77.028084,,50920,{55DC0F5C-7BEA-384D-E063-782F520A01CE}
,12d50bd8defebc2bac254c70ea392c34,"Bladensburg Rd & Maryland Ave, Morse Ave NE",3143,Yes,No Signage,No,No,No,No,Recall,No,No,,Active,5,38.900801,-76.982931,,50921,{55DC0F5C-7BEB-384D-E063-782F520A01CE}
,d22022ac3aa404a6f308935c5255d11b,"New Hampshire Ave & Spring Rd NW, Princeton Pl NW",5254,Yes,Completed,No,No,No,No,Recall,No,No,,Active,1,38.935122,-77.025204,,50922,{55DC0F5C-7BEC-384D-E063-782F520A01CE}
,79c02c135ce0e61ada6d940e8e1d4d65,4th St & K St NW,2028,Yes,Completed,No,No,No,No,Recall,No,No,,Active,6,38.90252706,-77.01617827,,50923,{55DC0F5C-7BED-384D-E063-782F520A01CE}
,26a011133ca0da333a8bbdda24e8e293,9th St & P St NW,2079,Yes,Completed,No,No,No,Yes,Recall,No,No,,Active,2,38.909654,-77.023962,,50924,{55DC0F5C-7BEE-384D-E063-782F520A01CE}
,97ca3451e8a51238ef097eb84ceec72a,WISCONSIN AVENUE NW AND N STREET NW,6145,Yes,Completed,No,No,No,No,Recall,No,No,,Active,2,38.90683268,-77.06303876,,50925,{55DC0F5C-7BEF-384D-E063-782F520A01CE}
,36b7f47fe4bbb7e228e0fec7360f0740,4th St & W St NW,3241,Yes,No Signage,All-Ped Phase,No,No,No,Recall,No,No,,Active,1,38.919386,-77.017873,,50926,{55DC0F5C-7BF0-384D-E063-782F520A01CE}
,b0328e3ca546c35da82584bada77aa8a,"6th St & E St, South Carolina Ave SE",4019,Yes,Completed,No,No,No,No,Recall,No,No,,Active,6,38.88327,-76.998461,,50927,{55DC0F5C-7BF1-384D-E063-782F520A01CE}
,a37365bd08410935e220636d1ac6f00d,Minnesota Ave & Blaine St NE/Anacostia Rd NE,4277,Yes,Completed,No,No,No,No,Recall,No,Yes,,Active,7,38.891974,-76.951507,,50928,{55DC0F5C-7BF2-384D-E063-782F520A01CE}
,c187839c4319250c52f03c8fb302223e,8th St & I St SE,4026,Yes,No Signage,No,No,No,No,Recall,No,No,,Active,6,38.879291,-76.99498,,50929,{55DC0F5C-7BF3-384D-E063-782F520A01CE}
,c1e79a12626d1c28686b187b14efb425,BUTTERNUT STREET NW AND BLAIR ROAD NW,5274,Yes,No Signage,No,No,No,No,Recall,No,Yes,,Active,4,38.97361374,-77.01705611,,50930,{55DC0F5C-7BF4-384D-E063-782F520A01CE}
,d5d7c855aeaa420429658f311f3d349f,3rd St & Florida Ave NE,3226,Yes,Completed,No,No,No,No,Recall,No,Yes,,Active,6,38.907782,-77.001974,,50931,{55DC0F5C-7BF5-384D-E063-782F520A01CE}
,00874b1fa6f8ea85c52b6b93e6847596,KALMIA ROAD NW AND GEORGIA AVENUE NW,5117,No,Completed,No,No,No,Yes,Recall,No,No,,Active,4,38.98383965,-77.02658157,,50932,{55DC0F5C-7BF6-384D-E063-782F520A01CE}
,56aae80550394a301824ac69ffe44fc4,"Southeast Blvd, Pennsylvania Ave & John Phillip Sousa Bridge",4059,No,Completed,No,No,No,No,Actuated,No,No,,Active,6,38.87768555,-76.97962532,,50933,{55DC0F5C-7BF7-384D-E063-782F520A01CE}
,26f6ace3d88452b3d245719f0543afa9,Sherman Ave & Harvard St NW,5172,Yes,No Signage,No,No,No,No,Recall,No,No,,Active,1,38.92686,-77.025938,,50934,{55DC0F5C-7BF8-384D-E063-782F520A01CE}
,3397b12d67531d9983efd5d9ae530d47,13th St & I St NW,2136,Yes,Completed,No,No,No,Yes,Recall,No,No,,Active,2,38.90135,-77.029616,,50935,{55DC0F5C-7BF9-384D-E063-782F520A01CE}
,62d5ae98692aa06498050983ab197f14,38th St & Pennsylvania Ave SE,4144,Yes,No Signage,No,No,No,No,Actuated,No,Yes,,Active,7,38.865972,-76.952225,,50936,{55DC0F5C-7BFA-384D-E063-782F520A01CE}
,acd901ede96ca29b8e7ad07203a377e0,"3rd St & D St, North Carolina Ave SE",4006,Yes,Completed,No,No,No,No,Recall,No,No,,Active,6,38.885073,-77.00204,,50937,{55DC0F5C-7BFB-384D-E063-782F520A01CE}
,08f226145d4af4a0df31fd9796992cbe,"E Capitol St & Minnesota Ave, Ridge Rd SE",4179,Yes,Completed,No,No,No,No,Recall,No,Yes,,Active,7,38.88958204,-76.95323062,,50938,{55DC0F5C-7BFC-384D-E063-782F520A01CE}
,b9a0b55e01d123d61e8d7b4f21589341,6th St & Independence Ave SW,1201,Yes,Completed,No,No,No,No,Recall,No,Yes,,Active,6,38.887573,-77.019913,,50939,{55DC0F5C-7BFD-384D-E063-782F520A01CE}
,3cda25d04b0e25f9d4726b76ab9f6d1f,4th St & N St SW,2194,Yes,Completed,No,No,No,No,Recall,No,No,,Active,6,38.874667,-77.017559,,50940,{55DC0F5C-7BFE-384D-E063-782F520A01CE}
,8df64fc67e4c1a9c0bf292ca4032d09c,"10th St, Bryant St & Rhode Island Ave NE",3186,Yes,Completed,No,No,Yes,No,Recall,No,No,,Active,5,38.92244388,-76.9924171,,50941,{55DC0F5C-7BFF-384D-E063-782F520A01CE}
,e48d1ffbdaf258af121ffe585d07f453,"22nd St, Naylor Rd & Minnesota Ave SE",4132,Yes,Completed,No,No,Yes,No,Actuated,No,Yes,,Active,8,38.871355,-76.974995,,50942,{55DC0F5C-7C00-384D-E063-782F520A01CE}
,69a8646da964886c6ade7338f860bb6a,"11th St & I St, New York Ave NW",2106,Yes,Completed,No,No,No,No,Recall,No,Yes,,Active,2,38.901124,-77.027051,,50943,{55DC0F5C-7C01-384D-E063-782F520A01CE}
,5dedf93efb941e6431340eefe8ddc81d,Irving St & E/W Crossing NW,5151,No,No Signage,No,No,No,No,Actuated,No,Yes,,Active,5,38.930784,-77.016096,,50944,{55DC0F5C-7C02-384D-E063-782F520A01CE}
,61a3f6624f46e01960ed42a5e1615974,9th St & C St NE,3086,Yes,Completed,No,No,No,No,Recall,No,No,,Active,6,38.893588,-76.993764,,50945,{55DC0F5C-7C03-384D-E063-782F520A01CE}
,c1694759d75bbe9c4da5cbdb98f9c537,WISCONSIN AVENUE NW AND FESSENDEN STREET NW,6136,Yes,Completed,No,No,No,No,Recall,No,Yes,,Active,3,38.95470818,-77.08263403,,50946,{55DC0F5C-7C04-384D-E063-782F520A01CE}
,1fd7102f55d95ba3ca75e2512a8c88be,"12th St, Vermont Ave & R St NW",2130,Yes,Completed,No,No,No,No,Recall,No,No,,Active,2,38.912616,-77.027908,,50947,{55DC0F5C-7C05-384D-E063-782F520A01CE}
,8068e1a0b9e4c861b76e199fa96f05d4,New Jersey Ave & R St NW,3028,Yes,Completed,No,No,No,No,Recall,No,No,,Active,2,38.912609,-77.01737,,50948,{55DC0F5C-7C06-384D-E063-782F520A01CE}
,9aebb1f47099f148d26e833af738a5d1,14th St & Buchanan St NW,5242,Yes,Completed,No,No,No,No,Recall,No,No,,Active,4,38.946129,-77.032723,,50949,{55DC0F5C-7C07-384D-E063-782F520A01CE}
,96c6349102c07ecbf132ca2a83827478,22nd St & F St NW,1360,Yes,Completed,No,No,No,No,Recall,No,No,,Active,2,38.897364,-77.048852,,50950,{55DC0F5C-7C08-384D-E063-782F520A01CE}
,,MacArthur Blvd NW & Engine Company 29,6167,No,No Signage,No,No,No,No, ,No,No,,Active,3,38.915247,-77.093714,,50951,{55DC0F5C-7C09-384D-E063-782F520A01CE}
,d8dd1335ff56bacdcbfd42fcb5bcab8a,SLIGO MILL ROAD NE AND EASTERN AVENUE NE,5394,Yes,No Signage,No,No,No,No,Actuated,No,Yes,,Active,4,38.96656139,-77.0035551,,50952,{55DC0F5C-7C0A-384D-E063-782F520A01CE}
,8770f2e9e863909efdb8e2a85f95cecc,"9th St & Maryland Ave, E St NE",3089,Yes,Completed,No,No,No,No,Recall,No,Yes,,Active,6,38.895925,-76.993756,,50953,{55DC0F5C-7C0B-384D-E063-782F520A01CE}
,8a08ff8afc6ae4afe61dba8296fbaef8,16th St & S St NW,1058,Yes,No Signage,No,No,No,Yes,Recall,No,No,,Active,2,38.914097,-77.036518,,50955,{55DC0F5C-7C0D-384D-E063-782F520A01CE}
,b588854b0d9caded514f0984b628f281,MICHIGAN AVENUE NE AND QUINCY STREET NE,3479,No,No Signage,No,No,No,No,Actuated,Yes,Yes,,Active,5,38.93732216,-76.99189787,,50956,{55DC0F5C-7C0E-384D-E063-782F520A01CE}
,b1e4198d20fe7d73ab4649711ca6e3b1,3rd St & Adams Dr SW (Midblock Ped Crossing),2178,No,No Signage,No,No,No,No,Recall,No,No,,Active,2,38.88938723,-77.01519137,,50957,{55DC0F5C-7C0F-384D-E063-782F520A01CE}
,8b9b00a800d9ab8785d1bc0a9e4152b2,10th St & P St NW,2097,Yes,Completed,No,No,No,No,Recall,No,No,,Active,2,38.909648,-77.025996,,50958,{55DC0F5C-7C10-384D-E063-782F520A01CE}
,d419e325b1f3eff0511740657c6486a9,"10th St, Vermont Ave & T St NW",2101,Yes,Completed,No,No,No,No,Recall,No,No,,Active,1,38.91558003,-77.02615164,,50959,{55DC0F5C-7C11-384D-E063-782F520A01CE}
,85f03bdfe4f565875f0dee051e0212a8,7th St & Adams Dr SW (Midblock Ped Crossing),1203,No,No Signage,No,No,No,No,Recall,No,No,,Active,2,38.889356,-77.021898,,50960,{55DC0F5C-7C12-384D-E063-782F520A01CE}
,21f8b83f85c4ca247fe2449330db534d,23rd St & N St NW,1162,Yes,Completed,No,No,No,No,Recall,No,No,,Active,2,38.907246,-77.050109,,50961,{55DC0F5C-7C13-384D-E063-782F520A01CE}
,4f16eeeb050a884c410ccf5976c8b1bc,"18th St, Stanton Terrace & Alabama Ave SE (HAWK)",3471,No,No Signage,No,No,No,No,Actuated,Yes,Yes,,Active,8,38.847445,-76.979174,,50962,{55DC0F5C-7C14-384D-E063-782F520A01CE}
,da7d1baecc52ae4e958760ff95fbdfcd,7th St & D St NW,2053,Yes,Completed,No,No,No,No,Recall,No,No,,Active,2,38.89484,-77.021914,,50963,{55DC0F5C-7C15-384D-E063-782F520A01CE}
,7c5f191b3fc26dc72c43c609d7bcb771,16th St & Constitution Ave NW,1049,Yes,No Signage,No,No,No,No,Recall,No,Yes,,Active,2,38.89210424,-77.03654376,,50964,{55DC0F5C-7C16-384D-E063-782F520A01CE}
,af2009138d1d40bf89992fa359d493c1,22nd St & E Capitol St (South),3433,Yes,Completed,No,No,No,No,Actuated,No,No,,Active,7,38.889393,-76.97382,,50965,{55DC0F5C-7C17-384D-E063-782F520A01CE}
,271431e620c170267ebcbd4f3625b7de,19th St & Massachusetts Ave SE,4056,Yes,Completed,No,No,No,No,Recall,No,Yes,,Active,7,38.884533,-76.977267,,50966,{55DC0F5C-7C18-384D-E063-782F520A01CE}
,5f3885ce5ef302749b341148a370fab2,19th St & F St NW,1107,Yes,No Signage,No,No,No,Yes,Recall,No,No,,Active,2,38.897364,-77.043472,,50967,{55DC0F5C-7C19-384D-E063-782F520A01CE}
,e9b95dbe63031a20d36fd7cd16aeb157,S Capitol St & Livingston Rd SE,4189,Yes,Completed,No,No,No,No,Recall,No,No,,Active,8,38.82197272,-77.00218977,,50968,{55DC0F5C-7C1A-384D-E063-782F520A01CE}
,c4098e7808323c506438d37d2383bed5,17th St NW & Constitution Ave NW,1065,Yes,No Signage,No,No,No,No,Recall,No,Yes,,Active,2,38.892113,-77.039474,,50969,{55DC0F5C-7C1B-384D-E063-782F520A01CE}
,d2bc5b8c7761abb35ecd4e8ad0c40dd7,M St & Isaac Hull Ave SE,2249,Yes,Completed,No,No,No,Yes,Recall,No,Yes,,Active,8,38.876489,-76.997762,,50970,{55DC0F5C-7C1C-384D-E063-782F520A01CE}
,a34a471c6a35061586ca060c4eb3ad2d,13th St & Clifton St NW,5032,Yes,Completed,No,No,No,No,Recall,No,No,,Active,1,38.922437,-77.029707,,50971,{55DC0F5C-7C1D-384D-E063-782F520A01CE}
,905a36dbd326bf89f14a37b00fe93d1d,6th St & Virginia Ave SE,4020,Yes,Completed,No,No,No,No,Recall,No,Yes,,Active,6,38.879893,-76.998485,,50972,{55DC0F5C-7C1E-384D-E063-782F520A01CE}
,295cd25af47de534ab6ade1a2f81440d,20th St & N St NW,1254,Yes,Completed,No,No,No,Yes,Recall,No,No,,Active,2,38.90725,-77.044902,,50973,{55DC0F5C-7C1F-384D-E063-782F520A01CE}
,2831d68789d69d857d38fcb886a2539c,3rd St & Washington Dr NW (Midblock Ped Crossing),2024,No,No Signage,No,No,No,No,Recall,No,No,,Active,2,38.890051,-77.015206,,50974,{55DC0F5C-7C20-384D-E063-782F520A01CE}
,e7017bc1086461d80283c2d86f95d8e6,"13th St & H St, New York Ave NW",2135,No,Completed,No,No,No,No,Recall,No,No,,Active,2,38.90022399,-77.02963667,,50975,{55DC0F5C-7C21-384D-E063-782F520A01CE}
,01e1d1f569a8833e7b3d385dc82bf891,S Capitol St & Malcolm X Ave SE (Portland Ave),4249,Yes,Completed,No,No,No,No,Recall,No,No,,Active,8,38.84510143,-77.00815498,,50976,{55DC0F5C-7C22-384D-E063-782F520A01CE}
,8d51c21a8958f4e17ef9eba54e5686a6,"9th St, Florida Ave & V St NW",5275,Yes,No Signage,No,Yes,No,No,Recall,No,Yes,,Active,1,38.917751,-77.023954,,50977,{55DC0F5C-7C23-384D-E063-782F520A01CE}
,445413e674dbe45305970fbcda74e03b,"13th St & Pennsylvania Ave, Lower E St NW",2131,Yes,Completed,No,No,No,No,Recall,No,No,,Active,2,38.89545439,-77.02963538,,50978,{55DC0F5C-7C24-384D-E063-782F520A01CE}
,66ef4cbd78c8a6b8c175555e128f69b7,7th St & Indiana Ave NW,2060,Yes,Completed,No,No,No,No,Recall,No,No,,Active,2,38.893904,-77.021903,,50979,{55DC0F5C-7C25-384D-E063-782F520A01CE}
,b09ac228c79fd76d86de1657c39ea94a,6th St & Independence Ave SE,4016,Yes,Completed,No,No,No,No,Recall,No,No,,Active,6,38.887595,-76.998457,,50980,{55DC0F5C-7C26-384D-E063-782F520A01CE}
,7ea79b69278c90cddcdf28bbd84bdda9,23rd St & G St NW,1157,Yes,No Signage,No,No,No,Yes,Recall,No,No,,Active,2,38.898343,-77.050142,,50981,{55DC0F5C-7C27-384D-E063-782F520A01CE}
,f51470abc2354c884bdfb20a02dc9bfd,Benning Rd & C St SE (North),4227,Yes,Completed,No,No,No,No,Recall,No,Yes,,Active,7,38.886543,-76.936155,,50982,{55DC0F5C-7C28-384D-E063-782F520A01CE}
,d4a397d0b26ac877920cb31daab93e51,17th St & Rhode Island Ave NW,1082,Yes,Completed,No,No,No,No,Recall,No,Yes,,Active,2,38.90656,-77.038511,,50983,{55DC0F5C-7C29-384D-E063-782F520A01CE}
,a54fb33e055b4e099531f0d2cdfe40f1,Alabama Ave & Wheeler Rd SE,4105,Yes,Completed,No,No,No,Yes,Recall,No,Yes,,Active,8,38.84368,-76.994234,,50984,{55DC0F5C-7C2A-384D-E063-782F520A01CE}
,2b48513bb038eb40431cdcbea53d5e63,WISCONSIN AVENUE NW AND W PLACE NW,6153,Yes,No Signage,No,No,No,No,Recall,No,No,,Active,3,38.91920559,-77.07064243,,50985,{55DC0F5C-7C2B-384D-E063-782F520A01CE}
,e3c32fe8a6837bc258cb5808c5aebca6,1st St & E Capitol St,2230,Yes,Completed,No,No,No,No,Recall,No,No,,Active,6,38.889814,-77.00593,,50986,{55DC0F5C-7C2C-384D-E063-782F520A01CE}
,d7a49743fa11be10b0ea9535aa434775,4th St & Massachusetts Ave NW,2027,Yes,Completed,No,No,No,No,Recall,No,Yes,,Active,6,38.900198,-77.016203,,50987,{55DC0F5C-7C2D-384D-E063-782F520A01CE}
,d0050be38e8b2438d78e11e3739c9454,12th St & D St SW,1217,Yes,Completed,No,No,No,No,Recall,No,Yes,,Active,6,38.884986,-77.028122,,50988,{55DC0F5C-7C2E-384D-E063-782F520A01CE}
,fe1e045ecad1e3a5d8497e2ae15151ca,15th St & P St NW,1042,Yes,No Signage,No,No,No,No,Recall,No,No,,Active,2,38.90965,-77.034558,,50989,{55DC0F5C-7C2F-384D-E063-782F520A01CE}
,1081ffa68c452105e95dccdd45e3018b,10th St & S St NW,2100,Yes,Completed,No,No,No,No,Recall,No,Yes,,Active,1,38.914098,-77.02599,,50990,{55DC0F5C-7C30-384D-E063-782F520A01CE}
,1d27f9301fc4152ba90a14bfd4b11dfd,R STREET NW AND WISCONSIN AVENUE NW,6150,Yes,Completed,No,No,No,No,Recall,No,No,,Active,2,38.913735,-77.06668683,,50991,{55DC0F5C-7C31-384D-E063-782F520A01CE}
,5936623320c6e4ed93bd9d023f2e1554,19th St & Independence Ave SE,4055,Yes,Completed,No,No,No,No,Recall,No,No,,Active,7,38.887599,-76.977261,,50992,{55DC0F5C-7C32-384D-E063-782F520A01CE}
,b61cffc1a10801ed77464b3753e6905d,Minnesota Ave & Ely Pl SE,4135,Yes,Completed,TOD All-Ped Phase,No,No,No,Recall,No,No,,Active,7,38.883633,-76.95754,,50993,{55DC0F5C-7C33-384D-E063-782F520A01CE}
,140bf8c0cd2bbb9c1907174553272beb,"4th St, Harewood Rd & Michigan Ave NE",3231,Yes,Completed,No,No,No,No,Recall,No,Yes,,Active,5,38.931324,-77.000787,,50994,{55DC0F5C-7C34-384D-E063-782F520A01CE}
,8ae3e7386455b9e4aa926317619abb3e,E Basin Dr & Raoul Wallenberg Pl SW,1225,No,No Signage,No,Yes,No,No,Recall,No,No,,Active,2,38.88435879,-77.03371452,,50995,{55DC0F5C-7C35-384D-E063-782F520A01CE}
,513ebd164c59d07fd55d59237cb7fb8c,23rd St & L St NW,1160,Yes,Completed,No,No,No,No,Recall,No,No,,Active,2,38.903753,-77.050121,,50996,{55DC0F5C-7C36-384D-E063-782F520A01CE}
,b907ceccaec5936b06ae7c3f52123bfd,"9th St & Florida Ave, U St NW",2085,Yes,No Signage,No,No,No,No,Recall,No,Yes,,Active,1,38.917011,-77.023961,,50997,{55DC0F5C-7C37-384D-E063-782F520A01CE}
,9616bd38401bf57656220b3b38fb05a6,NORTHAMPTON STREET NW AND CONNECTICUT AVENUE NW,6261,No,No Signage,No,No,No,No,Actuated,Yes,Yes,,Active,3,38.96579306,-77.07608879,,50998,{55DC0F5C-7C38-384D-E063-782F520A01CE}
,21c0fc07a46137737f347b35ec1cf225,3rd St & G St NW,2019,Yes,Completed,No,No,No,No,Recall,No,Yes,,Active,6,38.898341,-77.015187,,50999,{55DC0F5C-7C39-384D-E063-782F520A01CE}
,4928c9f326f77fe9a9ff7567826e82ad,Georgia Ave & Kansas Ave NW,5134,Yes,Completed,No,No,No,Yes,Recall,No,Yes,,Active,4,38.942346,-77.025618,,51000,{55DC0F5C-7C3A-384D-E063-782F520A01CE}
,59ccbfab55c60865163bb4ff51beec8a,"14th St & Pennsylvania Ave, Potomac Ave (East) SE",4048,Yes,Completed,No,No,No,No,Recall,No,Planned,,Active,6,38.88014688,-76.98507559,,51001,{55DC0F5C-7C3B-384D-E063-782F520A01CE}
,80b3d03177e24be3b10e9600677d3f6d,12th St & I St NW,2121,Yes,Completed,No,No,No,No,Recall,No,No,,Active,2,38.901344,-77.028086,,51002,{55DC0F5C-7C3C-384D-E063-782F520A01CE}
,4e84d37abc12065f59436d824664cf98,4th St & Independence Ave SW,2191,Yes,Completed,No,No,No,No,Recall,No,Yes,,Active,6,38.887579,-77.017551,,51003,{55DC0F5C-7C3D-384D-E063-782F520A01CE}
,d5dc2e089b7be3068e38a0dfb582b478,"1st St SW, Washington Ave (Canal St) & C St SW",2172,Yes,Completed,No,No,No,No,Recall,No,No,,Active,6,38.88603866,-77.01214586,,51004,{55DC0F5C-7C3E-384D-E063-782F520A01CE}
,e851d7bbe72632e7b8a4dc8ac00adb1f,M St & New Jersey Ave SE,2260,Yes,Completed,No,No,No,No,Recall,No,Yes,,Active,8,38.876488,-77.004165,,51005,{55DC0F5C-7C3F-384D-E063-782F520A01CE}
,44c296bce2cbb7c62d1691ed8a7dccbf,"RENO RD AND FESSENDEN ST, NW",6123,Yes,Completed,No,No,No,No,Recall,No,No,,Active,3,38.9546994,-77.07272881,,51006,{55DC0F5C-7C40-384D-E063-782F520A01CE}
,92461f45f44b4f1021e38f0bdd030f00,"Massachusetts Ave, Columbus Cir & Louisiana Ave NE",2231,Yes,Completed,No,No,No,No,Recall,No,Yes,,Active,6,38.896279,-77.00742,,51007,{55DC0F5C-7C41-384D-E063-782F520A01CE}
,7764879c6009a8756e62b6cd92f440ca,6th St & E Capitol St,4064,Yes,Completed,No,No,No,No,Recall,No,No,,Active,6,38.889812,-76.99845,,51008,{55DC0F5C-7C42-384D-E063-782F520A01CE}
,817cd25d0fec850fe8b6c511304ee6f9,15th St & Rhode Island Ave NW,1045,Yes,No Signage,No,No,No,No,Recall,No,No,,Active,2,38.907937,-77.034565,,51009,{55DC0F5C-7C43-384D-E063-782F520A01CE}
,b4f823b305f68631b7dfb303ba888c0e,13th St & Euclid St NW,5035,Yes,No Signage,No,No,No,No,Recall,No,No,,Active,1,38.923764,-77.029711,,51010,{55DC0F5C-7C44-384D-E063-782F520A01CE}
,106e3a01ef973228381b3927f5b27c8c,18th St & Kalorama Rd NW,1234,Yes,Completed,No,No,No,No,Recall,No,No,,Active,1,38.919671,-77.041668,,51011,{55DC0F5C-7C45-384D-E063-782F520A01CE}
,1f49d673d158305a0ee95a55bcb28a9b,20th St & Constitution Ave NW,1117,Yes,No Signage,No,No,No,No,Recall,No,Yes,,Active,2,38.892117,-77.044939,,51012,{55DC0F5C-7C46-384D-E063-782F520A01CE}
,c0f19f579b09085e3a8fd0626b08570c,"12th St, Montello Ave & K St, Florida Ave NE",3099,Yes,Completed,No,No,Yes,No,Recall,No,Yes,,Active,6,38.902754,-76.990202,,51013,{55DC0F5C-7C47-384D-E063-782F520A01CE}
,451a412547dd648e33aae969c4b3fcfa,"11th St, Q St & Rhode Island Ave NW",2113,Yes,Completed,No,No,No,No,Recall,No,No,,Active,2,38.910552,-77.027023,,51014,{55DC0F5C-7C48-384D-E063-782F520A01CE}
,c4cfae2928af9df4e82a42cde0862bb2,"Park Rd & Walbridge Pl, Klingle Rd NW",6205,Yes,Completed,No,No,No,No,Recall,No,No,,Active,1,38.933179,-77.045422,,51015,{55DC0F5C-7C49-384D-E063-782F520A01CE}
,01c0b4d5b36ee5cd98839b3ca8b9d667,Georgia Ave & Bryant St NW,5118,Yes,Completed,No,No,No,Yes,Recall,No,Yes,,Active,1,38.91999,-77.021927,,51016,{55DC0F5C-7C4A-384D-E063-782F520A01CE}
,dcd007ff2857c2273da18d945d9d5fbd,Georgia Ave & V St NW,5146,Yes,No Signage,No,No,No,Yes,Recall,No,Yes,,Active,1,38.91776734,-77.02189906,,51017,{55DC0F5C-7C4B-384D-E063-782F520A01CE}
,359d8a89455578b847907d0ded6a48c8,4th St & College St NW,3459,Yes,No Signage,No,No,No,No,Recall,No,Yes,,Active,1,38.921373,-77.018188,,51018,{55DC0F5C-7C4C-384D-E063-782F520A01CE}
,e7ac8209c2ddb9fa73c4697431ed2c6d,PORTAL DRIVE NW AND 16TH STREET NW,5102,Yes,Completed,No,No,No,No,Recall,No,No,,Active,4,38.99067866,-77.03632491,,51019,{55DC0F5C-7C4D-384D-E063-782F520A01CE}
,83739ce11f1813e96f8b4066b8f51306,"6th St & Maine Ave, M St SW",2198,Yes,Completed,No,No,No,No,Recall,No,Yes,,Active,6,38.876476,-77.019885,,51020,{55DC0F5C-7C4E-384D-E063-782F520A01CE}
,413b135951aedea4bd299d36fc3ed39b,11th St & K St NW,2107,Yes,Completed,No,No,No,No,Recall,No,Yes,,Active,2,38.902537,-77.027047,,51021,{55DC0F5C-7C4F-384D-E063-782F520A01CE}
,cd1b645a13c84cd44bfd5f780106f806,"13th St, Kansas Ave & Spring Rd NW",5042,No,Completed,No,No,No,No,Recall,No,Yes,,Active,4,38.936687,-77.029709,,51022,{55DC0F5C-7C50-384D-E063-782F520A01CE}
,465eb0480579f45570e75a81203713a3,4th St & E St NW,2025,Yes,Completed,No,No,No,No,Recall,No,No,,Active,6,38.896149,-77.016185,,51023,{55DC0F5C-7C51-384D-E063-782F520A01CE}
,7b98fcdd9aa07cc62733229807dcf859,N Capitol St & H St,2217,No,Completed,No,No,No,No,Recall,No,No,,Active,6,38.900224,-77.009063,,51024,{55DC0F5C-7C52-384D-E063-782F520A01CE}
,bb9a5aad22f9adf65b8a197905264e70,3rd St & E Capitol St,4062,Yes,Completed,No,No,No,No,Recall,No,No,,Active,6,38.889817,-77.002034,,51025,{55DC0F5C-7C53-384D-E063-782F520A01CE}
,9e88e2933a8113908bbc9be90dae5c80,7th St & O St NW,3022,Yes,Completed,No,No,No,Yes,Recall,No,Yes,,Active,2,38.908575,-77.021939,,51026,{55DC0F5C-7C54-384D-E063-782F520A01CE}
,bda6b90917f6422ffaf16d13fe4bf848,NEW MEXICO AVENUE NW AND MACOMB STREET NW,6121,Yes,Completed,No,No,No,No,Recall,No,Yes,,Active,3,38.93350828,-77.08583807,,51027,{55DC0F5C-7C55-384D-E063-782F520A01CE}
,c11cf2f38749122ef97a738d0f57f666,7th St & I St NW,2059,Yes,No Signage,No,No,No,Yes,Recall,No,No,,Active,2,38.900875,-77.021914,,51028,{55DC0F5C-7C56-384D-E063-782F520A01CE}
,8f9d305071501512e55771008d0abf9d,36th St (East) & Benning Rd NE,4068,No,No Signage,No,No,No,No,Actuated,No,No,,Active,7,38.89581,-76.954236,,51029,{55DC0F5C-7C57-384D-E063-782F520A01CE}
,c2ae97789c4bf3bcef169b7ad2ebc71d,22nd St & Constitution Ave NW,1146,Yes,No Signage,No,No,No,No,Recall,No,Yes,,Active,2,38.892125,-77.048871,,51030,{55DC0F5C-7C58-384D-E063-782F520A01CE}
,4a1f8f93ca4a7e26183537f103c9674d,E St Expressway and Virginia Ave NW,1397,No,No Signage,No,No,No,No,Recall,No,Yes,,Active,2,38.89569242,-77.04738931,,51031,{55DC0F5C-7C59-384D-E063-782F520A01CE}
,,F St NW Ped Crossing (E of 14th St),1251,No,No Signage,No,No,No,No,Recall,No,Yes,,Active,2,38.897374,-77.031025,,51032,{55DC0F5C-7C5A-384D-E063-782F520A01CE}
,b251534b7b174c00827f4f5e88524152,"Pennsylvania Ave & L'Enfant Square, Minnesota Ave SE",4201,No,Completed,No,No,No,No,Recall,No,Planned,,Active,7,38.87383,-76.971409,,51033,{55DC0F5C-7C5B-384D-E063-782F520A01CE}
,2cdbb367324b376b8a24fa7144223c25,Georgia Ave & Farragut St NW,5298,Yes,No Signage,No,No,No,No,Recall,No,Yes,,Active,4,38.950801,-77.027291,,51034,{55DC0F5C-7C5C-384D-E063-782F520A01CE}
,5a5bae94b542fc4affc99b77940d7035,13th St & G St NW,2134,Yes,Completed,No,No,No,No,Recall,No,No,,Active,2,38.89832067,-77.02962228,,51035,{55DC0F5C-7C5D-384D-E063-782F520A01CE}
,1a96f68d7723b40ea955320d312e2848,S Capitol St & N St,2266,Yes,Completed,No,No,No,No,Recall,No,No,,Active,6,38.874643,-77.009091,,51036,{55DC0F5C-7C5E-384D-E063-782F520A01CE}
,4403721da1d2506077ffe4d25dd0e009,DAHLIA STREET NW AND GEORGIA AVENUE NW,5122,Yes,No Signage,No,No,No,Yes,Recall,No,Yes,,Active,4,38.9758186,-77.02665992,,51037,{55DC0F5C-7C5F-384D-E063-782F520A01CE}
,35db0e61b60f9c144a2b2d45823e2300,"18th St, Connecticut Ave & Jefferson Pl NW",1084,Yes,Completed,No,No,No,No,Recall,No,Yes,,Active,2,38.90646746,-77.04159324,,51038,{55DC0F5C-7C60-384D-E063-782F520A01CE}
,31e9b5fc1626d772f81f58034136f6ea,"Martin Luther King Jr Ave & Raleigh Pl, Randle Pl SE",4126,Yes,Completed,No,No,No,No,Recall,No,Yes,,Active,8,38.844296,-76.997995,,51039,{55DC0F5C-7C61-384D-E063-782F520A01CE}
,3ae0083a4b7e46dcfb0fe597ee733091,WISCONSIN AVENUE NW AND WARREN STREET NW,6015,Yes,No Signage,No,No,No,Yes,Recall,No,No,,Active,3,38.94479122,-77.07793038,,51040,{55DC0F5C-7C62-384D-E063-782F520A01CE}
,7db3c37feacb21816e58f1f36edabd84,18th St & Park Rd NW,5245,Yes,No Signage,No,No,No,No,Recall,No,No,,Active,1,38.93234,-77.041293,,51041,{55DC0F5C-7C63-384D-E063-782F520A01CE}
,55c591e5d836bd8c8551874e1926500d,11th St & Florida Ave NE,3456,No,No Signage,No,No,No,No,Actuated,Yes,Yes,,Active,6,38.903307,-76.991482,,51042,{55DC0F5C-7C64-384D-E063-782F520A01CE}
,ab42295ffdb452d830ff388388f2b1d2,NORTH DAKOTA AVENUE NW AND KANSAS AVENUE NW,5152,Yes,Completed,No,No,No,No,Recall,No,Yes,,Active,4,38.96236481,-77.01071512,,51043,{55DC0F5C-7C65-384D-E063-782F520A01CE}
,374ea36ad86cfa9a2ec57964bf14fb38,20th St & L St NW,1124,No,Completed,No,No,No,No,Recall,No,No,,Active,2,38.903762,-77.044922,,51044,{55DC0F5C-7C66-384D-E063-782F520A01CE}
,e05e98d5ca92f52afd6f227977de1333,Rhode Island Ave & New Jersey Ave NW,3029,No,Completed,No,No,No,No,Recall,No,Yes,,Active,2,38.91377259,-77.01778223,,51045,{55DC0F5C-7C67-384D-E063-782F520A01CE}
,ee07bca5b194e6d1efddd3bbb126f3d3,7th St & Virginia Ave SE,4023,Yes,No Signage,No,Yes,No,No,Recall,No,Yes,,Active,6,38.878611,-76.996195,,51046,{55DC0F5C-7C68-384D-E063-782F520A01CE}
,2bfa7783f6cd6506b89a3ad05f094da0,21st St & F St NW,1229,Yes,Completed,No,No,No,No,Recall,No,No,,Active,2,38.897372,-77.046676,,51047,{55DC0F5C-7C69-384D-E063-782F520A01CE}
,1cca1fa4dbe75d26afef2bdc0437b2ca,8th St & Florida Ave NW,2279,Yes,Completed,No,No,No,No,Recall,No,Yes,,Active,1,38.916741,-77.022948,,51048,{55DC0F5C-7C6A-384D-E063-782F520A01CE}
,183923646fba5c4c045712aaa4177e7b,5TH STREET NW AND SHERIDAN STREET NW,5019,Yes,Completed,No,No,No,No,Recall,No,No,,Active,4,38.96614249,-77.01990085,,51049,{55DC0F5C-7C6B-384D-E063-782F520A01CE}
,375bf72d4741fb128f594f08328a2b0b,4th St & T St NE,3064,Yes,Completed,No,No,No,No,Recall,No,No,,Active,5,38.915616,-77.000574,,51050,{55DC0F5C-7C6C-384D-E063-782F520A01CE}
,6967c70c229fa0bf0504c34d7ccb344b,FOXHALL ROAD NW AND NEBRASKA AVENUE NW,6113,Yes,No Signage,No,No,No,No,Recall,No,No,,Active,3,38.93320516,-77.09107152,,51051,{55DC0F5C-7C6D-384D-E063-782F520A01CE}
,358f8b6728eebb50fc837a8f59a6a17c,"4th St & C St, Massachusetts Ave, Maryland Ave NE",3055,Yes,Completed,No,No,No,No,Recall,No,Yes,,Active,6,38.893591,-77.000574,,51052,{55DC0F5C-7C6E-384D-E063-782F520A01CE}
,1f0dd4ed00d64c869607c4f9784a9264,7th St & Florida Ave NE,3250,Yes,No Signage,No,No,No,Yes,Recall,No,Yes,,Active,6,38.905285,-76.996132,,51053,{55DC0F5C-7C6F-384D-E063-782F520A01CE}
,230135b7eab07c16fb24a1a36e9650ea,4th St & T St NW,3014,Yes,Completed,No,No,No,No,Recall,No,No,,Active,1,38.915916,-77.017339,,51054,{55DC0F5C-7C70-384D-E063-782F520A01CE}
,bc209e47943766d9691c3cbe9456aee7,6th St & P St NW,3017,Yes,No Signage,No,No,No,No,Recall,No,No,,Active,2,38.909649,-77.019907,,51055,{55DC0F5C-7C71-384D-E063-782F520A01CE}
,fc97246db5c84ff29139c9351704b171,23rd St & Lincoln Memorial Cir NW,1361,Yes,Completed,No,No,No,No,TOD Recall,No,Yes,,Active,2,38.89021891,-77.05016347,,51056,{55DC0F5C-7C72-384D-E063-782F520A01CE}
,5321b013865e7e51eb42e7b359293448,Sargent Rd & Gallatin St NE,3199,Yes,No Signage,No,No,No,No,Recall,No,No,,Active,5,38.952418,-76.989256,,51057,{55DC0F5C-7C73-384D-E063-782F520A01CE}
,b5f1b182a64bfdef0b6343bedd963593,Franklin St & Lincoln Rd NE,3230,No,Completed,No,No,No,No,Recall,No,No,,Active,5,38.92562,-77.002465,,51058,{55DC0F5C-7C74-384D-E063-782F520A01CE}
,bdd7832fa88f25124128fb5010b0897f,"13th St & E Capitol St, North Carolina Ave NE",4228,Yes,Completed,No,No,No,No,Recall,No,Yes,,Active,6,38.890634,-76.988284,,51059,{55DC0F5C-7C75-384D-E063-782F520A01CE}
,bb559c55f6f8e2bae766257ad9af6e3c,New York Ave & Fairview Ave NE,3181,Yes,No Signage,No,No,No,No,Actuated,No,No,,Active,5,38.914261,-76.989134,,51060,{55DC0F5C-7C76-384D-E063-782F520A01CE}
,b91960d1453231e900995c60749f1c13,13th St & Monroe St NE,3170,Yes,Completed,No,No,No,No,Recall,No,No,,Active,5,38.932666,-76.988696,,51061,{55DC0F5C-7C77-384D-E063-782F520A01CE}
,588f3750b5a1075c5e28d5d299f72bf7,MASSACHUSETTS AVENUE NW AND WATERSIDE DRIVE NW,6109,No,No Signage,No,No,No,Yes,Actuated,No,Yes,,Active,2,38.91706748,-77.05735734,,51062,{55DC0F5C-7C78-384D-E063-782F520A01CE}
,,4th St & Engine Company 13 (near E St SW),2278,No,No Signage,No,No,No,No, ,No,No,,Active,6,38.882896,-77.01759,,51063,{55DC0F5C-7C79-384D-E063-782F520A01CE}
,9ffd9d096463a96d8c0162fbde4837a3,7th St & L St NW,2062,Yes,No Signage,No,No,No,No,Recall,No,No,,Active,2,38.904173,-77.021931,,51064,{55DC0F5C-7C7A-384D-E063-782F520A01CE}
,044264829ac09cce2f44ed160d013186,Connecticut Ave & Devonshire Pl NW,6067,Yes,No Signage,No,No,No,No,Recall,No,No,,Active,3,38.931695,-77.056252,,51065,{55DC0F5C-7C7B-384D-E063-782F520A01CE}
,528d6b9ec1269517d588606d6ed8f5eb,14th St & Thomas Cir NW (West Side),1365,No,Completed,No,No,No,No,Recall,No,No,,Active,2,38.90565348,-77.03241503,,51066,{55DC0F5C-7C7C-384D-E063-782F520A01CE}
,fb04241b3f19545e8ad738a3946221e0,"9th St, Brentwood Pkwy NE & Mt Olivet Rd NE",3175,No,No Signage,No,No,No,No,Actuated,No,No,,Active,5,38.912194,-76.992212,,51067,{55DC0F5C-7C7D-384D-E063-782F520A01CE}
,1eb7776e0748f850ff57cd0ba5f40024,3rd St & E St SE,4007,Yes,Completed,No,No,No,No,Recall,No,No,,Active,6,38.88324385,-77.00204054,,51068,{55DC0F5C-7C7E-384D-E063-782F520A01CE}
,bb1c1f89339ba3ef085eb80713e72c26,South Dakota Ave & Taylor St NE,3213,Yes,No Signage,No,No,No,No,Actuated,No,No,,Active,5,38.940728,-76.981411,,51069,{55DC0F5C-7C7F-384D-E063-782F520A01CE}
,08601bebf1694614bd300f5f1eae7f2f,CEDAR STREET NW AND PINEY BRANCH ROAD NW,5236,Yes,Completed,No,No,No,No,Recall,No,No,,Active,4,38.97482303,-77.02177038,,51070,{55DC0F5C-7C80-384D-E063-782F520A01CE}
,0adf21b9bfd6075527b5c522eb16aca6,"Sheriff Rd & Eastern Ave, Division Ave NE",4086,Yes,Completed,No,No,No,No,Recall,No,Yes,,Active,7,38.904009,-76.923614,,51071,{55DC0F5C-7C81-384D-E063-782F520A01CE}
,07fa4b12e9e891c7e98375c065aa9b89,18th St & Q St NW,1371,Yes,Completed,No,No,No,No,Recall,No,No,,Active,2,38.911131,-77.041685,,51072,{55DC0F5C-7C82-384D-E063-782F520A01CE}
,b49bdd0ac57dca0376007f1e4dd132c7,Georgia Ave & Barry Pl NW,5246,Yes,No Signage,No,No,Yes,Yes,Recall,No,Yes,,Active,1,38.92097031,-77.02205976,,51073,{55DC0F5C-7C83-384D-E063-782F520A01CE}
,c2e802efd31b24b46e3b5126155baae6,West Virginia Av & Fenwick St NE,3432,Yes,Completed,No,No,No,No,Actuated,No,No,,Active,5,38.912571,-76.983438,,51074,{55DC0F5C-7C84-384D-E063-782F520A01CE}
,f922e2bdc11c55485a49ce222dce4f2d,13th St NW & Columbia Rd NW,5034,Yes,Completed,No,No,No,No,Recall,No,No,,Active,1,38.927648,-77.029715,,51075,{55DC0F5C-7C85-384D-E063-782F520A01CE}
,3575a563a08845ff115dc20f8f450ee9,17th St & M St NE,3124,Yes,No Signage,No,No,No,No,Recall,No,No,,Active,5,38.90563,-76.97899,,51076,{55DC0F5C-7C86-384D-E063-782F520A01CE}
,0a7ce9b505a03d62a76095f515f4e4a9,"21st St, Bruce Pl SE & Alabama Ave SE",4104,Yes,No Signage,No,No,No,No,Recall,No,No,,Active,8,38.850763,-76.975236,,51077,{55DC0F5C-7C87-384D-E063-782F520A01CE}
,c616a2cbe952a520d5ce1db1144e8561,30TH STREET NW AND M STREET NW,6012,Yes,No Signage,No,No,No,No,Recall,No,No,,Active,2,38.90522645,-77.05916998,,51078,{55DC0F5C-7C88-384D-E063-782F520A01CE}
,f12fa48e4cd2ae07ed583e80ce0b2fed,SOUTH DAKOTA AVENUE NE AND NEW HAMPSHIRE AVENUE NE,5272,No,No Signage,No,No,No,No,Recall,No,Yes,,Active,4,38.95964205,-77.00701084,,51079,{55DC0F5C-7C89-384D-E063-782F520A01CE}
,8cb36f025ba8390a745dc7a4693dc976,7th St & H St NW,2058,No,Completed,Barnes Dance,No,No,No,Recall,No,No,,Active,2,38.899822,-77.021922,,51080,{55DC0F5C-7C8A-384D-E063-782F520A01CE}
,7f6a2815d0c65500d35d83be4594c880,INGOMAR STREET NW AND WISCONSIN AVENUE NW,6267,No,No Signage,No,No,No,No,Actuated,Yes,Yes,,Active,3,38.9580348,-77.08433034,,51081,{55DC0F5C-7C8B-384D-E063-782F520A01CE}
,4ad6894ff7ae41b5c4c0f5503feb8617,Sherman Ave & Columbia Rd NW,5168,Yes,No Signage,No,No,No,No,Recall,No,No,,Active,1,38.927836,-77.026092,,51082,{55DC0F5C-7C8C-384D-E063-782F520A01CE}
,513bf866c3038b2f25e0244f41ff7ce6,10th St & Maryland Ave NE,3460,Yes,Completed,No,No,No,No,Recall,No,Yes,,Active,6,38.896406,-76.99266,,51083,{55DC0F5C-7C8D-384D-E063-782F520A01CE}
,42a0f29948830b6a6275379ae34ed126,"14th St & North Carolina Ave, Constitution Ave NE",3109,Yes,Completed,No,Yes,No,No,Recall,No,Yes,,Active,6,38.891852,-76.985502,,51084,{55DC0F5C-7C8E-384D-E063-782F520A01CE}
,78623bc051f7e05ad251b623f3ccd4e4,16th St & Upshur St NW,5105,Yes,Completed,No,No,No,Yes,Recall,No,No,,Active,4,38.941869,-77.03644,,51085,{55DC0F5C-7C8F-384D-E063-782F520A01CE}
,5daaa16cfc7a5a784266207f538c0da6,Klingle Rd & Adams Mill Rd/Rosemount Ave NW,6203,Yes,Completed,No,No,No,No,Recall,No,No,,Active,1,38.93265,-77.046755,,51086,{55DC0F5C-7C90-384D-E063-782F520A01CE}
,,"WISCONSIN AVE AND NORTH RD (WASHINGTON CATHEDRAL), NW",6009,Yes,No Signage,No,No,No,Yes,Recall,No,No,,Active,3,38.930871,-77.072825,,51087,{55DC0F5C-7C91-384D-E063-782F520A01CE}
,e3659eab37c7fb65f4a2598d56b359ef,Sherman Ave & Kenyon St NW,5174,Yes,Completed,No,Yes,No,No,Recall,No,Yes,,Active,1,38.929806,-77.02639,,51088,{55DC0F5C-7C92-384D-E063-782F520A01CE}
,c7607310c4409e4369e1e6512074bfab,"16th St & Harvard St, Mt Pleasant St NW",5092,Yes,No Signage,No,No,No,No,Recall,No,Yes,,Active,1,38.927168,-77.036478,,51089,{55DC0F5C-7C93-384D-E063-782F520A01CE}
,ff9d7ae9f76593885fcb0612370c9385,"7th St & K St, Massachusetts Ave NW",2061,Yes,No Signage,No,No,No,No,Recall,No,Yes,,Active,6,38.902143,-77.021907,,51090,{55DC0F5C-7C94-384D-E063-782F520A01CE}
,0250b56e22dc8214c47b0cba5b51e117,14th St & Constitution Ave NW,1008,Yes,Completed,No,No,No,No,Recall,No,No,,Active,2,38.892111,-77.031964,,51091,{55DC0F5C-7C95-384D-E063-782F520A01CE}
,4e6ba8eabad73b6a60a68883d654873f,"Harvard St, Adams Mill Rd & Zoo Entrance NW",6053,No,Completed,All-Ped Phase,No,No,No,Actuated,No,Yes,,Active,1,38.928021,-77.043405,,51092,{55DC0F5C-7C96-384D-E063-782F520A01CE}
,29ee8ec1cf2fb569b63df40b6f21ccac,7th St & E St NW,2054,Yes,Completed,No,No,No,No,Recall,No,No,,Active,2,38.89613,-77.021917,,51093,{55DC0F5C-7C97-384D-E063-782F520A01CE}
,fe19d6ef8495d66b3518a1ae7a4bd225,New Hampshire Ave & Webster St NW,5159,Yes,Completed,No,No,No,No,Recall,No,No,,Active,4,38.944227,-77.018449,,51094,{55DC0F5C-7C98-384D-E063-782F520A01CE}
,954abfe904cb60478f6bd0e67b28b811,8th St & Maryland Ave NE,3085,Yes,Completed,No,No,No,Yes,Recall,No,Yes,,Active,6,38.895424,-76.994975,,51095,{55DC0F5C-7C99-384D-E063-782F520A01CE}
,7e66df09975d89c34c2c22b8b5f8a56f,WESTOVER PLACE NW AND NEWARK STREET NW,6244,Yes,Completed,No,No,No,No,Recall,No,Yes,,Active,3,38.93461808,-77.08647411,,51096,{55DC0F5C-7C9A-384D-E063-782F520A01CE}
,8ee9a95652bd8a9808751a3a43e21a00,Wheeler Rd & Barnaby St SE,4163,Yes,Completed,No,No,No,No,Actuated,No,No,,Active,8,38.83347004,-76.98948647,,51097,{55DC0F5C-7C9B-384D-E063-782F520A01CE}
,c31763b13d07804ca343fad9da1b7f2a,14th St & Euclid St NW,5057,Yes,Completed,No,No,No,No,Recall,No,Yes,,Active,1,38.923716,-77.032147,,51098,{55DC0F5C-7C9C-384D-E063-782F520A01CE}
,b5f1e66399394d868f9da652a712a69d,44TH STREET NW AND WESTERN AVENUE NW,6046,Yes,Completed,No,No,No,No,Recall,No,No,,Active,3,38.96014805,-77.0865577,,51099,{55DC0F5C-7C9D-384D-E063-782F520A01CE}
,bdecb8d2b809ae843d9755c859e39d72,8th St & M St SE,4027,Yes,Completed,No,No,No,No,Recall,No,Yes,,Active,8,38.876503,-76.99498,,51100,{55DC0F5C-7C9E-384D-E063-782F520A01CE}
,00dcb5f44c05f3d301731acadde682b5,4th St & G St NW,2026,Yes,Completed,No,No,No,No,Recall,No,No,,Active,6,38.898334,-77.016184,,51101,{55DC0F5C-7C9F-384D-E063-782F520A01CE}
,ae6126e87c531bc28e4d409cf21ee685,"14th St, Colorado Ave & Kennedy St NW",5065,Yes,Completed,No,No,No,No,Recall,No,Yes,,Active,4,38.95622054,-77.03342874,,51102,{55DC0F5C-7CA0-384D-E063-782F520A01CE}
,5c1f6c179e15f24d76894e4c706eb488,M STREET NW AND FRANCIS SCOTT KEY BRIDGE NW,6092,No,Completed,No,No,No,No,Recall,No,Yes,,Active,2,38.90508338,-77.06862881,,51103,{55DC0F5C-7CA1-384D-E063-782F520A01CE}
,ea34be9afa47aebee3e84949afab5de2,"Ridge Rd & Texas Ave, Fort Davis Dr SE",4161,Yes,Completed,No,No,No,No,Actuated,No,Yes,,Active,7,38.880872,-76.945771,,51104,{55DC0F5C-7CA2-384D-E063-782F520A01CE}
,0bd781821208dd3c2bf5a40cb36f66ca,21st St & G St NW,1135,Yes,Completed,No,No,No,No,Recall,No,No,,Active,2,38.898353,-77.046664,,51105,{55DC0F5C-7CA3-384D-E063-782F520A01CE}
,0becc0e00b6e256cb47c339b68e21de1,"4th St & North Carolina Ave, Seward Square SE",4012,Yes,Completed,No,No,No,No,Recall,No,No,,Active,6,38.885611,-77.000574,,51106,{55DC0F5C-7CA4-384D-E063-782F520A01CE}
,8be80f77e05259df8669b756a463c2dd,Dupont Cir NW,1195,No,Completed,No,No,No,No,Recall,No,Planned,,Active,2,38.909641,-77.043442,,51107,{55DC0F5C-7CA5-384D-E063-782F520A01CE}
,b762af760c0837f508de1a68a8470974,Rock Creek and Potomac Pkwy & John F Kennedy Center Ramp NW,1241,No,No Signage,No,No,No,No,Recall,No,Yes,,Active,2,38.897642,-77.056409,,51108,{55DC0F5C-7CA6-384D-E063-782F520A01CE}
,35f6b9856ea90d5385812f241c8e6cfb,13TH STREET NW AND HEMLOCK STREET NW,5030,Yes,Completed,No,No,No,No,Recall,No,No,,Active,4,38.98126001,-77.02963511,,51109,{55DC0F5C-7CA7-384D-E063-782F520A01CE}
,af3b295da7513e2c18bf322ec6e2ef2e,4th St & Virginia Ave SW,2196,Yes,Completed,No,No,No,No,Recall,No,No,,Active,6,38.884683,-77.017557,,51110,{55DC0F5C-7CA8-384D-E063-782F520A01CE}
,ee8d0644e80711ed2729ca436d4b1f31,49th St & Sheriff Rd NE,4085,Yes,No Signage,No,No,No,No,Recall,No,No,,Active,7,38.903055,-76.931683,,51111,{55DC0F5C-7CA9-384D-E063-782F520A01CE}
,b59c1f1a93692af4c9d71db0596f953a,Wheeler Rd & Wahler Pl SE,4167,Yes,Completed,No,No,No,No,Recall,No,Yes,,Active,8,38.834342,-76.990832,,51112,{55DC0F5C-7CAA-384D-E063-782F520A01CE}
,c92445aa1ee6ecd6ed173f387c12b949,17th St & I St NW,1070,Yes,Completed,No,No,No,No,Recall,No,No,,Active,2,38.901346,-77.039456,,51113,{55DC0F5C-7CAB-384D-E063-782F520A01CE}
,42c0ef37c68aa962fb7fec87b4770295,13th St & R St NW,2143,Yes,Completed,No,No,No,No,Recall,No,No,,Active,2,38.912622,-77.029632,,51114,{55DC0F5C-7CAC-384D-E063-782F520A01CE}
,d617b9067d2ee1c386e5c7f68993a0dd,Connecticut Ave/17th St & I St NW,1064,Yes,Completed,No,No,No,Yes,Recall,No,No,,Active,2,38.901336,-77.038514,,51115,{55DC0F5C-7CAD-384D-E063-782F520A01CE}
,a10f34380cab408984ec7993678aafb9,4th St & Bryant St NE,3245,Yes,Completed,No,No,No,No,Recall,No,No,,Active,5,38.921305,-77.000573,,51116,{55DC0F5C-7CAE-384D-E063-782F520A01CE}
,a4b57f457231043a2a4fceb0a6596f56,14th St & Clifton St NW,5054,Yes,Completed,No,No,No,No,Recall,No,No,,Active,1,38.922573,-77.032021,,51117,{55DC0F5C-7CAF-384D-E063-782F520A01CE}
,34f15beb8ac251d82eb5f74cd211c737,8th St & Pennsylvania Ave SE,4028,Yes,Completed,No,No,No,No,Recall,No,Yes,,Active,6,38.884197,-76.994963,,51118,{55DC0F5C-7CB0-384D-E063-782F520A01CE}
,f2625dc1fc2afee05079bbb58084f6d3,20th St & F St NW,1120,Yes,No Signage,No,No,No,No,Recall,No,No,,Active,2,38.89737,-77.044918,,51119,{55DC0F5C-7CB1-384D-E063-782F520A01CE}
,82cfa33cf8ad6f37947a808b9cd61e9c,16TH STREET NW AND VAN BUREN STREET NW,5107,Yes,No Signage,No,No,No,Yes,Recall,No,No,,Active,4,38.9699335,-77.03637174,,51120,{55DC0F5C-7CB2-384D-E063-782F520A01CE}
,17044f1a368bba12facf39a87aff4979,"16th St, North Portal Dr, and Eastern Ave, NW",5238,No,Completed,No,No,No,No,Recall,No,Yes,,Active,4,38.99227979,-77.03631838,,51121,{55DC0F5C-7CB3-384D-E063-782F520A01CE}
,eae679d142a84178d2efce2059db0624,FORT STEVENS DRIVE NW AND 16TH STREET NW,5090,Yes,Completed,No,No,No,Yes,Recall,No,No,,Active,4,38.96483438,-77.0363867,,51122,{55DC0F5C-7CB4-384D-E063-782F520A01CE}
,2c8f4765b9d5032484311d742a63d6c7,18th St & Franklin St NE,3156,Yes,No Signage,No,No,No,No,Recall,No,No,,Active,5,38.925585,-76.979008,,51123,{55DC0F5C-7CB5-384D-E063-782F520A01CE}
,a9aaf47f479014af1171c44e6744075b,Independence Ave & New Jersey Ave SE,2212,No,Completed,No,No,No,No,Recall,No,No,,Active,6,38.88762,-77.008184,,51124,{55DC0F5C-7CB6-384D-E063-782F520A01CE}
,ed64135f167a2c68bb41bbe0727bba05,18th St & K St NW,1092,Yes,Completed,No,No,No,No,Recall,No,Yes,,Active,2,38.902524,-77.041691,,51125,{55DC0F5C-7CB7-384D-E063-782F520A01CE}
,7b9b6129091917f1959c1d610cfbb024,Alabama Ave & Stanton Rd SE,4102,Yes,Completed,No,No,No,Yes,Recall,No,Yes,,Active,8,38.84691059,-76.98031041,,51126,{55DC0F5C-7CB8-384D-E063-782F520A01CE}
,6b559cc9d695054e6d691c592ae5449c,Eastern Ave & Bladensburg Rd NE,3141,Yes,Completed,No,No,No,No,Recall,No,Yes,,Active,5,38.93073,-76.957735,,51127,{55DC0F5C-7CB9-384D-E063-782F520A01CE}
,3521553c789ac456a5adf588bef35250,"CANAL RD AND RESERVOIR RD, NW",6268,No,No Signage,No,No,No,No,Actuated,No,Yes,,Active,3,38.91899122,-77.10052853,,51128,{55DC0F5C-7CBA-384D-E063-782F520A01CE}
,a5e2c0fec31d78191d8cc11b626c9e33,Florida Ave & U St NW,1374,No,Completed,No,No,No,No,Recall,No,No,,Active,1,38.917015,-77.041197,,51129,{55DC0F5C-7CBB-384D-E063-782F520A01CE}
,bab0627e3974628730209d498841088e,"Pennsylvania Ave & Fairlawn Ave, Anacostia Fwy Ramp SE",4236,No,No Signage,No,No,No,No,Recall,No,No,,Active,7,38.874535,-76.972905,,51130,{55DC0F5C-7CBC-384D-E063-782F520A01CE}
,d42bace30a7cc66dea49df9674242486,14th St & F St NW,1012,Yes,No Signage,No,No,No,No,Recall,No,No,,Active,2,38.897391,-77.03197,,51131,{55DC0F5C-7CBD-384D-E063-782F520A01CE}
,1b8e2af26d41cd9cc08c2b646b9ee053,Mt Olivet Rd & West Virginia Ave NE,3177,Yes,Completed,No,No,No,No,Recall,No,Yes,,Active,5,38.910486,-76.985773,,51132,{55DC0F5C-7CBE-384D-E063-782F520A01CE}
,c5a9d9eec7029922bbab331169b84b10,"New Hampshire Ave, Blair Rd & Longfellow St NE",5241,Yes,No Signage,No,No,No,No,Recall,No,No,,Active,4,38.957894,-77.008289,,51133,{55DC0F5C-7CBF-384D-E063-782F520A01CE}
,84ee1d4a8f29728d2615903e8fe106aa,12th St & Franklin St NE,3153,Yes,Completed,No,No,No,No,Recall,No,No,,Active,5,38.925582,-76.990451,,51134,{55DC0F5C-7CC0-384D-E063-782F520A01CE}
,162eb51b8dcbb70af66762176ea9e42c,Independence Ave & West Basin Dr SW,1253,No,No Signage,No,No,No,No,Actuated,No,Yes,,Active,2,38.886934,-77.044988,,51135,{55DC0F5C-7CC1-384D-E063-782F520A01CE}
,413c4259a60ca44e6a8e4038c7377fc5,Warder St & Hobart Pl NW,5177,No,Completed,No,No,No,No,Recall,No,No,,Active,1,38.928075,-77.019334,,51136,{55DC0F5C-7CC2-384D-E063-782F520A01CE}
,5c8a9906b22898907311a03a8929cb6c,MILITARY ROAD NW AND 39TH STREET NW,6243,Yes,No Signage,No,No,No,No,Recall,No,No,,Active,3,38.96102898,-77.07714393,,51137,{55DC0F5C-7CC3-384D-E063-782F520A01CE}
,42646d6ee1187fe52a2dfa8a7670b5e9,MONTAGUE STREET NW AND 16TH STREET NW,5203,Yes,No Signage,No,No,No,Yes,Recall,No,No,,Active,4,38.95929115,-77.03639828,,51138,{55DC0F5C-7CC4-384D-E063-782F520A01CE}
,ab948f5d6ab578e484fb3566d54e7ad7,1st St & H St NW,2006,Yes,No Signage,No,No,No,No,Recall,No,Yes,,Active,6,38.900224,-77.012172,,51139,{55DC0F5C-7CC5-384D-E063-782F520A01CE}
,8b7dff84e11e671d885db067b0236312,WISCONSIN CIRCLE NW AND WESTERN AVENUE NW,6239,No,No Signage,No,No,No,No,Recall,No,No,,Active,3,38.96165667,-77.08463386,,51140,{55DC0F5C-7CC6-384D-E063-782F520A01CE}
,d8101b60504ddfc20a1eda7e195abedf,"20th St, Connecticut Ave & R St NW",1116,Yes,Completed,No,No,No,No,Recall,No,Planned,,Active,2,38.912608,-77.045124,,51141,{55DC0F5C-7CC7-384D-E063-782F520A01CE}
,5ec94f241eb07fa1e5b612768a0184d2,23rd St & Minnesota Ave SE,4133,Yes,Completed,No,No,No,Yes,Actuated,No,No,,Active,8,38.872236,-76.973208,,51142,{55DC0F5C-7CC8-384D-E063-782F520A01CE}
,43e8d350670b5fdbadc60db424620acf,10th St & Franklin St NE,3152,Yes,Completed,No,No,No,No,Recall,No,No,,Active,5,38.925588,-76.992436,,51143,{55DC0F5C-7CC9-384D-E063-782F520A01CE}
,a2c03d332b0c09b7ab58dec52746205c,"11th St & E Capitol St, Massachusetts Ave NE",4222,Yes,Completed,No,No,No,No,Recall,No,No,,Active,6,38.890377,-76.991533,,51144,{55DC0F5C-7CCA-384D-E063-782F520A01CE}
,ef43c4c396b97c6841be066d8d43a407,19th St & E Capitol St,3224,Yes,Completed,No,No,No,No,Recall,No,No,,Active,7,38.889825,-76.977275,,51145,{55DC0F5C-7CCB-384D-E063-782F520A01CE}
,8989597d9fee918ee360fa9ca7456714,1st St & E St NW,2004,Yes,Completed,No,No,No,No,Recall,No,No,,Active,6,38.896124,-77.012168,,51146,{55DC0F5C-7CCC-384D-E063-782F520A01CE}
,d82a34f30acf61590376a249f8d30a8b,15th St & Massachusetts Ave NW,1041,Yes,Completed,No,No,No,No,Recall,No,No,,Active,2,38.906585,-77.034568,,51147,{55DC0F5C-7CCD-384D-E063-782F520A01CE}
,96dbaf7ca873116e750d6f7b8690f053,5th St & Kansas Ave NW,5015,Yes,Completed,No,No,No,No,Recall,No,Yes,,Active,4,38.950412,-77.019608,,51148,{55DC0F5C-7CCE-384D-E063-782F520A01CE}
,058f21832621e052436715c04372074c,Delaware Ave & D St NE,2168,Yes,No Signage,No,No,No,No,Recall,No,No,,Active,6,38.894798,-77.007169,,51149,{55DC0F5C-7CCF-384D-E063-782F520A01CE}
,2583ba193cd4010221067d22f27252e0,12th St & Pennsylvania Ave SE,4042,Yes,Completed,No,No,No,No,Recall,No,Yes,,Active,6,38.882258,-76.990252,,51150,{55DC0F5C-7CD0-384D-E063-782F520A01CE}
,89605c2c14ae3601e573b27eeb5d06c7,18th St & Monroe St NE,3172,Yes,Completed,TOD All-Ped Phase,No,No,No,Recall,No,No,,Active,5,38.933112,-76.979619,,51151,{55DC0F5C-7CD1-384D-E063-782F520A01CE}
,aefba4071fd35fb3059b258e1a0b9d31,18th St & Virginia Ave NW,1102,Yes,Completed,No,No,No,No,Recall,No,No,,Active,2,38.89264,-77.041733,,51152,{55DC0F5C-7CD2-384D-E063-782F520A01CE}
,5e1896babe27682f6d4a5bb9e69659d0,2nd St & E Capitol St,4061,Yes,Completed,No,No,No,No,Recall,No,No,,Active,6,38.889812,-77.003524,,51153,{55DC0F5C-7CD3-384D-E063-782F520A01CE}
,f650d9b978e8fcd02049c8d485113d82,"15th St, Florida Ave, New Hampshire Ave & W St NW",5079,No,Completed,No,Yes,No,No,Recall,No,Yes,,Active,1,38.919132,-77.034635,,51154,{55DC0F5C-7CD4-384D-E063-782F520A01CE}
,b0ebfbf4a1815543c9d6e0a40af9aec6,Marion Barry Ave SE (Good Hope Rd) & Minnesota Ave SE,4119,No,Completed,All-Ped Phase,No,No,No,Recall,No,No,,Active,8,38.866644,-76.984398,,51155,{55DC0F5C-7CD5-384D-E063-782F520A01CE}
,145a0ebe84fccceb275b3c1c05f87c41,14th St & K St NW,1016,Yes,Completed,No,No,No,No,Recall,No,Yes,,Active,2,38.90253055,-77.03195738,,51156,{55DC0F5C-7CD6-384D-E063-782F520A01CE}
,a4f1c969e3860bd910d814c6f6f68863,Sherman Ave & Barry Pl NW,5167,Yes,Completed,No,No,No,No,Recall,No,No,,Active,1,38.920679,-77.025221,,51157,{55DC0F5C-7CD7-384D-E063-782F520A01CE}
,0453b0df2d03c5b2e70b4eb1f83ea457,9th St & F St NW,2070,Yes,Completed,No,Yes,No,No,Recall,No,No,,Active,2,38.897292,-77.023972,,51158,{55DC0F5C-7CD8-384D-E063-782F520A01CE}
,,H St & Union Station (Ramp 4) NE,2254,Yes,No Signage,No,No,No,No,Actuated,No,No,,Active,6,38.900206,-77.005638,,51159,{55DC0F5C-7CD9-384D-E063-782F520A01CE}
,a3bf9af97259be5c37a9d99046e365bd,"S Capitol St, Washington Ave SW & E St",2224,Yes,No Signage,No,No,No,No,Actuated,No,No,,Active,6,38.883211,-77.009063,,51160,{55DC0F5C-7CDA-384D-E063-782F520A01CE}
,b136f5362c8a42cc99c54ad560a44631,Southern Ave & Massachusetts Ave SE,4154,Yes,Completed,No,No,No,No,Recall,No,Yes,,Active,7,38.86923309,-76.93973051,,51161,{55DC0F5C-7CDB-384D-E063-782F520A01CE}
,db0fe16379dc18cfa8d579edbc2a8458,1st St & C St/Indiana Ave NW,2001,Yes,No Signage,No,No,No,No,Recall,No,No,,Active,6,38.893627,-77.012176,,51162,{55DC0F5C-7CDC-384D-E063-782F520A01CE}
,d47101360d165d9c7b76d15acf52f178,"MST, POTOMAC ST, AND MARKET PL, NW",6238,Yes,No Signage,No,No,No,No,Recall,No,No,,Active,2,38.90513388,-77.06524034,,51163,{55DC0F5C-7CDD-384D-E063-782F520A01CE}
,aab9acbc8e6c1579846327ff1ccc16ff,"Connecticut Ave & Jewett St, Zoo Entrance NW",6087,No,Completed,No,No,No,No,Recall,No,No,,Active,3,38.930502,-77.055554,,51164,{55DC0F5C-7CDE-384D-E063-782F520A01CE}
,dd0a751cad931798564d44bb97c8a256,MILITARY ROAD NW AND CONNECTICUT AVENUE NW,6074,Yes,No Signage,No,No,No,No,Recall,No,No,,Active,3,38.96102523,-77.07331156,,51165,{55DC0F5C-7CDF-384D-E063-782F520A01CE}
,17ba959eecf70f5903e5065ec19818a1,"24th St, Mills Ave & Franklin St NE",3158,Yes,No Signage,No,No,No,No,Recall,No,No,,Active,5,38.925584,-76.972176,,51166,{55DC0F5C-7CE0-384D-E063-782F520A01CE}
,ac2c50f7c52dd57de13f4ba07686fa2a,Massachusetts Ave & Q St NW,1184,Yes,Completed,No,No,No,Yes,Recall,No,Yes,,Active,2,38.911133,-77.04771,,51167,{55DC0F5C-7CE1-384D-E063-782F520A01CE}
,f63110cea700e723ffd3d38eb1b4814c,14th St & L St NW,1017,Yes,Completed,No,No,No,No,Recall,No,No,,Active,2,38.903762,-77.03198,,51168,{55DC0F5C-7CE2-384D-E063-782F520A01CE}
,90dd85f57a902179ad4c2f066b190b19,15th St & I St NW,1035,Yes,No Signage,No,No,No,Yes,Recall,No,No,,Active,2,38.901345,-77.033632,,51169,{55DC0F5C-7CE3-384D-E063-782F520A01CE}
,27ae76721a3a0d792c9ac70367d5b231,"28th St & Pennsylvania Ave, M St NW",6008,Yes,Completed,No,No,No,No,Recall,No,No,,Active,2,38.905101,-77.057027,,51170,{55DC0F5C-7CE4-384D-E063-782F520A01CE}
,2a64703cc4ab31a896f4762112952ab2,4th St & G St SW,2189,Yes,Completed,No,No,No,No,Recall,No,No,,Active,6,38.881287,-77.01756,,51171,{55DC0F5C-7CE5-384D-E063-782F520A01CE}
,1ec8fa4bf32e690080fd3e8a82a3050d,19th St & Benning Rd NE,3129,Yes,Completed,No,No,No,No,Recall,No,Yes,,Active,7,38.898889,-76.976354,,51172,{55DC0F5C-7CE6-384D-E063-782F520A01CE}
,b192305486f39c41ce08b6252667d036,GEORGIA AVENUE NW AND PEABODY STREET NW,5141,Yes,Completed,No,No,No,Yes,Recall,No,No,,Active,4,38.96270799,-77.027891,,51173,{55DC0F5C-7CE7-384D-E063-782F520A01CE}
,ad45ac66e49970845cc0ab3dfb9744d8,7th St & P St NW,3023,Yes,Completed,No,No,Yes,Yes,Recall,No,Yes,,Active,2,38.909654,-77.021923,,51174,{55DC0F5C-7CE8-384D-E063-782F520A01CE}
,1e5e960782e6a3ffc42fb012a2529991,"16th St & Morrow Dr, Kennedy St NW",5095,Yes,Completed,No,No,No,Yes,Recall,No,Yes,,Active,4,38.956203,-77.036397,,51175,{55DC0F5C-7CE9-384D-E063-782F520A01CE}
,b90bccc56a94661f8755b99030e7b8b2,16th St & Buchanan St NW,5278,No,No Signage,No,No,No,No,Actuated,Yes,Yes,,Active,4,38.946131,-77.036419,,51176,{55DC0F5C-7CEA-384D-E063-782F520A01CE}
,fce249aabe3b521d8a5753c05acf15b1,"WISCONSIN AVE AND Q ST, NW",6149,Yes,No Signage,No,No,No,No,Recall,No,Yes,,Active,2,38.910576,-77.065025,,51177,{55DC0F5C-7CEB-384D-E063-782F520A01CE}
,30ea1085414817fed25b519dabebfaff,26th St & M St NW,1172,Yes,Completed,No,No,No,No,Recall,No,Yes,,Active,2,38.905261,-77.054751,,51178,{55DC0F5C-7CEC-384D-E063-782F520A01CE}
,3ca1fc6b46829399018b1922a3700fbf,8th St & E Capitol St,4065,Yes,Completed,No,No,No,No,Recall,No,No,,Active,6,38.889808,-76.994968,,51179,{55DC0F5C-7CED-384D-E063-782F520A01CE}
,5a4597f25615cf746ef50d706116e93c,6th St & G St NW,2043,Yes,Completed,No,No,No,No,Recall,No,Yes,,Active,2,38.898322,-77.019918,,51180,{55DC0F5C-7CEE-384D-E063-782F520A01CE}
,6e4d76ff8ebfad815aeb9853da4a7416,Pennsylvania Ave & North Carolina Ave SE,4057,Yes,Completed,No,No,No,No,Recall,No,Yes,,Active,6,38.886046,-76.999509,,51181,{55DC0F5C-7CEF-384D-E063-782F520A01CE}
,05e734567c8b80cb3c8054c57c3efd34,E St NW & 9th St NW,2069,Yes,Completed,No,Yes,No,No,Recall,No,No,,Active,2,38.896121,-77.023958,,51182,{55DC0F5C-7CF0-384D-E063-782F520A01CE}
,a7f55334b7ff0ae0be92b18fed26a584,14th St & S St NW,1025,Yes,Completed,No,No,No,No,Recall,No,Yes,,Active,1,38.91411,-77.03195,,51183,{55DC0F5C-7CF1-384D-E063-782F520A01CE}
,24a128fd6beb94a1bd7284ded6e135d7,Connecticut Ave & Desales St NW,1176,Yes,No Signage,All-Ped Phase,No,No,No,Recall,No,Yes,,Active,2,38.90474279,-77.04058852,,51184,{55DC0F5C-7CF2-384D-E063-782F520A01CE}
,5c2443bcd21da3f32d9b4eaa95583471,NEW MEXICO AVENUE NW AND NEBRASKA AVENUE NW,6117,Yes,Completed,No,No,No,No,Recall,No,Yes,,Active,3,38.93578841,-77.08773054,,51185,{55DC0F5C-7CF3-384D-E063-782F520A01CE}
,9b488bc86fd8573a53d86b5fde19d221,13th St & V St NW,5051,Yes,Completed,No,No,No,No,Recall,No,No,,Active,1,38.918111,-77.029626,,51186,{55DC0F5C-7CF4-384D-E063-782F520A01CE}
,c7e2bb80693e1af84ea1b53d1929cfab,7th St & Maine Ave SW,2200,Yes,Completed,No,No,No,No,Recall,No,Yes,,Active,6,38.878662,-77.0227,,51187,{55DC0F5C-7CF5-384D-E063-782F520A01CE}
,47a00d476ffac63a7d93bbfb0cdb298c,11th St & G St NW,2104,Yes,Completed,No,No,Yes,No,Recall,No,Yes,,Active,2,38.898319,-77.027037,,51188,{55DC0F5C-7CF6-384D-E063-782F520A01CE}
,e71235e560a81c6a0bf77a9f31390428,7th St & Pennsylvania Ave SE,4024,Yes,Completed,No,No,No,No,Recall,No,Yes,,Active,6,38.884692,-76.996201,,51189,{55DC0F5C-7CF7-384D-E063-782F520A01CE}
,25b029d43a1e793555996d66a604940c,13th St & Theodore Roosevelt High School Entrance NW (MidBlock Ped Crossing),5049,No,No Signage,No,No,No,No,Recall,No,No,,Active,4,38.943017,-77.029707,,51190,{55DC0F5C-7CF8-384D-E063-782F520A01CE}
,4d9d9e72603177ff4fca9aeeeb34ef09,20th St & H St NW,1238,Yes,No Signage,No,No,No,No,Recall,No,No,,Active,2,38.899586,-77.044912,,51191,{55DC0F5C-7CF9-384D-E063-782F520A01CE}
,6a2a2d1c161fc28a26349f908585926f,16th St & V St NW,5106,Yes,Completed,No,No,No,Yes,Recall,No,Yes,,Active,1,38.91812,-77.036502,,51192,{55DC0F5C-7CFA-384D-E063-782F520A01CE}
,6c95fa33d6ee4a696be8510b1f40a1d2,"Firth Sterling Ave SE & Stevens Rd, St Elizabeths Rd, Barry Rd SE",4269,No,No Signage,No,No,No,No,Actuated,No,Yes,,Active,8,38.860732,-77.002036,,51193,{55DC0F5C-7CFB-384D-E063-782F520A01CE}
,92ccd7b90c56fb97c91bcbd208118baf,CONNECTICUT AVENUE NW AND MORRISON STREET NW,6166,Yes,Completed,No,No,No,No,Recall,No,Yes,,Active,3,38.9640064,-77.07505095,,51194,{55DC0F5C-7CFC-384D-E063-782F520A01CE}
,423e83e0abf7cb21cf9f15505a49fc57,13th St & Otis Pl NW,5243,Yes,No Signage,No,No,No,No,Recall,No,No,,Active,1,38.934575,-77.029723,,51195,{55DC0F5C-7CFD-384D-E063-782F520A01CE}
,19c6759ef515711c53bb389b570fb40c,"21st St, Florida Ave & S St NW",1370,No,No Signage,No,No,No,No,Recall,No,No,,Active,2,38.91403825,-77.04657636,,51196,{55DC0F5C-7CFE-384D-E063-782F520A01CE}
,73a1a45c1bfb64e55cb0704369e6df3d,3rd St & Pennsylvania Ave NW,2023,No,No Signage,No,No,No,No,Recall,No,Planned,,Active,2,38.891459,-77.015193,,51197,{55DC0F5C-7CFF-384D-E063-782F520A01CE}
,8be4e45777351042959cde375c40c6cf,32ND STREET NW AND CLEVELAND AVENUE NW,6018,Yes,Completed,No,No,No,No,Recall,No,No,,Active,3,38.92752784,-77.06324213,,51198,{55DC0F5C-7D00-384D-E063-782F520A01CE}
,0e64a9d7c7ad1d320baea8e37bf2743b,CONNECTICUT AVENUE NW AND ORDWAY STREET NW,6077,Yes,Completed,No,No,No,No,Recall,No,Yes,,Active,3,38.93557401,-77.05851167,,51199,{55DC0F5C-7D01-384D-E063-782F520A01CE}
,f282b412ba67d782f8910dde0f29356f,TUNLAW ROAD NW AND CALVERT STREET NW,6056,Yes,Completed,No,No,No,No,Recall,No,No,,Active,3,38.92255605,-77.07469977,,51200,{55DC0F5C-7D02-384D-E063-782F520A01CE}
,b79ff0bb5e94e6943567f19f6e79be43,17th St & Independence Ave SE,4052,Yes,Completed,No,No,No,No,Recall,No,Yes,,Active,7,38.88759725,-76.98076553,,51201,{55DC0F5C-7D03-384D-E063-782F520A01CE}
,3319ebe382cb557d8b6ecb58e7a88903,"MACARTHUR BLVD AND Q ST, NW",6098,Yes,Completed,No,No,No,No,Recall,No,No,,Active,3,38.909014,-77.08666,,51202,{55DC0F5C-7D04-384D-E063-782F520A01CE}
,aed166687c352e186c6284d1c9e9c7c7,M St & Half St SE,2268,Yes,Completed,No,No,No,No,Recall,No,Yes,,Active,8,38.8764908,-77.00746202,,51203,{55DC0F5C-7D05-384D-E063-782F520A01CE}
,5cb97d6ff11b9049b60efccd56050907,Overlook Ave & Laboratory Rd SW,4170,No,No Signage,No,No,No,No, ,No,Planned,,Active,8,38.822498,-77.017386,,51204,{55DC0F5C-7D06-384D-E063-782F520A01CE}
,f054bab3b52619c78f8b86cf51d6ee5e,"2nd St & O St, Florida Ave NE",3441,Yes,Completed,No,No,No,No,Recall,No,Yes,,Active,6,38.90838,-77.003394,,51205,{55DC0F5C-7D07-384D-E063-782F520A01CE}
,80ba30a3042a758dd0b3c888b695a205,N Capitol St & E St,2214,Yes,Completed,No,No,No,No,Recall,No,Yes,,Active,6,38.89613293,-77.00906088,,51206,{55DC0F5C-7D08-384D-E063-782F520A01CE}
,3308e43d2a9c1e3891ae123819240fdc,"24th St, Shoreham Dr & Calvert St NW",6003,Yes,Completed,No,No,No,No,Recall,No,No,,Active,3,38.923483,-77.052595,,51207,{55DC0F5C-7D09-384D-E063-782F520A01CE}
,7bec4829b91436dc68b6f5627137a031,42ND STREET NW AND ALBEMARLE STREET NW,6042,Yes,Completed,No,No,No,No,Recall,No,No,,Active,3,38.9479178,-77.08204452,,51208,{55DC0F5C-7D0A-384D-E063-782F520A01CE}
,779e6eed0966ee665757da232f3645bc,MINNESOTA AVE AND CLAY PL NE,4308,Yes,Completed,No,No,No,No,Recall,No,Yes,,Active,7,38.89326536,-76.95054488,,51209,{55DC0F5C-7D0B-384D-E063-782F520A01CE}
,f563c17a3f27777840bb79f2f2efb232,"14th St, 15th St & Massachusetts Ave, Independence Ave SE",4046,No,Completed,No,No,No,No,Recall,No,No,,Active,6,38.88736727,-76.98419126,,51210,{55DC0F5C-7D0C-384D-E063-782F520A01CE}
,7dd9d86bc7747c3efeba6b3a75bf00fb,14th St & New York Ave NW,1020,Yes,Completed,No,No,No,Yes,Recall,No,Yes,,Active,2,38.89940045,-77.03195431,,51212,{55DC0F5C-7D0E-384D-E063-782F520A01CE}
,1ada1ff226a3cdccd3e99a88cd987cff,16th St & Benning Rd NE,3134,Yes,No Signage,No,No,No,No,Recall,No,Planned,,Active,5,38.89981588,-76.98148329,,51213,{55DC0F5C-7D0F-384D-E063-782F520A01CE}
,bcb08fdc6e5f44df9c6fcee1d1fb38fd,16TH STREET NW AND SHERIDAN STREET NW,5103,Yes,No Signage,No,No,No,No,Recall,No,No,,Active,4,38.96614945,-77.03638662,,51214,{55DC0F5C-7D10-384D-E063-782F520A01CE}
,5c5ef7d691e0e6ab34e74f7e6bc2d459,14th St NE & Franklin St NE,3155,Yes,Completed,No,No,No,No,Recall,No,No,,Active,5,38.925704,-76.985807,,51215,{55DC0F5C-7D11-384D-E063-782F520A01CE}
,983dca228388e6cb8eacfe65bc24dd5e,"2nd St, New Hampshire Ave & Farragut St NW",5155,Yes,Completed,No,No,No,No,Recall,No,No,,Active,4,38.951213,-77.013332,,51216,{55DC0F5C-7D12-384D-E063-782F520A01CE}
,4711a6955a862a0fa7fd15d260190e0f,Pennsylvania Ave & Barney Cir SE,4060,No,No Signage,No,No,No,No,Recall,No,No,,Active,6,38.87875,-76.981619,,51217,{55DC0F5C-7D13-384D-E063-782F520A01CE}
,a6f4fdffe1cab8cd73712b724ac9b343,"17th St, Mt Pleasant St & Park Rd NW",5109,Yes,Completed,All-Ped Phase,No,No,No,Recall,No,No,,Active,1,38.932547,-77.038796,,51218,{55DC0F5C-7D14-384D-E063-782F520A01CE}
,,H St & Union Station NE,2237,Yes,No Signage,No,No,No,No,Recall,No,No,,Active,6,38.900222,-77.006628,,51219,{55DC0F5C-7D15-384D-E063-782F520A01CE}
,8986e78758a51edc6be0ba75d4c15d9f,MISSOURI AVENUE NW AND 16TH STREET NW,5097,Yes,No Signage,No,No,No,No,Recall,No,Yes,,Active,4,38.96241738,-77.036391,,51220,{55DC0F5C-7D16-384D-E063-782F520A01CE}
,48c7548d3fcc525af54488dd795c6767,"13th St & Potomac Ave, I St SE",4043,Yes,Completed,No,No,No,No,Recall,No,No,,Active,6,38.87928387,-76.98831228,,51221,{55DC0F5C-7D17-384D-E063-782F520A01CE}
,7e21f934e974a0a4a521a71348700019,6th St & N St NW,2050,Yes,No Signage,No,No,No,No,Recall,No,No,,Active,2,38.907249,-77.019917,,51222,{55DC0F5C-7D18-384D-E063-782F520A01CE}
,3a9834f3b38911343dafd15d6394d905,Vermont Ave & Q St NW,2155,No,Completed,No,No,No,No,Recall,No,No,,Active,2,38.911134,-77.028782,,51223,{55DC0F5C-7D19-384D-E063-782F520A01CE}
,645e238458a0caa60a906555d6c10dcf,17th St NW & R St NW,1081,Yes,Completed,No,No,No,No,Recall,No,No,,Active,2,38.912619,-77.038493,,51224,{55DC0F5C-7D1A-384D-E063-782F520A01CE}
,dd53df57d3536817906b6b0c67813662,South Dakota Ave & Galloway St NE,3208,Yes,Completed,No,No,No,No,Recall,No,Yes,,Active,5,38.952643,-76.996832,,51225,{55DC0F5C-7D1B-384D-E063-782F520A01CE}
,e0af0c3922dae67451c39ec4bcff9173,Wheeler Rd & Valley Ave SE,4166,Yes,No Signage,No,No,No,No,Recall,No,No,,Active,8,38.836725,-76.993205,,51226,{55DC0F5C-7D1C-384D-E063-782F520A01CE}
,abbf6eeac01bce72e9c07ff3269c9869,55th St & Nannie Helen Burroughs Ave NE,4075,Yes,Completed,No,No,No,No,Recall,No,No,,Active,7,38.89837,-76.921899,,51227,{55DC0F5C-7D1D-384D-E063-782F520A01CE}
,9570f0a3e7e4185c835b211ef17a6400,1st St & M St NE,2162,Yes,Completed,No,Yes,No,No,Recall,No,Yes,,Active,6,38.905647,-77.005889,,51228,{55DC0F5C-7D1E-384D-E063-782F520A01CE}
,,17th St & Eisenhower Executive Office Building,1062,Yes,No Signage,No,No,No,No,Recall,No,No,,Active,2,38.897921,-77.039467,,51229,{55DC0F5C-7D1F-384D-E063-782F520A01CE}
,7dcd5cf621adf8f94768759485219b9c,3rd St & C St SW,2179,Yes,Completed,No,No,No,No,Recall,No,No,,Active,6,38.88605,-77.015214,,51230,{55DC0F5C-7D20-384D-E063-782F520A01CE}
,297288e8f297fac010ab639b904f6910,E Capitol St & Stoddert Pl SE,4181,Yes,Completed,No,No,No,No,Actuated,No,Planned,,Active,7,38.889781,-76.948248,,51231,{55DC0F5C-7D21-384D-E063-782F520A01CE}
,6536bfbd7027cd5c44377e0a7168d2ec,7th St & I St SW,1232,Yes,Completed,No,No,No,No,Recall,No,Yes,,Active,6,38.879321,-77.021912,,51232,{55DC0F5C-7D22-384D-E063-782F520A01CE}
,e12d2c23f97322835ee2fe42ef3a7bce,Georgia Ave & Princeton Pl NW,5143,Yes,Completed,No,No,No,Yes,Recall,No,No,,Active,1,38.93524,-77.02414,,51233,{55DC0F5C-7D23-384D-E063-782F520A01CE}
,66ba7f89f379e17b65272a5161ad5718,NORTH DAKOTA AVENUE NW AND 3RD STREET NW,5007,Yes,Completed,No,No,No,No,Recall,No,No,,Active,4,38.96613874,-77.01617044,,51234,{55DC0F5C-7D24-384D-E063-782F520A01CE}
,,S Capitol St & Maintenance Yard,4242,No,No Signage,No,No,No,No,Recall,No,No,,Active,8,38.85652468,-77.00523785,,51235,{55DC0F5C-7D25-384D-E063-782F520A01CE}
,158563882ccef9690324d10e86bc679d,"Mt Olivet Rd, Brentwood Pkwy & New York Ave E/W Ramp NE",3176,Yes,Completed,No,No,No,No,Actuated,No,Yes,,Active,5,38.912401,-76.990832,,51236,{55DC0F5C-7D26-384D-E063-782F520A01CE}
,ca3b91c0a5b87b654f0779ff3a5e188e,"7th St & I St, Virginia Ave SE",4022,Yes,No Signage,No,No,No,No,Recall,No,No,,Active,6,38.879286,-76.996198,,51237,{55DC0F5C-7D27-384D-E063-782F520A01CE}
,d9f69a3ffba112cff7c6879d54e1435c,S Capitol St & M St,2228,Yes,No Signage,No,No,No,No,Recall,No,No,,Active,8,38.87647475,-77.0089459,,51238,{55DC0F5C-7D28-384D-E063-782F520A01CE}
,32418249d3a5c6a4ddc5ea07148b9c13,SUITLAND AT I-295 RAMPS A & C,2286,Yes,Completed,No,No,No,No,Recall,No,Yes,,Active,8,38.86399716,-77.00100887,,51239,{55DC0F5C-7D29-384D-E063-782F520A01CE}
,ed55ef09722541f993164ffdd5672738,23rd St & H St NW,1158,Yes,Completed,No,No,No,Yes,Recall,No,No,,Active,2,38.899584,-77.050129,,51240,{55DC0F5C-7D2A-384D-E063-782F520A01CE}
,77cb5a2300da0f1d155b8859d6a5d722,19th St & I St NW,1110,Yes,No Signage,No,No,No,Yes,Recall,No,No,,Active,2,38.901342,-77.043464,,51241,{55DC0F5C-7D2B-384D-E063-782F520A01CE}
,7398a6621902a3c940d01ab40f98dcd5,MISSISSIPPI AVENUE SE AND 4TH STREET SE,4138,Yes,Completed,No,No,No,No,Recall,No,No,,Active,8,38.83629881,-77.00076093,,51242,{55DC0F5C-7D2C-384D-E063-782F520A01CE}
,89c2f50c20efae5c8e9f40ce98066e2c,Florida Ave & W St NW,2285,Yes,No Signage,No,No,No,No,Recall,No,Yes,,Active,1,38.919199,-77.024892,,51243,{55DC0F5C-7D2D-384D-E063-782F520A01CE}
,05522a7060e33a5544e22afe8e6cc93f,14th St & Thomas Cir NW (North Side),1366,No,Completed,No,No,No,No,Recall,No,No,,Active,2,38.906008,-77.03197,,51244,{55DC0F5C-7D2E-384D-E063-782F520A01CE}
,950ef0244426392440fbbea0cdcb3e5c,"Bladensburg Rd & Montana Ave, S St NE",3142,Yes,No Signage,No,No,No,No,Recall,No,Planned,,Active,5,38.91413596,-76.97506997,,51245,{55DC0F5C-7D2F-384D-E063-782F520A01CE}
,20c3823f6824b819c1c5dbeebfd81c48,PINEY BRANCH ROAD NW AND BLAIR ROAD NW,5162,Yes,Completed,No,No,No,No,Recall,No,Yes,,Active,4,38.97653546,-77.02054577,,51246,{55DC0F5C-7D30-384D-E063-782F520A01CE}
,759352dd6ee308a14f4368ad4bce80d9,17th St & Benning Rd NE,3116,Yes,No Signage,No,No,No,No,Recall,No,Yes,,Active,7,38.8994184,-76.97929791,,51247,{55DC0F5C-7D31-384D-E063-782F520A01CE}
,0c9ad34a067735125f136f7029979ba0,"44th St & Nannie Helen Burroughs Ave, Hunt Pl NE",4073,Yes,Completed,No,No,No,No,Recall,No,No,,Active,7,38.900563,-76.939194,,51248,{55DC0F5C-7D32-384D-E063-782F520A01CE}
,40ab749b346471a86d6aa38400ca5d47,10th St & Rhode Island Ave NW,2099,No,Completed,No,No,No,No,Recall,No,No,,Active,2,38.910921,-77.025983,,51249,{55DC0F5C-7D33-384D-E063-782F520A01CE}
,9e38c32f1d63c0193a59a668104852a3,CATHEDRAL AVENUE NW AND NEW MEXICO AVENUE NW,6120,Yes,Completed,No,No,No,No,Recall,No,No,,Active,3,38.93028519,-77.08399731,,51250,{55DC0F5C-7D34-384D-E063-782F520A01CE}
,2bcfeac7784011948b0cfde64bfde268,25th St & M St NW,1171,Yes,Completed,No,No,No,No,Recall,No,Yes,,Active,2,38.90526487,-77.05329814,,51251,{55DC0F5C-7D35-384D-E063-782F520A01CE}
,e27f638339d196ded9138304032f9d07,CONNECTICUT AVENUE NW AND PORTER STREET NW,6079,No,Completed,No,No,No,No,Actuated,No,Yes,,Active,3,38.93683228,-77.05924489,,51252,{55DC0F5C-7D36-384D-E063-782F520A01CE}
,b37744d58b49217b8d2bc9e2a534715b,SOUTHERN AVENUE SE AND 9TH STREET SE,4289,No,No Signage,No,No,No,No,Recall,No,Yes,,Active,8,38.83082804,-76.98897933,,51253,{55DC0F5C-7D37-384D-E063-782F520A01CE}
,5136fc4a3751617387bbae167dc44423,Georgia Ave & Ingraham St NW,5132,Yes,Completed,No,No,No,Yes,Recall,No,Yes,,Active,4,38.954091,-77.027735,,51254,{55DC0F5C-7D38-384D-E063-782F520A01CE}
,850091b43e2caa128ef35eaa09d15c69,Kansas Ave & Upshur St NW,5259,Yes,Completed,No,No,No,No,Recall,No,Yes,,Active,4,38.941891,-77.025918,,51255,{55DC0F5C-7D39-384D-E063-782F520A01CE}
,afde745b5390da6d721bad7489f401bc,7th St & S St NW,3026,No,Completed,No,No,No,Yes,Recall,No,Yes,,Active,1,38.9141,-77.021927,,51256,{55DC0F5C-7D3A-384D-E063-782F520A01CE}
,c0969fc46af4862e2078233df4ce17bb,Rhode Island Ave & Mills Ave NE,3194,Yes,No Signage,No,No,No,Yes,Recall,No,No,,Active,5,38.929726,-76.974849,,51257,{55DC0F5C-7D3B-384D-E063-782F520A01CE}
,e21b530252631ffd92978189b09486c3,16th St & M St NW,1054,Yes,Completed,No,No,Yes,Yes,Recall,No,No,,Active,2,38.905654,-77.036532,,51258,{55DC0F5C-7D3C-384D-E063-782F520A01CE}
,bc38168e99aba01eb09862f663c4409e,4th St & Franklin St NE,3228,Yes,Completed,No,No,No,No,Recall,No,No,,Active,5,38.925595,-77.000573,,51259,{55DC0F5C-7D3D-384D-E063-782F520A01CE}
,52b37942e091c862946c1ddd0327bfe6,"Rhode Island Ave, V St & Summit Pl NE",3036,No,Completed,No,No,No,No,Recall,No,No,,Active,5,38.918267,-77.004863,,51260,{55DC0F5C-7D3E-384D-E063-782F520A01CE}
,800ace3a2cdc5115f702b57ca1b05ff4,"9th St, District Square & Maine Ave SW",2233,Yes,Completed,No,No,No,No,Recall,No,Yes,,Active,6,38.88032147,-77.02485577,,51261,{55DC0F5C-7D3F-384D-E063-782F520A01CE}
,19e79ec7ea8098958d454e828e6bf4ae,New Jersey Ave & H St NW,2152,Yes,Completed,No,No,Yes,No,Recall,No,No,,Active,6,38.900207,-77.012919,,51262,{55DC0F5C-7D40-384D-E063-782F520A01CE}
,26641be6687f1973a9b80673b9e9f08b,Benning Rd & G St SE,4111,Yes,Completed,No,No,No,No,Recall,No,Yes,,Active,7,38.8815,-76.933039,,51263,{55DC0F5C-7D41-384D-E063-782F520A01CE}
,feae0ada7a7d841db96f9842a3351a6a,20th St & South Dakota Ave NE,3203,Yes,No Signage,No,No,No,No,Actuated,No,No,,Active,5,38.93578,-76.976242,,51264,{55DC0F5C-7D42-384D-E063-782F520A01CE}
,172c299cb1db8a63b9fe59f51254ef65,Michigan Av & Franklin St NE,5233,Yes,No Signage,No,No,No,Yes,Recall,No,Yes,,Active,5,38.927021,-77.006304,,51265,{55DC0F5C-7D43-384D-E063-782F520A01CE}
,06003923d78662f546c82feecc556cd8,N Capitol St & Channing St,5194,Yes,Completed,No,No,No,No,Actuated,No,No,,Active,5,38.922371,-77.009044,,51266,{55DC0F5C-7D44-384D-E063-782F520A01CE}
,971dca54c31c794ad8718940d5d21736,25th St & K St NW,1169,No,Completed,No,No,No,No,Recall,No,No,,Active,2,38.902538,-77.053292,,51267,{55DC0F5C-7D45-384D-E063-782F520A01CE}
,97a89599a3e8c99f13bfb44c889d34b1,8th St & H St NE,3083,Yes,Completed,No,No,Yes,No,Recall,No,No,,Active,6,38.900211,-76.994973,,51268,{55DC0F5C-7D46-384D-E063-782F520A01CE}
,9d32577f5a1351bda147aed43b1c6773,CONNECTICUT AVENUE NW AND MCKINLEY STREET NW,6073,Yes,Completed,No,No,No,No,Recall,No,No,,Active,3,38.96491049,-77.07557529,,51269,{55DC0F5C-7D47-384D-E063-782F520A01CE}
,233ec0b233b9277d1d1cbc83db3e22e7,Benning Rd & C St SE (South),4109,Yes,Completed,No,No,No,No,Recall,No,Yes,,Active,7,38.88593,-76.935905,,51270,{55DC0F5C-7D48-384D-E063-782F520A01CE}
,372540e02e43ea4389b1033f63284126,18th St & L St NW,1093,No,Completed,No,No,No,No,Recall,No,No,,Active,2,38.903752,-77.041693,,51271,{55DC0F5C-7D49-384D-E063-782F520A01CE}
,bfed15f6155e34c60d2c0c67bc395e5f,16th St & Euclid St NW,5088,Yes,Completed,No,No,No,No,Recall,No,No,,Active,1,38.923256,-77.036495,,51272,{55DC0F5C-7D4A-384D-E063-782F520A01CE}
,70f24c9924395b690a4129b0aaccbcd8,Sherman Ave & Fairmont St NW,5170,Yes,No Signage,No,No,No,No,Recall,No,No,,Active,1,38.924885,-77.025653,,51273,{55DC0F5C-7D4B-384D-E063-782F520A01CE}
,8cc6abe3243f6b0534d3f980c66cade4,30th St NE & Bladensburg Rd NE,3139,No,No Signage,All-Ped Phase,No,No,No,Recall,No,No,,Active,5,38.924057,-76.966535,,51274,{55DC0F5C-7D4C-384D-E063-782F520A01CE}
,ef581fcad2d83e828dd3c8bd8bab2d5e,41ST STREET NW AND MILITARY ROAD NW,6040,No,No Signage,No,No,No,No,Recall,No,No,,Active,3,38.96102784,-77.08030976,,51276,{55DC0F5C-7D4E-384D-E063-782F520A01CE}
,f0b7b0d37a63465dc70c321ea5fd5a2b,7th St NW & M St NW,2063,Yes,Completed,No,No,Yes,Yes,Recall,No,No,,Active,2,38.90565133,-77.0219164,,51277,{55DC0F5C-7D4F-384D-E063-782F520A01CE}
,d210bf732c47dc9bf8fee2773d655117,KALMIA ROAD NW AND 14TH STREET NW,5064,No,Completed,All-Ped Phase,No,No,No,Recall,No,No,,Active,4,38.98509957,-77.0334129,,51278,{55DC0F5C-7D50-384D-E063-782F520A01CE}
,13a0883223ccb7d2053940d4ebe5f4e6,RIVER ROAD NW AND 42ND STREET NW,6043,Yes,Completed,No,No,No,No,Recall,No,Yes,,Active,3,38.94999592,-77.08203941,,51279,{55DC0F5C-7D51-384D-E063-782F520A01CE}
,4996d9c807fb909ec515bfaf2295341c,16th St & L St NW,1053,Yes,Completed,No,No,No,Yes,Recall,No,No,,Active,2,38.903742,-77.036541,,51280,{55DC0F5C-7D52-384D-E063-782F520A01CE}
,0a87a6089c9dd10746382b0be0a2f186,Georgia Ave & Upshur St NW,5258,Yes,Completed,No,No,No,Yes,Recall,No,Yes,,Active,4,38.941881,-77.02552,,51281,{55DC0F5C-7D53-384D-E063-782F520A01CE}
,aab826e5229b77d626211dc2150142f6,GLOVER ROAD NW AND OREGON AVENUE NW,6111,Yes,Completed,No,No,No,No,Actuated,No,Yes,,Active,3,38.96161053,-77.05268559,,51282,{55DC0F5C-7D54-384D-E063-782F520A01CE}
,3f8df3c0fd30a0354a18d7b760ec31d2,ASPEN STREET NW AND BLAIR ROAD NW,5112,Yes,Completed,No,No,No,No,Recall,No,Yes,,Active,4,38.97235301,-77.0163039,,51283,{55DC0F5C-7D55-384D-E063-782F520A01CE}
,6dfd853c6a7561632679363daf02f2e8,21st St & M St NW,1140,Yes,Completed,No,No,No,Yes,Recall,No,No,,Active,2,38.90563,-77.04665,,51284,{55DC0F5C-7D56-384D-E063-782F520A01CE}
,900f1de9f94752d3c20c90794fdfa608,10th St & D St SW,1214,Yes,No Signage,No,No,No,No,Recall,No,No,,Active,6,38.884109,-76.992648,,51285,{55DC0F5C-7D57-384D-E063-782F520A01CE}
,3fc4278aec80b1fae22df08f6254930f,"MASSACHUSETTS AVE AND DRIVEWAY AT 4201 MASSACHUSETTS AVE, NW",6103,Yes,No Signage,No,No,No,No,Recall,No,Yes,,Active,3,38.935679,-77.082832,,51286,{55DC0F5C-7D58-384D-E063-782F520A01CE}
,006f9aee687206b22d7da90de4d48a0d,Minnesota Ave & Nelson Pl SE,4136,Yes,Completed,No,No,No,No,Recall,No,No,,Active,7,38.875956,-76.965757,,51287,{55DC0F5C-7D59-384D-E063-782F520A01CE}
,d082afc412d72508e452eb8e16166dcb,MILITARY ROAD NW AND NEVADA AVENUE NW,6110,Yes,No Signage,No,No,No,No,Actuated,No,Yes,,Active,3,38.96102468,-77.06917793,,51288,{55DC0F5C-7D5A-384D-E063-782F520A01CE}
,d13f9b010ce6477a5160adb5e0c16546,17th St & Independence Ave SW (Westbound),1255,No,No Signage,No,No,No,No,Recall,No,Yes,,Active,2,38.8879495,-77.04024084,,51289,{55DC0F5C-7D5B-384D-E063-782F520A01CE}
,1fa535785f72399a3c70d16eb5dff61e,5th St & Missouri Ave NW,5017,Yes,No Signage,No,No,No,No,Recall,No,No,,Active,4,38.958349,-77.019958,,51290,{55DC0F5C-7D5C-384D-E063-782F520A01CE}
,bf12760ce5aef792e527089926d655fc,14th St & W St NW,5074,Yes,Completed,No,No,No,No,Recall,No,Yes,,Active,1,38.919207,-77.031966,,51291,{55DC0F5C-7D5D-384D-E063-782F520A01CE}
,3b117ec65bbd02e4cd246ce55fd209ae,11th St & Independence Ave SE,4038,Yes,Completed,No,No,No,No,Recall,No,No,,Active,6,38.8876,-76.991524,,51292,{55DC0F5C-7D5E-384D-E063-782F520A01CE}
,77d3cb8e0ff0a5ddb473a2c1a8903a75,Columbia Rd & Ontario Rd NW,6061,Yes,Completed,All-Ped Phase,Yes,No,No,Recall,No,No,,Active,1,38.92436006,-77.04014484,,51293,{55DC0F5C-7D5F-384D-E063-782F520A01CE}
,b329056c22b5fcf5ed33d5481ea40697,18th St & New Hampshire Ave NW,1372,Yes,Completed,No,No,No,No,Recall,No,No,,Active,2,38.911568,-77.041679,,51294,{55DC0F5C-7D60-384D-E063-782F520A01CE}
,f23a6d40f34bd53bb1d74b06e557e9fb,45TH STREET NW AND MASSACHUSETTS AVENUE NW,6279,No,No Signage,No,No,No,No,Actuated,Yes,Yes,,Active,3,38.9406527,-77.08964553,,51295,{55DC0F5C-7D61-384D-E063-782F520A01CE}
,dd0e9c72035c0b8af465035423b4f3f8,"13th St, Arkansas Ave & Decatur St NW",5031,Yes,No Signage,No,No,No,No,Recall,No,No,,Active,4,38.948675,-77.029707,,51296,{55DC0F5C-7D62-384D-E063-782F520A01CE}
,ee5736a76b66cf08097014ab5c45fd51,10th St & Constitution Ave NW,2199,Yes,Completed,No,No,No,No,Recall,No,No,,Active,2,38.892116,-77.02604,,51297,{55DC0F5C-7D63-384D-E063-782F520A01CE}
,eabcda7ae26b81bd48c7c1d9cb5ca5bd,IDAHO AVENUE NW AND MASSACHUSETTS AVENUE NW,6036,Yes,Completed,No,No,No,No,Recall,No,No,,Active,3,38.93142008,-77.0770109,,51298,{55DC0F5C-7D64-384D-E063-782F520A01CE}
,099433219972b77930d61e39ed126b40,Georgia Ave & Kennedy St NW,5135,Yes,No Signage,No,No,No,No,Recall,No,No,,Active,4,38.95622395,-77.02803132,,51299,{55DC0F5C-7D65-384D-E063-782F520A01CE}
,05be984db67ef3afd873746e2ad3c76a,14th St & H St NW,1014,Yes,Completed,No,No,No,Yes,Recall,No,No,,Active,2,38.900209,-77.031964,,51300,{55DC0F5C-7D66-384D-E063-782F520A01CE}
,7a4932dc95e5f60983f9373453719ed3,"7th St, 8th St SE & North Carolina, Independence Ave SE",4021,No,Completed,No,No,No,No,Recall,No,No,,Active,6,38.887605,-76.995689,,51301,{55DC0F5C-7D67-384D-E063-782F520A01CE}
,edeb079e2a285f3d611f6e174c7662df,Georgia Ave & Girard St NW,5276,No,No Signage,No,No,No,No,Actuated,Yes,Yes,,Active,1,38.926156,-77.022825,,51302,{55DC0F5C-7D68-384D-E063-782F520A01CE}
,6502678282234f56dc28ce8c7c348b84,21st St & Benning Rd NE,3132,Yes,Completed,No,No,No,No,Recall,No,Yes,,Active,7,38.89851159,-76.97417618,,51303,{55DC0F5C-7D69-384D-E063-782F520A01CE}
,f95d2239f07115cd268fe263e7b48c80,14th St & Federal Triangle Bldg Dwy N,1009,Yes,No Signage,No,No,No,No,TOD Recall,No,No,,Active,2,38.894469,-77.03198,,51304,{55DC0F5C-7D6A-384D-E063-782F520A01CE}
,3c62d80ecf23a5b85162faee6d40966c,14th St & Girard St NW,5061,No,Completed,All-Ped Phase,No,No,No,Recall,No,Yes,,Active,1,38.925632,-77.032329,,51305,{55DC0F5C-7D6B-384D-E063-782F520A01CE}
,a82ef67cd05ee27cad01cf7f93679900,"13th St, Tennessee Ave & Constitution Ave NE",3103,Yes,Completed,No,No,No,No,Recall,No,No,,Active,6,38.89201118,-76.98835227,,51306,{55DC0F5C-7D6C-384D-E063-782F520A01CE}
,ad8e083fea4dce12b44d4bcb8c16241d,"23rd St, 23rd Pkwy & Southern Ave SE",4150,Yes,Completed,No,No,No,No,Recall,No,No,,Active,8,38.844884,-76.970978,,51307,{55DC0F5C-7D6D-384D-E063-782F520A01CE}
,f2ecf0ea1b46ee651e84f0347d11efa7,RIGGS ROAD NE AND NICHOLSON STREET NE,5206,Yes,Completed,No,No,No,No,Recall,No,No,,Active,4,38.96014667,-77.00006133,,51308,{55DC0F5C-7D6E-384D-E063-782F520A01CE}
,22a9ee1fd1c042283aaa38c8dc0f1505,Pennsylvania Ave & Carpenter St SE,4198,Yes,No Signage,No,No,No,No,Actuated,No,Yes,,Active,7,38.868552,-76.958565,,51309,{55DC0F5C-7D6F-384D-E063-782F520A01CE}
,f3292e567c431abdcaf382ec5bfe480b,10th St & U St NW,2240,Yes,Completed,No,No,No,No,Recall,No,No,,Active,1,38.917014,-77.025989,,51310,{55DC0F5C-7D70-384D-E063-782F520A01CE}
,12b44423dcd6ca553c1d572618c1af0f,2nd St NW & Massachusetts Ave NW,2014,Yes,No Signage,No,No,No,No,Recall,No,Yes,,Active,6,38.899329,-77.013682,,51311,{55DC0F5C-7D71-384D-E063-782F520A01CE}
,937ae69e3cb072d0145f9e3f49f7a826,"22nd St, Florida Ave & Q St, Massachusetts Ave NW",1153,Yes,Completed,No,No,No,Yes,Recall,No,Yes,,Active,2,38.911492,-77.048765,,51312,{55DC0F5C-7D72-384D-E063-782F520A01CE}
,86ac7b491b7069c8eac932ab13925cf8,"WISCONSIN AVE AND RIVER RD, NW",6259,Yes,Completed,No,No,No,Yes,Recall,No,No,,Active,3,38.94881647,-77.08017754,,51313,{55DC0F5C-7D73-384D-E063-782F520A01CE}
,13ddadade1471716dade7f19ce2ccd42,"17th St, Connecticut Ave & K St NW",1063,Yes,Completed,No,No,No,No,Recall,No,Yes,,Active,2,38.902605,-77.039448,,51314,{55DC0F5C-7D74-384D-E063-782F520A01CE}
,958129b9eca3aaf92ad09f3c39ee9a56,11th St & Harvard St NW,5026,Yes,Completed,No,No,No,No,Recall,No,No,,Active,1,38.926756,-77.027051,,51315,{55DC0F5C-7D75-384D-E063-782F520A01CE}
,d62ecb60e3af1f19b089b7f33b6653d4,7th St & K St NE,3080,Yes,Completed,No,No,No,No,Recall,No,No,,Active,6,38.902516,-76.996174,,51316,{55DC0F5C-7D76-384D-E063-782F520A01CE}
,776358fa35d0da5e44b187ff22f11cdc,"19th St & T St, Florida Ave NW",1108,Yes,Completed,No,No,No,No,Recall,No,No,,Active,2,38.915891,-77.043438,,51317,{55DC0F5C-7D77-384D-E063-782F520A01CE}
,d3a530a07da7d3caab9ee2d3a70a791c,"13th St & E Capitol St, Massachusetts Av SE",4226,Yes,Completed,No,No,No,No,Recall,No,No,,Active,6,38.889013,-76.988317,,51318,{55DC0F5C-7D78-384D-E063-782F520A01CE}
,17157d1f53541ae497f77cb05267964b,MASSACHUSETTS AVENUE NW AND GILLIS AVENUE NW,6108,Yes,No Signage,No,No,No,Yes,Actuated,No,No,,Active,3,38.92141358,-77.06313521,,51319,{55DC0F5C-7D79-384D-E063-782F520A01CE}
,0eb21d0d3a16099d43e5703be384d2e5,17th St & Gales St NE,3121,Yes,Completed,No,No,No,No,Recall,No,Yes,,Active,7,38.898116,-76.979678,,51320,{55DC0F5C-7D7A-384D-E063-782F520A01CE}
,ebf99f53db07cd00ebd4a4f6d22dbef7,12th St & U St NW,2257,Yes,Completed,No,No,No,No,Recall,No,No,,Active,1,38.917005,-77.028089,,51321,{55DC0F5C-7D7B-384D-E063-782F520A01CE}
,31a9f3b1210c66c3ba6c50c65d5dab33,"5th St, Park Pl & Rock Creek Church Rd, Quincy St NW",5018,Yes,Completed,No,No,No,No,Recall,No,Yes,,Active,4,38.937623,-77.019011,,51322,{55DC0F5C-7D7C-384D-E063-782F520A01CE}
,462bb094a3805d940a601347f7cb041e,Bladensburg Rd NE & 3000 Block Dwy,3461,No,No Signage,No,No,No,No,Actuated,Yes,Yes,,Active,5,38.929277,-76.96,,51323,{55DC0F5C-7D7D-384D-E063-782F520A01CE}
,88a3a9205e2a6f5c8b7352162a277711,24th St & Connecticut Ave NW,6004,Yes,Completed,No,No,No,No,Recall,No,No,,Active,3,38.92487769,-77.05229603,,51324,{55DC0F5C-7D7E-384D-E063-782F520A01CE}
,d3d8559712a3787163457321970a2cc8,19th St & G St NW,1109,Yes,Completed,No,No,No,No,Recall,No,No,,Active,2,38.898333,-77.043474,,51325,{55DC0F5C-7D7F-384D-E063-782F520A01CE}
,4ef1647f714872f4fd18782d8ab46f5b,M STREET NW AND THOMAS JEFFERSON STREET NW,6161,Yes,Completed,No,No,No,No,Recall,No,Yes,,Active,2,38.90520917,-77.06016411,,51326,{55DC0F5C-7D80-384D-E063-782F520A01CE}
,9279e216749caec16fe8693e72dd3c4f,OLIVER STREET NW AND WESTERN AVENUE NW,6235,Yes,Completed,No,No,No,No,Recall,No,No,,Active,3,38.96670922,-77.07816706,,51327,{55DC0F5C-7D81-384D-E063-782F520A01CE}
,890a5844dca57698a2b29bb5e0cfc347,Vermont Ave & U St NW,2156,Yes,Completed,No,No,Yes,No,Recall,No,No,,Active,1,38.916999,-77.025328,,51328,{55DC0F5C-7D82-384D-E063-782F520A01CE}
,8c0b751a54616f36184859333bb16513,Pennsylvania Ave & Alabama Ave SE,4100,Yes,Completed,No,No,No,No,Recall,No,Yes,,Active,7,38.865606,-76.951307,,51329,{55DC0F5C-7D83-384D-E063-782F520A01CE}
,d6524ae675980c1f3f7c1bbdc9845f5a,"3rd St & D St, Massachusetts Ave NE",3051,No,Completed,No,No,No,No,Recall,No,No,,Active,6,38.894618,-77.00204,,51330,{55DC0F5C-7D84-384D-E063-782F520A01CE}
,99869302c28627f9f08b7d467c678c22,Rhode Island Ave & Brentwood Rd NE (Engine Company 26),3442,No,No Signage,No,No,No,No,Actuated,No,No,,Active,5,38.924278,-76.986487,,51331,{55DC0F5C-7D85-384D-E063-782F520A01CE}
,dd7aeacd1b7054c5b7ce98888e7f8ac5,Southern Ave & Valley Terrace SE,4205,Yes,No Signage,No,No,No,No,Recall,No,No,,Active,8,38.839974,-76.977239,,51332,{55DC0F5C-7D86-384D-E063-782F520A01CE}
,fa7798bc310eed00b0b1d47a33d16478,21st St & P St NW,1143,Yes,No Signage,No,No,No,No,Recall,No,No,,Active,2,38.909647,-77.046634,,51333,{55DC0F5C-7D87-384D-E063-782F520A01CE}
,e511c5e4fa25ee17665736f480b74a5a,"14th St, Montana Ave & Rhode Island Ave NE",3189,Yes,No Signage,No,No,No,Yes,Recall,No,No,,Active,5,38.924572,-76.985615,,51334,{55DC0F5C-7D88-384D-E063-782F520A01CE}
,5a314d826c21ee8b233e758c8866066e,"5th St SE & I St, Virginia Ave SE",4015,Yes,Completed,No,Yes,No,No,Recall,No,Yes,,Active,6,38.879373,-76.999189,,51335,{55DC0F5C-7D89-384D-E063-782F520A01CE}
,38726f0d0e888a6084bbf9f8b2d164b3,CLEVELAND AVENUE NW AND 34TH STREET NW,6022,Yes,Completed,No,No,No,No,Actuated,No,No,,Active,3,38.9299719,-77.06639919,,51336,{55DC0F5C-7D8A-384D-E063-782F520A01CE}
,f8575fccf91b35c0e34e94cb06e5e67c,New Jersey Ave & I St SE,1394,Yes,Completed,No,No,No,No,Recall,No,Yes,,Active,6,38.879288,-77.005176,,51337,{55DC0F5C-7D8B-384D-E063-782F520A01CE}
,7d71344abc91be2510414b67ff5260ad,11th St & C St NE,3094,Yes,Completed,No,No,No,No,Recall,No,No,,Active,6,38.893585,-76.991537,,51338,{55DC0F5C-7D8C-384D-E063-782F520A01CE}
,b71cd543f4662cde34eee0080efdef5f,"2nd St & Maryland Ave, Constitution Ave NE",3049,Yes,Completed,No,No,No,No,Recall,No,No,,Active,6,38.89198,-77.003516,,51339,{55DC0F5C-7D8D-384D-E063-782F520A01CE}
,e011b670aa6c9f8a46a0f36aef426511,12th St & C St SW,1216,No,Completed,No,No,No,No,Recall,No,No,,Active,6,38.88597786,-77.02812529,,51340,{55DC0F5C-7D8E-384D-E063-782F520A01CE}
,047b07565a0fe62e82ef4bef248992dc,16th St & P St NW,1055,Yes,Completed,No,No,No,No,Recall,No,No,,Active,2,38.909658,-77.036521,,51341,{55DC0F5C-7D8F-384D-E063-782F520A01CE}
,8ff97271169f43811a489c5592a4c387,Naylor Rd & Southern Ave SE,4252,Yes,Completed,No,No,No,No,Recall,No,Yes,,Active,8,38.851617,-76.962356,,51342,{55DC0F5C-7D90-384D-E063-782F520A01CE}
,ca1d12e4aa7edc74d125a63458c89fe2,"13th St, Brentwood Rd & Rhode Island Ave NE",3188,Yes,No Signage,No,No,No,No,Recall,No,No,,Active,5,38.923808,-76.988049,,51343,{55DC0F5C-7D91-384D-E063-782F520A01CE}
,a5a9b37fc2cb76ff438cd0ef617c1a72,Howard Rd & Firth Sterling Ave SE,4113,Yes,Completed,No,No,No,No,Recall,No,Yes,,Active,8,38.863037,-76.996015,,51344,{55DC0F5C-7D92-384D-E063-782F520A01CE}
,823e5807c6e3a90f770da0d0c943caf3,3rd St & Kennedy St NW,5005,Yes,No Signage,No,No,No,No,Recall,No,No,,Active,4,38.956573,-77.016128,,51345,{55DC0F5C-7D93-384D-E063-782F520A01CE}
,52b8f663045fece142efe1b2802b312f,Minnesota Ave & Hunt Pl NE,4279,Yes,No Signage,No,No,No,No,Actuated,No,Yes,,Active,7,38.900574,-76.944294,,51346,{55DC0F5C-7D94-384D-E063-782F520A01CE}
,ca32c9e0beb4441e8529a7293c8c08ca,Wheeler Rd & Congress St SE,4237,Yes,Completed,No,No,No,No,TOD Recall,No,No,,Active,8,38.840606,-76.993668,,51347,{55DC0F5C-7D95-384D-E063-782F520A01CE}
,ca1a8631395d963425c82ea5f80062a3,WISCONSIN AVENUE NW AND 35TH STREET NW,6265,Yes,No Signage,No,No,No,No,Recall,No,Yes,,Active,3,38.91773339,-77.06938477,,51348,{55DC0F5C-7D96-384D-E063-782F520A01CE}
,19dcb354c635640e7c5b666e7a0e3290,"New York Ave, M St & New Jersey Ave NW",3045,Yes,Completed,No,Yes,No,No,Recall,No,Yes,,Active,6,38.90536926,-77.01477813,,51349,{55DC0F5C-7D97-384D-E063-782F520A01CE}
,5783295c7042615f57ea5cceecd38eb8,8th St & E St SE,4231,Yes,No Signage,No,No,No,Yes,Recall,No,No,,Active,6,38.882734,-76.994977,,51350,{55DC0F5C-7D98-384D-E063-782F520A01CE}
,fa1c04e3f2e3511965aaf75e8d31f791,Georgia Ave & Harvard St NW,5130,Yes,Completed,No,No,No,Yes,Recall,No,No,,Active,1,38.927226,-77.022962,,51351,{55DC0F5C-7D99-384D-E063-782F520A01CE}
,5f8b066032ed304acc189685749b0848,33RD STREET NW AND M STREET NW,6020,Yes,Completed,No,No,No,No,Recall,No,No,,Active,2,38.90511791,-77.06604339,,51352,{55DC0F5C-7D9A-384D-E063-782F520A01CE}
,6da956c372269b8c20298dd9e838034a,Virginia Ave & E St NW,1193,Yes,No Signage,No,Yes,No,Yes,Recall,No,Yes,,Active,2,38.896015,-77.047891,,51353,{55DC0F5C-7D9B-384D-E063-782F520A01CE}
,5b0f7040b8c39e61c873fc24b5526c4e,"4th St & C St, Maryland Ave (South) NE",3466,Yes,Completed,No,No,No,No,Recall,No,Yes,,Active,6,38.893061,-77.000579,,51354,{55DC0F5C-7D9C-384D-E063-782F520A01CE}
,1e8e2fc7d36cbf7a703b77e7e3b45235,M St & Half St SW,2171,Yes,Completed,No,No,No,No,Recall,No,No,,Active,6,38.876472,-77.010652,,51355,{55DC0F5C-7D9D-384D-E063-782F520A01CE}
,bfe4fc8e43744023ec5f289cef0f7eda,24th St & Benning Rd NE,3135,Yes,Completed,No,No,No,No,Actuated,No,Yes,,Active,7,38.898151,-76.972182,,51356,{55DC0F5C-7D9E-384D-E063-782F520A01CE}
,dd5944cde55c4a96c156bf73358fbad0,R ST AND FDMB AT WEST OVAL (SOUTH SIDE),2288,No,No Signage,No,Yes,No,No,Actuated,No,Yes,,Active,6,38.86947716,-77.00918842,,51357,{55DC0F5C-7D9F-384D-E063-782F520A01CE}
,45e40fd6e98f6ef9fbf0bf675691b52d,7th St & G St SW,1207,Yes,Completed,No,No,No,No,Recall,No,No,,Active,2,38.898458,-77.021915,,51358,{55DC0F5C-7DA0-384D-E063-782F520A01CE}
,16d61c141bbba4717740f57eaef17c4d,12th St & H St NE,3100,Yes,Completed,No,No,No,No,Recall,No,No,,Active,6,38.900195,-76.99025,,51359,{55DC0F5C-7DA1-384D-E063-782F520A01CE}
,6d5a41c4a19d2931374a48c96bd99345,15th St & Alabama Ave SE,4298,No,No Signage,No,No,No,No,Actuated,Yes,Yes,,Active,8,38.84618599,-76.98280377,,51360,{55DC0F5C-7DA2-384D-E063-782F520A01CE}
,a3abfd96d9cf87d445038cec22975980,"43RD ST AND RIVER RD AND CHESAPEAKE ST, NW",6044,Yes,Completed,No,No,No,No,Recall,No,No,,Active,3,38.95104505,-77.08364289,,51361,{55DC0F5C-7DA3-384D-E063-782F520A01CE}
,c5ddaf5c3a28fac36924d8f1405032c2,6th St & Constitution Ave NW,2039,Yes,Completed,No,No,No,No,Recall,No,No,,Active,2,38.892075,-77.019913,,51362,{55DC0F5C-7DA4-384D-E063-782F520A01CE}
,055ed2e362de0b639dbbffe3ce16ac37,Massachusetts Ave & Belmont Rd NW,6105,Yes,Completed,No,No,No,Yes,Actuated,No,Yes,,Active,2,38.916629,-77.056767,,51363,{55DC0F5C-7DA5-384D-E063-782F520A01CE}
,ac02475e34996a5264fdf0de04c52ab3,13th St & S St NW,2144,Yes,Completed,No,No,No,No,Recall,No,No,,Active,1,38.914097,-77.029621,,51365,{55DC0F5C-7DA7-384D-E063-782F520A01CE}
,73cc48060de19dced90b9b1055863420,14th St & G St NW,1013,Yes,Completed,No,No,No,Yes,Recall,No,No,,Active,2,38.89833,-77.03197,,51366,{55DC0F5C-7DA8-384D-E063-782F520A01CE}
,5c930306b9518150c67e00540289058e,"Florida Ave & Vermont Ave, V St NW",5202,Yes,Completed,No,No,No,No,Recall,No,Yes,,Active,1,38.918287,-77.02436,,51367,{55DC0F5C-7DA9-384D-E063-782F520A01CE}
,3722523e244e3cbe4a8054dd8b37da8d,MASSACHUSETTS AVENUE NW AND 50TH STREET NW,6253,Yes,No Signage,No,No,No,No,Recall,No,No,,Active,3,38.94707773,-77.09844379,,51368,{55DC0F5C-7DAA-384D-E063-782F520A01CE}
,e5cacb0b80c4f9e28d294958e95f077b,12th St & Independence Ave SW,1219,Yes,Completed,No,No,No,No,Recall,No,Yes,,Active,6,38.887573,-77.028085,,51369,{55DC0F5C-7DAB-384D-E063-782F520A01CE}
,ed2d1325ea4ba55361e53ef8c3fd84e4,"27th St & I St, Virginia Ave NW",1174,No,Completed,No,No,No,No,Recall,No,No,,Active,2,38.90066,-77.056092,,51370,{55DC0F5C-7DAC-384D-E063-782F520A01CE}
,253b1129ba43ff1cfe4d17be47bc00bc,Tennessee Ave & C St NE,3218,Yes,Completed,No,No,No,No,Recall,No,No,,Active,6,38.893571,-76.987111,,51371,{55DC0F5C-7DAD-384D-E063-782F520A01CE}
,3bcc76661a51863d58cf35d278f6739c,17th St & E Capitol St,3223,Yes,Completed,No,No,No,No,Recall,No,Yes,,Active,7,38.88980782,-76.98076632,,51372,{55DC0F5C-7DAE-384D-E063-782F520A01CE}
,42bc5217056045da3dce8e5827eea95c,11th St & Maryland Ave NE,3097,Yes,Completed,No,No,No,No,Recall,No,Yes,,Active,6,38.896834,-76.991525,,51373,{55DC0F5C-7DAF-384D-E063-782F520A01CE}
,8e052f9dbfd5aa934c41487755ff1f8c,4th St & Douglas St NE,3255,Yes,Completed,No,No,No,No,Actuated,No,No,,Active,5,38.923446,-77.000593,,51374,{55DC0F5C-7DB0-384D-E063-782F520A01CE}
,5ae3eae2591f504d11d3e8502ac657c8,Arkansas Ave & Allison St NW,5110,Yes,Completed,No,No,No,No,Recall,No,No,,Active,4,38.94508,-77.0317,,51375,{55DC0F5C-7DB1-384D-E063-782F520A01CE}
,40d291f446d24f09c5a963b5301ad34d,South Dakota Ave NE & Vista St NE,3214,Yes,Completed,No,No,No,No,Actuated,No,No,,Active,5,38.927213,-76.967295,,51376,{55DC0F5C-7DB2-384D-E063-782F520A01CE}
,d0bfee0911ba9af6fd6148a7695633f7,Southern Ave & Branch Ave SE,4103,Yes,Completed,No,No,No,No,Actuated,No,Yes,,Active,7,38.854914,-76.958103,,51377,{55DC0F5C-7DB3-384D-E063-782F520A01CE}
,c8a562f30a455dab489272974a26f7d1,14th St & Thomas Cir NW (East Side),1367,No,Completed,No,No,No,No,Recall,No,No,,Active,2,38.90565652,-77.03149529,,51378,{55DC0F5C-7DB4-384D-E063-782F520A01CE}
,cc84dc7c5205059f77f9fa07499fcc4a,4TH STREET NW AND I STREET NW,2271,Yes,No Signage,No,No,No,No,Recall,No,No,,Active,6,38.90133255,-77.01617581,,51379,{55DC0F5C-7DB5-384D-E063-782F520A01CE}
,85283dd465118b009593d9a14095ed28,7th St & Madison Dr NW,1001,Yes,No Signage,No,No,No,No,Recall,No,No,,Active,2,38.890562,-77.021908,,51380,{55DC0F5C-7DB6-384D-E063-782F520A01CE}
,f9fb8d1576c5d5c1d6610cb809b6b4e3,3rd St & I St SW,2181,Yes,Completed,No,No,No,No,Recall,No,Yes,,Active,6,38.879305,-77.015189,,51381,{55DC0F5C-7DB7-384D-E063-782F520A01CE}
,1da686117a0ae8791415b19a7c44579c,WISCONSIN AVENUE NW AND JENIFER STREET NW,6141,Yes,Completed,No,No,No,Yes,Recall,No,No,,Active,3,38.95904881,-77.08484846,,51382,{55DC0F5C-7DB8-384D-E063-782F520A01CE}
,2b5237ecf78783b60cca354166c30958,GEORGIA AVENUE NW AND JUNIPER STREET NW,5295,No,No Signage,No,No,No,No,Actuated,No,Yes,,Active,4,38.98273334,-77.02655851,,51383,{55DC0F5C-7DB9-384D-E063-782F520A01CE}
,4429b22a33039bea982304ab684edffb,Hawaii Ave/Clermont Dr & Allison St NE,5182,No,Completed,No,No,No,No,Recall,No,No,,Active,5,38.946303,-77.007533,,51384,{55DC0F5C-7DBA-384D-E063-782F520A01CE}
,cb88392992f0b43b6823843ed2c9ea61,3rd St & M St SW,2184,Yes,Completed,No,No,No,No,Recall,No,No,,Active,6,38.876498,-77.015207,,51385,{55DC0F5C-7DBB-384D-E063-782F520A01CE}
,c0bd032c12377dfe1213917812a84d75,4th St & Atlantic St SE,4107,Yes,No Signage,No,No,No,No,Recall,No,No,,Active,8,38.830965,-77.000576,,51386,{55DC0F5C-7DBC-384D-E063-782F520A01CE}
,f324a32602a939fab016e4d78e2e4ec6,N Capitol St & Bryant St NW,5193,Yes,Completed,No,No,No,No,Actuated,No,Yes,,Active,5,38.921295,-77.009038,,51387,{55DC0F5C-7DBD-384D-E063-782F520A01CE}
,,Connecticut Ave & Zoo Gate NW,6088,No,No Signage,All-Ped Phase,No,No,No,Recall,No,Yes,,Active,3,38.929886,-77.055209,,51388,{55DC0F5C-7DBE-384D-E063-782F520A01CE}
,c78f8bdb520c2b275f4dea5a1d866588,17th St & Potomac Ave SE,4054,Yes,Completed,No,No,No,No,Recall,No,Yes,,Active,6,38.88226645,-76.98076201,,51389,{55DC0F5C-7DBF-384D-E063-782F520A01CE}
,a33b04ad0af2a742dc6c158f18e12226,10th St & New York Ave NW,2096,Yes,Completed,No,No,No,No,Recall,No,Yes,,Active,2,38.901484,-77.026004,,51390,{55DC0F5C-7DC0-384D-E063-782F520A01CE}
,879314a7991a6047f34407e379ba1e9e,N Capitol St & Florida Ave,3037,Yes,Completed,No,No,No,No,Recall,No,No,,Active,5,38.910808,-77.009055,,51391,{55DC0F5C-7DC1-384D-E063-782F520A01CE}
,969f891704b6371c187e0bd071178dc0,"25th St & Pennsylvania Ave, L St NW",1170,Yes,Completed,No,No,No,No,Recall,No,No,,Active,2,38.90367,-77.053296,,51392,{55DC0F5C-7DC2-384D-E063-782F520A01CE}
,07445c74798d20b79d03728ba5257cea,Maine Ave SW & I-395 Ramps,1387,No,No Signage,No,No,No,, ,No,No,,Active,6,38.8829147,-77.03075937,,51394,{55DC0F5C-7DC4-384D-E063-782F520A01CE}
,2b41e1c6afb18dad7b74167ea03552bd,OLIVER STREET NW AND CONNECTICUT AVENUE NW,6076,Yes,Completed,No,No,No,No,Recall,No,No,,Active,3,38.96672371,-77.07662957,,51395,{55DC0F5C-7DC5-384D-E063-782F520A01CE}
,3356450c6ae50778f95bc0824bfe128a,MACARTHUR BLVD AND RESERVOIR RD (WEST)NW,6100,Yes,Completed,No,No,No,No,Recall,No,No,,Active,3,38.91563654,-77.09467547,,51396,{55DC0F5C-7DC6-384D-E063-782F520A01CE}
,bf574bdf59b1b3e2dc74b2f2a7027079,CONNECTICUT AVENUE NW AND LIVINGSTON STREET NW,6071,Yes,Completed,No,No,No,No,Recall,No,No,,Active,3,38.96309988,-77.07452315,,51397,{55DC0F5C-7DC7-384D-E063-782F520A01CE}
,802f7f009424c3636f38bae99059276b,MACARTHUR BOULEVARD NW AND V STREET NW,6101,Yes,Completed,No,No,No,No,Recall,No,Yes,,Active,3,38.91799917,-77.09765651,,51398,{55DC0F5C-7DC8-384D-E063-782F520A01CE}
,7aa6799f3118edaeadcd0a28ef246e42,Minnesota Ave & C St SE,4267,No,No Signage,No,No,No,No,Actuated,Yes,Yes,,Active,7,38.885979,-76.95583,,51399,{55DC0F5C-7DC9-384D-E063-782F520A01CE}
,,"2323 WISCONSIN AVE.,NW",6254,Yes,No Signage,No,No,No,No,Recall,No,No,,Active,3,38.920986,-77.071959,,51400,{55DC0F5C-7DCA-384D-E063-782F520A01CE}
,de060a3988ab1523f00fc4aaae382809,Nannie Helen Burroughs Ave & Division Ave NE,4077,Yes,Completed,No,No,Yes,No,Recall,No,No,,Active,7,38.898364,-76.925671,,51401,{55DC0F5C-7DCB-384D-E063-782F520A01CE}
,311bf2810dddc3fcca61054b56fc1560,2nd St & Massachusetts Ave NE,3050,Yes,Completed,No,No,No,No,Recall,No,No,,Active,6,38.895214,-77.003516,,51402,{55DC0F5C-7DCC-384D-E063-782F520A01CE}
,211a34af0939cc76553fbe9ae24f7c2a,19th St & Constitution Ave NW,1104,Yes,No Signage,No,No,No,No,Recall,No,Yes,,Active,2,38.892111,-77.043487,,51403,{55DC0F5C-7DCD-384D-E063-782F520A01CE}
,775f92e0d6284ffbd86db73f065c6d92,CONNECTICUT AVENUE NW AND DAVENPORT STREET NW,6066,Yes,Completed,No,No,No,No,Recall,No,No,,Active,3,38.95210415,-77.06812486,,51404,{55DC0F5C-7DCE-384D-E063-782F520A01CE}
,b65dabc465cbcaf51ceba7ff31b265ea,"18th St & Connecticut Ave, M St, Rhode Island Ave NW",1094,Yes,Completed,No,Yes,No,No,Recall,No,Yes,,Active,2,38.90568,-77.041126,,51406,{55DC0F5C-7DD0-384D-E063-782F520A01CE}
,5999548982c6caea51a926e8d2d45d7a,"15th St, Vermont Ave & I St NW",1036,Yes,Completed,No,No,No,No,Recall,No,No,,Active,2,38.901358,-77.034603,,51407,{55DC0F5C-7DD1-384D-E063-782F520A01CE}
,efe6d5b91945882fd326d1ffa1fb5ba7,9th St & Monroe St NE,3167,Yes,Completed,No,No,No,No,Recall,No,Yes,,Active,5,38.932415,-76.993686,,51408,{55DC0F5C-7DD2-384D-E063-782F520A01CE}
,dd14e4edaf09dd877d1bf55219549fb8,WOODLEY ROAD NW AND 34TH STREET NW,6031,Yes,Completed,No,No,No,No,Recall,No,No,,Active,3,38.9314748,-77.06639257,,51409,{55DC0F5C-7DD3-384D-E063-782F520A01CE}
,22db7b3d968eabaa0b54b91e297a7e72,Rhode Island Ave & Franklin St NE,3193,Yes,No Signage,No,No,No,Yes,Recall,No,No,,Active,5,38.925728,-76.983192,,51410,{55DC0F5C-7DD4-384D-E063-782F520A01CE}
,ac47defa54268a820167fd508a418b68,9th St & Constitution Ave NE,3087,Yes,No Signage,No,No,No,No,Recall,No,No,,Active,6,38.892021,-76.993758,,51411,{55DC0F5C-7DD5-384D-E063-782F520A01CE}
,2ea32e01f6ee7a2ed925915fba90ea3f,36th Pl & Alabama Ave SE,4232,Yes,Completed,No,No,No,No,Actuated,No,Yes,,Active,7,38.864128,-76.955413,,51412,{55DC0F5C-7DD6-384D-E063-782F520A01CE}
,f9409e311290b5d9bbefd0ea1c17e380,18th St & H St NW,1090,Yes,Completed,No,No,No,Yes,Recall,No,No,,Active,2,38.900223,-77.041699,,51413,{55DC0F5C-7DD7-384D-E063-782F520A01CE}
,938c2e4c669b7a951b502ddcb09cf7d4,JENIFER STREET NW AND CONNECTICUT AVENUE NW,6070,Yes,No Signage,No,No,No,No,Recall,No,No,,Active,3,38.95903368,-77.07215585,,51414,{55DC0F5C-7DD8-384D-E063-782F520A01CE}
,c4923f25993769ee6d7154898fe5db73,WISCONSIN AVENUE NW AND HARRISON STREET NW,6140,Yes,No Signage,No,No,No,Yes,Recall,No,No,,Active,3,38.95703174,-77.08381966,,51415,{55DC0F5C-7DD9-384D-E063-782F520A01CE}
,d74d86e14dbaf93c792a36a8d95f2b3f,7th St & T St NW,2252,Yes,Completed,No,No,No,Yes,Recall,No,No,,Active,1,38.91557957,-77.02192122,,51416,{55DC0F5C-7DDA-384D-E063-782F520A01CE}
,c1eb3d310353d96182473164da2d14fc,ALBEMARLE STREET NW AND CONNECTICUT AVENUE NW,6062,Yes,Completed,No,No,No,No,Recall,No,Yes,,Active,3,38.94790269,-77.06567999,,51417,{55DC0F5C-7DDB-384D-E063-782F520A01CE}
,a0020d4a844d41e1285cd434edba6211,WISCONSIN AVENUE NW AND HALL PLACE NW,6139,Yes,No Signage,No,No,No,No,Recall,No,No,,Active,3,38.92014206,-77.07143741,,51418,{55DC0F5C-7DDC-384D-E063-782F520A01CE}
,efd21c80cb9dac805910466a3a2d7bcf,12th St & Alabama Ave SE,4282,Yes,No Signage,No,No,No,No,Recall,No,Yes,,Active,8,38.844325,-76.990601,,51419,{55DC0F5C-7DDD-384D-E063-782F520A01CE}
,621c42b3fb2be0271142a259c5689176,13th St & Monroe St NW,5046,Yes,Completed,No,No,No,No,Recall,No,No,,Active,1,38.932365,-77.029718,,51420,{55DC0F5C-7DDE-384D-E063-782F520A01CE}
,0ed4889698c47ecc1339ad885ca73bc2,BUTTERNUT STREET NW AND PINEY BRANCH ROAD NW,5163,Yes,Completed,No,No,No,No,Recall,No,No,,Active,4,38.97361691,-77.02276846,,51421,{55DC0F5C-7DDF-384D-E063-782F520A01CE}
,f76abb8f5d8d190d809828fe2f20f914,Martin Luther King Jr Ave & Talbert St SE,4224,Yes,Completed,No,No,No,Yes,Recall,No,Yes,,Active,8,38.86277,-76.99224,,51422,{55DC0F5C-7DE0-384D-E063-782F520A01CE}
,3d986313059aef52244d30c4e154a65c,29th St & Pennsylvania Ave SE,4202,Yes,No Signage,No,No,No,No,Recall,No,Yes,,Active,7,38.871834,-76.966579,,51423,{55DC0F5C-7DE1-384D-E063-782F520A01CE}
,1e25cdbf5c88dd1022ec2a9942384faf,"13th St, Iowa Ave & Buchanan St NW",5040,Yes,Completed,No,No,No,No,Recall,No,No,,Active,4,38.94613271,-77.02964577,,51424,{55DC0F5C-7DE2-384D-E063-782F520A01CE}
,4d54dda40443142e13b56d7ef1ce2448,5th St & G St NW,2033,Yes,Completed,No,No,No,No,Recall,No,No,,Active,2,38.898332,-77.018938,,51425,{55DC0F5C-7DE3-384D-E063-782F520A01CE}
,b437878d09c933b9d07902651ccc48ca,9th St & Independence Ave SE,4030,Yes,No Signage,No,No,No,No,Recall,No,No,,Active,6,38.887604,-76.993767,,51426,{55DC0F5C-7DE4-384D-E063-782F520A01CE}
,10d1e493ae4915f8ef865fed6022ae79,20th St & Monroe St NE,3173,Yes,Completed,No,No,No,No,Recall,No,No,,Active,5,38.933121,-76.976231,,51427,{55DC0F5C-7DE5-384D-E063-782F520A01CE}
,5fe5dd6d04a06f682c3aa91051980edc,"21st St & Pennsylvania Ave, I St NW",1137,No,Completed,No,No,No,Yes,Recall,No,Planned,,Active,2,38.901332,-77.046659,,51428,{55DC0F5C-7DE6-384D-E063-782F520A01CE}
,67b492b4f962bd3e428afc7ea8f0b005,7th St & Q St NW,3024,Yes,Completed,No,No,No,Yes,Recall,No,Yes,,Active,2,38.911137,-77.021928,,51429,{55DC0F5C-7DE7-384D-E063-782F520A01CE}
,0790b38e6cf42c98a26dbfd329f61a5c,Benning Rd & Minnesota Av NE,4072,No,Completed,No,No,No,No,Recall,No,Yes,,Active,7,38.895117,-76.949202,,51430,{55DC0F5C-7DE8-384D-E063-782F520A01CE}
,1c63c6989e4777a74c5c3bb76444ccdf,13th St & Florida Ave NW,5036,Yes,Completed,No,No,No,No,Recall,No,No,,Active,1,38.920507,-77.02968,,51431,{55DC0F5C-7DE9-384D-E063-782F520A01CE}
,c775c1e212a4dd22f46ca12e964fc7f7,RENO ROAD NW AND DAVENPORT STREET NW,6247,Yes,Completed,No,No,No,No,Recall,No,No,,Active,3,38.95210473,-77.07152251,,51432,{55DC0F5C-7DEA-384D-E063-782F520A01CE}
,e7d79e9c33c91fbac4e5e4e943111d2b,"46th St, St Louis St & Benning Rd SE",4234,Yes,Completed,No,No,No,No,Recall,No,No,,Active,7,38.88311162,-76.93432069,,51433,{55DC0F5C-7DEB-384D-E063-782F520A01CE}
,672df9d95afb948aee3fbc539d846f2a,3rd St & D St SW,2180,Yes,Completed,No,No,No,No,Recall,No,No,,Active,6,38.88508014,-77.0152028,,51434,{55DC0F5C-7DEC-384D-E063-782F520A01CE}
,9518230eab523b9ff355ab8e03dcef25,15th St & C St NE,3112,Yes,Completed,No,Yes,No,No,Recall,No,Yes,,Active,6,38.893506,-76.983651,,51435,{55DC0F5C-7DED-384D-E063-782F520A01CE}
,535cd31e3bcd839fae10f4d0d6ae47ff,13th St & Florida Ave NE,3104,Yes,Completed,No,No,No,No,Recall,No,Yes,,Active,6,38.901934,-76.988261,,51436,{55DC0F5C-7DEE-384D-E063-782F520A01CE}
,086a6f92e9da9bd7c68e768ed83141c3,South Dakota Ave & Kennedy St NE,5209,Yes,Completed,No,No,No,No,Recall,No,No,,Active,5,38.955306,-77.000283,,51437,{55DC0F5C-7DEF-384D-E063-782F520A01CE}
,d42e475f65574b5233e85bb19c1ac3f9,25th St & Alabama Ave SE,4089,Yes,Completed,No,No,No,No,Recall,No,No,,Active,8,38.85687359,-76.96997431,,51438,{55DC0F5C-7DF0-384D-E063-782F520A01CE}
,548dbfd27df6b66d2c23465109576763,Southern Ave & Wheeler Rd SE,4165,No,Completed,No,No,No,No,Recall,No,Yes,,Active,8,38.83211667,-76.98732834,,51439,{55DC0F5C-7DF1-384D-E063-782F520A01CE}
,5cc45d4a4a1658e30d3fd85314d17137,6th St & C St SW,1198,Yes,Completed,No,No,No,No,Recall,No,No,,Active,6,38.89360559,-77.01992665,,51440,{55DC0F5C-7DF2-384D-E063-782F520A01CE}
,2196934d3a19cfb7e01e1a513ce73fca,COLORADO AVENUE NW AND 13TH STREET NW,5033,Yes,Completed,No,No,No,No,Recall,No,No,,Active,4,38.96021865,-77.02969594,,51441,{55DC0F5C-7DF3-384D-E063-782F520A01CE}
,74e4b4794830a938f44e7d388dccb47a,1st St & Irving St NW,5002,Yes,Completed,No,Yes,No,No,Recall,No,Yes,,Active,5,38.931225,-77.01213,,51442,{55DC0F5C-7DF4-384D-E063-782F520A01CE}
,8cbb2b758f056f4e872b2e684e84c1e6,New Hampshire Ave & 21st St NW,1142,Yes,Completed,No,No,No,Yes,Recall,No,Yes,,Active,2,38.906219,-77.046661,,51443,{55DC0F5C-7DF5-384D-E063-782F520A01CE}
,e9fe775938006f5e646a48f3246e4b9c,Independence Ave & 7th St SW,1208,No,Completed,No,No,No,Yes,Recall,No,No,,Active,6,38.887566,-77.021909,,51444,{55DC0F5C-7DF6-384D-E063-782F520A01CE}
,e364fd18f23cd5659f8b2ad867cf93ce,Firth Sterling Ave & Sumner Rd SE,4268,Yes,No Signage,No,No,No,No,Actuated,No,Yes,,Active,8,38.861808,-76.999235,,51445,{55DC0F5C-7DF7-384D-E063-782F520A01CE}
,3ff323f17ce6d0b1acb0efe63e39c33e,13th St & T St NW,2145,Yes,Completed,No,No,No,No,Recall,No,No,,Active,1,38.915586,-77.029623,,51446,{55DC0F5C-7DF8-384D-E063-782F520A01CE}
,69bf16a753c5cdaf739caf9394144a85,3rd St & H St NE,3052,Yes,Completed,No,No,No,No,Actuated,No,Yes,,Active,6,38.90021,-77.002048,,51447,{55DC0F5C-7DF9-384D-E063-782F520A01CE}
,cd3776d30da39fe3e46cabc139d5c246,S Capitol St & P St SW,2263,Yes,No Signage,No,No,No,No,Actuated,No,Yes,,Active,8,38.872044,-77.009069,,51448,{55DC0F5C-7DFA-384D-E063-782F520A01CE}
,088920c21bce505a91c15184549bed31,1st St & Independence Ave SW,2173,Yes,Completed,No,No,No,No,Recall,No,No,,Active,6,38.887583,-77.012157,,51449,{55DC0F5C-7DFB-384D-E063-782F520A01CE}
,573f5b3798e12d733e4b109555404b33,6th St & Maryland Ave SW,1202,Yes,No Signage,No,No,No,No,Recall,No,Yes,,Active,6,38.886885,-77.019903,,51450,{55DC0F5C-7DFC-384D-E063-782F520A01CE}
,,Eastbound Independence Ave & Daniel French Dr SW,1188,No,No Signage,No,No,No,No,TOD Recall,No,Yes,,Active,2,38.88692452,-77.04779641,,51451,{55DC0F5C-7DFD-384D-E063-782F520A01CE}
,be7de71dccc555517d09bb172b17830e,14th St & Monroe St NW,5070,Yes,Completed,No,No,No,No,Recall,No,No,,Active,1,38.931317,-77.032746,,51452,{55DC0F5C-7DFE-384D-E063-782F520A01CE}
,cf69bd6ae7e4b9a7cb35eb7cb8347383,13TH STREET NW AND MISSOURI AVENUE NW,5045,Yes,Completed,No,No,No,No,Recall,No,No,,Active,4,38.96151413,-77.02969625,,51453,{55DC0F5C-7DFF-384D-E063-782F520A01CE}
,bca6d8fcb0bd55e616027446a49c391a,15th St & Harvard St NW,5078,Yes,Completed,No,No,No,No,Recall,No,No,,Active,1,38.926336,-77.035477,,51454,{55DC0F5C-7E00-384D-E063-782F520A01CE}
,d724e44c26e2f7bb110cde79dd4ad448,11th St & M St SE,4039,Yes,Completed,No,No,No,No,Recall,No,Yes,,Active,6,38.876511,-76.991505,,51455,{55DC0F5C-7E01-384D-E063-782F520A01CE}
,45e40fd6e98f6ef9fbf0bf675691b52d,7th St & G St NW,2057,Yes,Completed,No,No,No,Yes,Recall,No,No,,Active,2,38.898453,-77.021918,,51456,{55DC0F5C-7E02-384D-E063-782F520A01CE}
,62f637379c75db9c3643b4c25d2ad117,"E Capitol St & Benning Rd, Texas Ave SE",4178,No,Completed,No,No,No,No,Recall,No,Planned,,Active,7,38.889779,-76.937546,,51457,{55DC0F5C-7E03-384D-E063-782F520A01CE}
,92401b589cf18b451650f23dc7dedc68,14th St & Meridian Pl NW,5068,Yes,Completed,No,No,No,No,Recall,No,No,,Active,1,38.93318,-77.032734,,51458,{55DC0F5C-7E04-384D-E063-782F520A01CE}
,55deab22b0ca44763d827e59e2971d99,ASPEN STREET NW AND PINEY BRANCH ROAD NW,5247,Yes,Completed,No,No,No,No,Recall,No,No,,Active,4,38.97235526,-77.02364733,,51459,{55DC0F5C-7E05-384D-E063-782F520A01CE}
,593056615d2c66c36d581928090ca2fb,Martin Luther King Jr Ave & Chesapeake St SW,4168,Yes,Completed,TOD All-Ped Phase,No,No,No,Recall,No,No,,Active,8,38.828664,-77.012593,,51460,{55DC0F5C-7E06-384D-E063-782F520A01CE}
,40736cafb4216780e39074395946fe5a,1st St & K St NE,2161,Yes,Completed,No,Yes,No,No,Recall,No,Yes,,Active,6,38.90252276,-77.00588948,,51461,{55DC0F5C-7E07-384D-E063-782F520A01CE}
,53fb11ecd4e9f6ae306eee9c6a281c1f,"11th St & E Capitol St, North Carolina Ave SE",4221,Yes,Completed,No,No,No,No,Recall,No,No,,Active,6,38.889239,-76.991536,,51462,{55DC0F5C-7E08-384D-E063-782F520A01CE}
,77050ae29b15ed057e551ded85d528dc,Eastern Ave & Kenilworth Ave NE,4080,Yes,Completed,No,No,No,No,Recall,No,Yes,,Active,7,38.91211137,-76.93394511,,51463,{55DC0F5C-7E09-384D-E063-782F520A01CE}
,e372d50e5684eb792f0608df6f9bbf72,MACARTHUR BLVD AND RESERVOIR RD (EAST)NW,6099,Yes,No Signage,No,No,No,No,Actuated,No,No,,Active,3,38.91513267,-77.09324568,,51464,{55DC0F5C-7E0A-384D-E063-782F520A01CE}
,bdf1e49a201b53f149c03b5d2a5990db,"Martin Luther King Jr Ave & Sumner Rd, Stanton Rd SE",4129,Yes,Completed,No,No,No,No,Recall,No,Yes,,Active,8,38.85931078,-76.99519197,,51465,{55DC0F5C-7E0B-384D-E063-782F520A01CE}
,266feef429be0161a0848ff4734176ad,41ST STREET NW AND WISCONSIN AVENUE NW,6131,Yes,Completed,No,No,No,Yes,Recall,No,No,,Active,3,38.94969258,-77.0804008,,51466,{55DC0F5C-7E0C-384D-E063-782F520A01CE}
,8a0b4eeb9487655e40404eb369a274de,14th St & Thomas Cir NW (South Side),1027,No,Completed,No,No,No,No,Recall,No,No,,Active,2,38.90534,-77.03197,,51467,{55DC0F5C-7E0D-384D-E063-782F520A01CE}
,fa8fd224cff073d13de4d32316461b84,WESTERN AVENUE NW AND RIVER ROAD NW,6128,No,No Signage,No,No,No,No,Recall,No,No,,Active,3,38.9564846,-77.09124918,,51468,{55DC0F5C-7E0E-384D-E063-782F520A01CE}
,36e4351b4d5b6029344301d405e9b8d0,GEORGIA AVENUE NW AND MISSOURI AVENUE NW,5138,Yes,Completed,No,No,No,No,Recall,No,No,,Active,4,38.9612547,-77.02801232,,51469,{55DC0F5C-7E0F-384D-E063-782F520A01CE}
,b3f8b6db451992d4025c4861e90bded7,Rhode Island Ave & Rhode Island Shopping Plaza NE,3243,Yes,No Signage,No,No,No,No,Recall,No,Yes,,Active,5,38.920404,-76.998839,,51470,{55DC0F5C-7E10-384D-E063-782F520A01CE}
,2d90dbf6b731f2a97fda9dd07b08c9cf,9th St & Massachusetts Ave NE,3090,Yes,Completed,No,No,No,No,Recall,No,No,,Active,6,38.891248,-76.993763,,51471,{55DC0F5C-7E11-384D-E063-782F520A01CE}
,a764f4160b9ffdcb7e6496a7cd0163cc,WISCONSIN AVENUE NW AND PORTER STREET NW,6148,Yes,Completed,No,No,No,Yes,Recall,No,No,,Active,3,38.93729477,-77.07379524,,51472,{55DC0F5C-7E12-384D-E063-782F520A01CE}
,f6e89e0a81aea465b8e73deb615bcb78,Warder St & Otis Pl NW,5180,Yes,Completed,No,No,No,No,Recall,No,No,,Active,1,38.934928,-77.021049,,51473,{55DC0F5C-7E13-384D-E063-782F520A01CE}
,555f002f27c70d23c144705f67aa7611,S Capitol St & O St SW,2262,Yes,No Signage,No,No,No,No,Actuated,No,No,,Active,8,38.87299,-77.009064,,51474,{55DC0F5C-7E14-384D-E063-782F520A01CE}
,8b59b56bba4d77438a48d391be5e97c7,14th St & Fairmont St NW,5058,Yes,Completed,No,No,No,No,Recall,No,No,,Active,1,38.924661,-77.032233,,51475,{55DC0F5C-7E15-384D-E063-782F520A01CE}
,30eac75e5e3db1e0f2d8b00c6b1a24da,ELLICOTT STREET NW AND CONNECTICUT AVENUE NW,6270,No,No Signage,No,No,No,No,Actuated,Yes,Yes,,Active,3,38.95331553,-77.06882757,,51476,{55DC0F5C-7E16-384D-E063-782F520A01CE}
,a7f9ac1024ea70db32c44e18e558897d,16TH STREET NW AND HOLLY STREET NW,5093,Yes,No Signage,No,No,No,No,Recall,No,No,,Active,4,38.98038947,-77.03635268,,51477,{55DC0F5C-7E17-384D-E063-782F520A01CE}
,1c17f0b62ba1344e3cc10c41da9f6285,14th St & U St NW,1028,Yes,Completed,No,No,No,No,Recall,No,Yes,,Active,1,38.917024,-77.031967,,51478,{55DC0F5C-7E18-384D-E063-782F520A01CE}
,829bac1f5d03b4317c9904e392f266d6,"New Hampshire Ave, Sherman Ave & Monroe St, Park Rd NW",5175,No,No Signage,No,No,No,No,Recall,No,No,,Active,1,38.932751,-77.026881,,51479,{55DC0F5C-7E19-384D-E063-782F520A01CE}
,e9a26ad2c27578dc95331ce4258c0202,13th St & Marion Barry Ave SE (Good Hope Rd),4114,Yes,Completed,No,No,No,Yes,Recall,No,No,,Active,8,38.867129,-76.987049,,51480,{55DC0F5C-7E1A-384D-E063-782F520A01CE}
,cb3b440a059dc11b719c1f5ee782bf59,Bladensburg Rd & Neal St NE,3440,Yes,No Signage,No,No,No,No,Recall,No,No,,Active,5,38.901743,-76.982319,,51481,{55DC0F5C-7E1B-384D-E063-782F520A01CE}
,1f4b17eff1b37c4317c40c93afe8fbdd,Taylor St & 10th St NE,3216,Yes,Completed,No,No,No,No,Recall,No,Yes,,Active,5,38.940727,-76.992639,,51482,{55DC0F5C-7E1C-384D-E063-782F520A01CE}
,2d0a24e329b937f7b9f72733ed6e0eb9,"3rd St & Pennsylvania Ave, Independence Ave SE",4008,No,Completed,No,No,No,No,Recall,No,Yes,,Active,6,38.887397,-77.002047,,51483,{55DC0F5C-7E1D-384D-E063-782F520A01CE}
,189b9169085b2c0f7e1e2df3ec0fdc9c,CANAL ROAD NW AND ARIZONA AVENUE NW,6057,No,No Signage,No,No,No,No, ,No,No,,Active,3,38.9248057,-77.10712678,,51484,{55DC0F5C-7E1E-384D-E063-782F520A01CE}
,16668a85716b3a2e27f7f70618514a50,"N Capitol St & Massachusetts Ave, F St",2215,Yes,Completed,No,No,No,No,Recall,No,No,,Active,6,38.897516,-77.009089,,51485,{55DC0F5C-7E1F-384D-E063-782F520A01CE}
,fdfe162f4b15e58404611b747e8e8532,10th St & E St NW,2087,Yes,Completed,No,No,No,No,Recall,No,No,,Active,2,38.896138,-77.025968,,51486,{55DC0F5C-7E20-384D-E063-782F520A01CE}
,ede5e7cd44556d5a0d6e22c70dc6d9b7,Overlook Ave & Chappie James Blvd (Bolling AFB Entrance) SW,4001,No,No Signage,No,No,No,No, ,No,Planned,,Active,8,38.829827,-77.016835,,51487,{55DC0F5C-7E21-384D-E063-782F520A01CE}
,89d321d2689f7ee58ac14351845a8e7c,"N Capitol St, New Hampshire Ave & Kennedy St",5201,No,No Signage,No,No,No,No,Recall,No,No,,Active,4,38.956595,-77.009048,,51488,{55DC0F5C-7E22-384D-E063-782F520A01CE}
,1f0178cabb6a95c4923bbb291e5708ce,11th St & I-295 Ramp C3,4263,Yes,No Signage,No,No,No,No,Recall,No,Yes,,Active,8,38.86977097,-76.98882065,,51489,{55DC0F5C-7E23-384D-E063-782F520A01CE}
,8f7d38b87601413f9a755eb93d58dfe0,16th St & Monroe St NW,5098,Yes,Completed,No,No,No,Yes,Recall,No,No,,Active,1,38.932628,-77.036459,,51490,{55DC0F5C-7E24-384D-E063-782F520A01CE}
,a2a986a5691a93bfabb3cac21ba5cb7c,Martin Luther King Jr Ave & Malcolm X Ave SE (Portland Ave),4125,Yes,Completed,No,No,No,No,Recall,No,Yes,,Active,8,38.84509662,-76.99739174,,51491,{55DC0F5C-7E25-384D-E063-782F520A01CE}
,088920c21bce505a91c15184549bed31,1st St & Independence Av SE,2208,No,Completed,No,No,No,No,Recall,No,No,,Active,6,38.887583,-77.012158,,51492,{55DC0F5C-7E26-384D-E063-782F520A01CE}
,e41f0d0d95c24d018d6a52655b9ad315,S Capitol St & Chesapeake St,4184,Yes,Completed,No,No,No,Yes,Actuated,No,Planned,,Active,8,38.82920651,-77.00767717,,51493,{55DC0F5C-7E27-384D-E063-782F520A01CE}
,2c8cc9f3186c6f0d4ebc9ac49cf5aef4,"19th St & C St, Virginia Av NW",1103,Yes,Completed,No,No,No,No,Recall,No,Planned,,Active,2,38.893563,-77.043471,,51494,{55DC0F5C-7E28-384D-E063-782F520A01CE}
,1e016525e66d0e42e257d552c2ddbb05,"S Capitol St & Washington Ave SW, Canal St SE",2258,Yes,No Signage,No,No,No,No,Recall,No,No,,Active,6,38.883861,-77.009058,,51495,{55DC0F5C-7E29-384D-E063-782F520A01CE}
,01b5bce8efea9821f0a0939854c9745a,CARROLL STREET NW AND MAPLE STREET NW,5115,Yes,Completed,No,No,No,No,Recall,No,No,,Active,4,38.97488889,-77.01484944,,51496,{55DC0F5C-7E2A-384D-E063-782F520A01CE}
,447642b85bc658f44bae5a79522a3b84,Warder St & Kenyon St NW,5179,Yes,Completed,No,Yes,No,No,Recall,No,No,,Active,1,38.93033,-77.019835,,51497,{55DC0F5C-7E2B-384D-E063-782F520A01CE}
,6711ef6c09583a9fbb932b292a480d82,South Dakota Ave & Carlton Ave NE,3205,Yes,No Signage,No,No,No,No,Recall,No,No,,Active,5,38.928611,-76.968782,,51498,{55DC0F5C-7E2C-384D-E063-782F520A01CE}
,c7a9540e76291022eb30d1b1b95202cf,1st St & New Jersey Ave NW,2005,No,Completed,No,No,No,No,Recall,No,No,,Active,6,38.897354,-77.012159,,51499,{55DC0F5C-7E2D-384D-E063-782F520A01CE}
,1054a77f2849870041ac5fae23d39e41,RESERVOIR RD AT GEORGETOWN HOSPITAL ENTRANCE #4,6278,Yes,No Signage,No,No,No,No,Actuated,No,Yes,,Active,2,38.91268718,-77.07918186,,51500,{55DC0F5C-7E2E-384D-E063-782F520A01CE}
,14d8df72d4fbaa2ef5a5810b4b634556,36TH STREET NW AND M STREET NW,6033,No,No Signage,No,No,No,No,Recall,No,No,,Active,2,38.90503094,-77.0702311,,51501,{55DC0F5C-7E2F-384D-E063-782F520A01CE}
,36b72231a3c8e9f308d9c19eeac7762b,16th St & Newton St NW,5099,Yes,No Signage,No,No,No,Yes,Recall,No,No,,Active,1,38.933289,-77.036457,,51502,{55DC0F5C-7E30-384D-E063-782F520A01CE}
,d8e74e9ab2e15b35747c4a271c68060e,21st St & L St NW,1139,Yes,Completed,No,No,No,Yes,Recall,No,No,,Active,2,38.903752,-77.04665,,51503,{55DC0F5C-7E31-384D-E063-782F520A01CE}
,f7aeefbb595bc3ec8a8b02dbbaf5460c,"22nd St, New Hampshire Ave & L St NW",1149,Yes,Completed,No,No,No,No,Recall,No,Yes,,Active,2,38.903798,-77.048868,,51505,{55DC0F5C-7E33-384D-E063-782F520A01CE}
,fe51ce1c0c98679bd7f830645e81b4ac,"Rhode Island Ave, R St & Marion St NW",3044,No,Completed,No,No,No,No,Recall,No,Yes,,Active,2,38.912602,-77.021138,,51506,{55DC0F5C-7E34-384D-E063-782F520A01CE}
,3839ef5f581fcfe942f310576883766a,13 1/2 St & Pennsylvania Avenue NW (Lower E St NW),1007,Yes,Completed,No,No,No,No,Recall,No,Yes,,Active,2,38.8955118,-77.0307715,,51507,{55DC0F5C-7E35-384D-E063-782F520A01CE}
,beeb0b0aa4a799b34850851e905dede4,"14th St, Arkansas Ave & Varnum St NW",5053,Yes,Completed,No,No,No,No,Recall,No,No,,Active,4,38.943271,-77.032734,,51508,{55DC0F5C-7E36-384D-E063-782F520A01CE}
,a2172384096937e7a60b19fdf07d45b6,Firth Sterling Ave & Eaton Rd SE,4270,Yes,No Signage,No,No,No,No,Actuated,No,Yes,,Active,8,38.86115671,-77.00089229,,51509,{55DC0F5C-7E37-384D-E063-782F520A01CE}
,29613cc86b32718af7381fd8d842ce65,"Michigan Ave & Allison St, Queens Chapel Terrace NE",3164,Yes,No Signage,No,No,No,No,Recall,No,Yes,,Active,5,38.945393,-76.978769,,51510,{55DC0F5C-7E38-384D-E063-782F520A01CE}
,c3f9b2301018eae5c38b9708f25c8d37,"15th St & G St, Pennsylvania Ave, New York Ave NW",1033,Yes,Completed,No,No,No,No,Recall,No,Yes,,Active,2,38.898842,-77.033613,,51511,{55DC0F5C-7E39-384D-E063-782F520A01CE}
,e0575ee8f4d36e5dc6c775689b064988,17th St & U St NW,1083,Yes,Completed,No,No,Yes,No,Recall,No,No,,Active,2,38.917011,-77.038482,,51512,{55DC0F5C-7E3A-384D-E063-782F520A01CE}
,c0eb254e5a00bf8655c9d020ab37b40e,MILITARY ROAD NW EASTBOUND AND RAMP FROM 16TH STREET NW,5069,No,Completed,No,No,No,No,Recall,No,Yes,,Active,4,38.96204983,-77.0334269,,51513,{55DC0F5C-7E3B-384D-E063-782F520A01CE}
,c71a1e731880db4928c53b1571a30836,12th St & E St NW,2117,Yes,Completed,No,No,No,No,Recall,No,No,,Active,2,38.896168,-77.028105,,51514,{55DC0F5C-7E3C-384D-E063-782F520A01CE}
,0659f1f30e52d5e33de7e3e006e2bba5,16th St & Oak St NW,5100,Yes,No Signage,No,No,No,Yes,Recall,No,No,,Active,1,38.934959,-77.036448,,51515,{55DC0F5C-7E3D-384D-E063-782F520A01CE}
,287ee8e307af67d51aba559e2c72994a,"I-295 ACCESS ROAD & RAMPS B, T, SE",4284,No,No Signage,No,No,No,No, ,No,No,,Active,8,38.84344912,-77.00689346,,51516,{55DC0F5C-7E3E-384D-E063-782F520A01CE}
,d9d4901755802c1d2a17311af997bc68,9th St & E Capitol St,4066,Yes,Completed,No,No,No,No,Recall,No,No,,Active,6,38.889806,-76.993758,,51517,{55DC0F5C-7E3F-384D-E063-782F520A01CE}
,fbe45f6521154e5b317fe0987884f307,CATHEDRAL AVENUE NW AND MASSACHUSETTS AVENUE NW,6102,No,Completed,No,No,No,No,Recall,No,No,,Active,3,38.92903338,-77.07373802,,51518,{55DC0F5C-7E40-384D-E063-782F520A01CE}
,90f41b0c581ffa84db58e947e08a7f6f,Minnesota Ave & Randle Cir SE (West Side),4266,Yes,Completed,No,No,No,No,Actuated,No,Yes,,Active,7,38.87781671,-76.96202048,,51519,{55DC0F5C-7E41-384D-E063-782F520A01CE}
,2dc3ecc59242ba748ed141411dbd5d31,15th St NW & Pennsylvania Ave NW (Lower E St NW),1031,Yes,Completed,No,Yes,No,Yes,Recall,No,Yes,,Active,2,38.895509,-77.033611,,51520,{55DC0F5C-7E42-384D-E063-782F520A01CE}
,6ff479178b382500161a1c5ab5dae039,Minnesota Ave & Engine Company 27,4281,No,No Signage,No,No,No,No, ,No,No,,Active,7,38.902947,-76.941055,,51521,{55DC0F5C-7E43-384D-E063-782F520A01CE}
,863f23d276c68eda14221d12f4a71d9f,"23rd St & F St, Virginia Ave NW",1165,Yes,Completed,No,No,No,Yes,Recall,No,No,,Active,2,38.89732712,-77.0501377,,51522,{55DC0F5C-7E44-384D-E063-782F520A01CE}
,ecf7e01cfac901d3dc39b7a95534d68a,21st St & Massachusetts Ave NW,1141,Yes,No Signage,No,No,No,Yes,Recall,No,Yes,,Active,2,38.910762,-77.046643,,51523,{55DC0F5C-7E45-384D-E063-782F520A01CE}
,b5200211b010a5a36176e74e321e11a9,15th St & Constitution Ave NW,1030,Yes,Completed,No,Yes,No,No,Recall,No,Yes,,Active,2,38.892106,-77.033647,,51524,{55DC0F5C-7E46-384D-E063-782F520A01CE}
,3cd0a5f8a317ab6c8454377569829c5b,"6th St & D St, Indiana Ave NW",2040,Yes,No Signage,No,No,No,No,Recall,No,No,,Active,2,38.894648,-77.019912,,51525,{55DC0F5C-7E47-384D-E063-782F520A01CE}
,1716070f9dba088885abf70570b4a228,Constitution Ave & Henry Bacon Dr NW,1180,Yes,No Signage,No,No,No,No,Recall,No,Yes,,Active,2,38.892119,-77.048011,,51526,{55DC0F5C-7E48-384D-E063-782F520A01CE}
,f7e4d3cd2ae5bae1d401a9a544b892f1,16th St & Q St NW,1056,Yes,Completed,No,No,No,Yes,Recall,No,No,,Active,2,38.911127,-77.036528,,51527,{55DC0F5C-7E49-384D-E063-782F520A01CE}
,b27c2995d10b9f7b6964c54ae42232fd,FERN STREET NW AND GEORGIA AVENUE NW,5292,Yes,Completed,No,No,No,No,Recall,No,Yes,,Active,4,38.97798986,-77.02643514,,51528,{55DC0F5C-7E4A-384D-E063-782F520A01CE}
,14369d034ff7942db16feeb7f581d577,"1st St, Canal St & M St SW",2174,Yes,Completed,No,No,No,No,Recall,No,No,,Active,6,38.876479,-77.012188,,51529,{55DC0F5C-7E4B-384D-E063-782F520A01CE}
,efc96436da7a98458cf6f512fbf0e82f,1st St & C St SE,2207,Yes,Completed,No,No,No,No,Recall,No,Planned,,Active,6,38.88604704,-77.00589431,,51530,{55DC0F5C-7E4C-384D-E063-782F520A01CE}
,cc6e4dcf3288ff0279ec37017bf6a809,39TH STREET NW AND CATHEDRAL AVENUE NW,6035,Yes,Completed,No,No,No,No,Recall,No,No,,Active,3,38.92902655,-77.07705407,,51531,{55DC0F5C-7E4D-384D-E063-782F520A01CE}
,7642b90e43d666bb3ac76bdc17777b78,"6th St & North Carolina Ave, Seward Square SE",4017,Yes,Completed,No,No,No,No,Recall,No,No,,Active,6,38.886516,-76.998476,,51532,{55DC0F5C-7E4E-384D-E063-782F520A01CE}
,55f8763586b916dc226a8f7792aee3cb,N Capitol St & New York Ave,3039,Yes,No Signage,No,No,No,No,Recall,No,No,,Active,5,38.907362,-77.00906,,51533,{55DC0F5C-7E4F-384D-E063-782F520A01CE}
,edab2a3f3cfdadd09bab9ed9855f66f9,"17th St NW, New Hampshire Ave & Swann St NW",1076,Yes,Completed,No,No,No,No,Recall,No,No,,Active,2,38.914903,-77.038488,,51534,{55DC0F5C-7E50-384D-E063-782F520A01CE}
,6cf5971ff99cf967bc55c42d705f575d,1st St & D St NE,2160,Yes,Completed,No,No,No,No,Recall,No,No,,Active,6,38.894797,-77.005894,,51535,{55DC0F5C-7E51-384D-E063-782F520A01CE}
,2a8cb69759af6b41935564a72d0b25fb,N Capitol St & K St,2219,Yes,Completed,No,No,No,No,Recall,No,Yes,,Active,6,38.90252231,-77.00906656,,51536,{55DC0F5C-7E52-384D-E063-782F520A01CE}
,4cdad4a7a24936f1540c04680bc915ae,"5th St & Harvard St, Hobart Pl NW",5014,Yes,Completed,No,No,No,No,Recall,No,Yes,,Active,1,38.927541,-77.020527,,51537,{55DC0F5C-7E53-384D-E063-782F520A01CE}
,8a106c7d18f1f70f87946d3c346eae21,Connecticut Ave /Jackson Pl & H St NW,1177,Yes,Completed,No,No,No,Yes,Recall,No,No,,Active,2,38.900223,-77.037969,,51538,{55DC0F5C-7E54-384D-E063-782F520A01CE}
,da71c49f15e7dee01794bd68040916e4,14th St & Rhode Island Ave NW,1024,Yes,Completed,No,No,No,No,Recall,No,Yes,,Active,2,38.908842,-77.031953,,51539,{55DC0F5C-7E55-384D-E063-782F520A01CE}
,d4972a28e3a2822e2aa2ea7315b099a2,Southern Ave & Fitch St SE,4302,Yes,Completed,No,No,No,No,Recall,No,Yes,,Active,7,38.881073,-76.925955,,51540,{55DC0F5C-7E56-384D-E063-782F520A01CE}
,022e1a38c1ee7b839af1a75d060c6926,Connecticut Ave & Kalorama Rd NW,1181,Yes,No Signage,No,No,No,No,Recall,No,No,,Active,2,38.918613,-77.047932,,51542,{55DC0F5C-7E58-384D-E063-782F520A01CE}
,,"Southern Avenue and Suitland Road, SE",4157,Yes,Completed,No,No,No,No,Recall,No,Yes,,Active,8,38.84907144,-76.96560008,,51543,{55DC0F5C-7E59-384D-E063-782F520A01CE}
,b59e25b0425761a14ef3b4821024443e,4th St & F St NE,3059,Yes,Completed,No,No,No,No,Recall,No,No,,Active,6,38.897343,-77.000583,,51544,{55DC0F5C-7E5A-384D-E063-782F520A01CE}
,2d2ff9e17f09f5f1fa81aa2cf3fd7581,Nannie Helen Burroughs Ave & Minnesota Ave NE,4079,Yes,Completed,No,No,No,No,Recall,No,Yes,,Active,7,38.901941,-76.942582,,51545,{55DC0F5C-7E5B-384D-E063-782F520A01CE}
,59e670cb92ff1ac51b7857e1b87fcdef,9th St & R St NW,2082,Yes,Completed,No,Yes,No,No,Recall,No,No,,Active,2,38.912612,-77.023979,,51546,{55DC0F5C-7E5C-384D-E063-782F520A01CE}
,8a2a5ef36df9128e5953f61146213c07,7th St & Jefferson Dr SW,1209,Yes,Completed,No,No,No,No,Recall,No,No,,Active,2,38.888741,-77.0219,,51547,{55DC0F5C-7E5D-384D-E063-782F520A01CE}
,fe95b644f0cbdfef91948d510c084a4d,WISCONSIN AVENUE NW AND ALBEMARLE STREET NW,6130,Yes,Completed,No,No,Yes,Yes,Recall,No,Yes,,Active,3,38.94791705,-77.0796761,,51548,{55DC0F5C-7E5E-384D-E063-782F520A01CE}
,31f74e527d2c69162fc1dae95cda7656,Sherman Ave & Irving St NW,5173,Yes,Completed,No,No,No,No,Recall,No,No,,Active,1,38.928822,-77.026234,,51549,{55DC0F5C-7E5F-384D-E063-782F520A01CE}
,3689680d3d760817f19c3821b58d2185,10th St & K St NW,2092,Yes,Completed,No,No,No,No,Recall,No,Yes,,Active,2,38.902528,-77.025992,,51550,{55DC0F5C-7E60-384D-E063-782F520A01CE}
,abb2d7377fac1214711cff9b7b3e460c,Brentwood Rd & W St NE,3149,Yes,Completed,No,No,No,No,Actuated,No,No,,Active,5,38.91927874,-76.99138321,,51551,{55DC0F5C-7E61-384D-E063-782F520A01CE}
,4b24277b403fb7c223faf3a7d3018941,7th St SW & Southwest Fwy Eastbound Ramp,1210,Yes,Completed,No,No,No,No,Recall,No,No,,Active,6,38.88198,-77.02189,,51552,{55DC0F5C-7E62-384D-E063-782F520A01CE}
,b4c803909179586dc6e0a6b596e35095,WISCONSIN AVENUE NW AND PROSPECT STREET NW,6158,Yes,No Signage,No,No,No,No,Recall,No,No,,Active,2,38.90603391,-77.06283565,,51553,{55DC0F5C-7E63-384D-E063-782F520A01CE}
,964c2da2476a4360bde0960d19edecd9,3rd St & Missouri Ave NW,5006,Yes,No Signage,No,No,No,No,Recall,No,No,,Active,4,38.957105,-77.016166,,51554,{55DC0F5C-7E64-384D-E063-782F520A01CE}
,fd775a2b311d65edac1f05a4c0f481ad,Bladensburg Rd & Queens Chapel Rd NE,3145,Yes,No Signage,No,No,No,No,Recall,No,Yes,,Active,5,38.918539,-76.971483,,51555,{55DC0F5C-7E65-384D-E063-782F520A01CE}
,de76beba705fecf9990fd5f0ac28735f,Arkansas Ave & Upshur St NW,5111,Yes,Completed,No,No,No,No,Recall,No,No,,Active,4,38.941875,-77.03394,,51556,{55DC0F5C-7E66-384D-E063-782F520A01CE}
,ededb5c029cf03d80a226a4a7d85e9fc,13th St & C St NE,3102,Yes,Completed,No,No,No,No,Recall,No,No,,Active,6,38.89358,-76.988312,,51557,{55DC0F5C-7E67-384D-E063-782F520A01CE}
,3ab1b9ca9491a3407458057065766fb6,14th St & N St NW,1019,Yes,Completed,No,No,No,No,Recall,No,Yes,,Active,2,38.907256,-77.031953,,51558,{55DC0F5C-7E68-384D-E063-782F520A01CE}
,eae2cd337f44df063c58a18a1f1ff0c5,11th St & M St NW,2108,Yes,Completed,No,No,No,No,Recall,No,No,,Active,2,38.905654,-77.027039,,51559,{55DC0F5C-7E69-384D-E063-782F520A01CE}
,8b09b18892e745bbe80a0251acb91d2a,41st St & E Capitol St,4273,Yes,Completed,No,No,No,No,Actuated,No,Yes,,Active,7,38.88978826,-76.94456424,,51560,{55DC0F5C-7E6A-384D-E063-782F520A01CE}
,482ad05d483b295187d89878da1ae109,17th St & S Mall Ped Crossing SW,1213,No,No Signage,No,No,No,No,TOD Recall,No,Yes,,Active,2,38.88901607,-77.03949236,,51561,{55DC0F5C-7E6B-384D-E063-782F520A01CE}
,4a7f205de130479e2e4d78d269414070,"WESTERN AVENUE AND MILITARY ROAD, N.W.",6252,Yes,Completed,No,No,No,No,Recall,No,Yes,,Active,3,38.96112645,-77.08529985,,51562,{55DC0F5C-7E6C-384D-E063-782F520A01CE}
,ec9403ad454e19f0e4ed8d79814d1b2b,Illinois Ave & Kennedy St NW,5149,Yes,No Signage,No,No,No,No,Recall,No,No,,Active,4,38.956225,-77.027444,,51563,{55DC0F5C-7E6D-384D-E063-782F520A01CE}
,b65e64d79d058905a412a01497125dc7,14th St & Spring Rd NW,5071,Yes,Completed,No,No,No,No,Recall,No,No,,Active,1,38.937079,-77.032721,,51564,{55DC0F5C-7E6E-384D-E063-782F520A01CE}
,1d1ca70ddcc30862208b51c074ef2a52,ROCK CREEK DRIVE NW AND MASSACHUSETTS AVENUE NW,6013,No,No Signage,No,No,No,No,Actuated,No,No,,Active,3,38.91832128,-77.05908641,,51565,{55DC0F5C-7E6F-384D-E063-782F520A01CE}
,451726c880216272c7e96357b108ec2b,18th St & I St NW,1091,Yes,Completed,No,No,No,No,Recall,No,No,,Active,2,38.901354,-77.041689,,51566,{55DC0F5C-7E70-384D-E063-782F520A01CE}
,0f98247ef4fa293e99191ba88e11ee0a,Pennsylvania Av & Texas Av SE,4239,Yes,No Signage,No,No,No,No,Actuated,No,Yes,,Active,7,38.86755,-76.956099,,51567,{55DC0F5C-7E71-384D-E063-782F520A01CE}
,db1a790f3ac6f0b029942df51e066e4e,"Florida Ave & I St, Orren St NE (Engine Company 10)",3446,Yes,Completed,No,No,No,No,Recall,No,Yes,,Active,5,38.901257,-76.986664,,51568,{55DC0F5C-7E72-384D-E063-782F520A01CE}
,f91a7dcd7a3a64d7e5ef406c9ac9d4ae,5th St & Upshur St NW,5020,Yes,Completed,No,No,No,No,Recall,No,No,,Active,4,38.942055,-77.0192,,51569,{55DC0F5C-7E73-384D-E063-782F520A01CE}
,,Rock Creek and Potomac Pkwy & John F Kennedy Center South Garage NW,1000,No,No Signage,No,No,No,No, ,No,No,,Active,2,38.893803,-77.056002,,51570,{55DC0F5C-7E74-384D-E063-782F520A01CE}
,c03f01d44053ee6af8083f6ee952ca87,CANAL ROAD NW AND FOXHALL ROAD NW,6059,No,Completed,No,No,No,No, ,No,No,,Active,3,38.90596206,-77.07917328,,51571,{55DC0F5C-7E75-384D-E063-782F520A01CE}
,deb874658b3a6f669bafa6ba26f9463d,Eastern Ave & Sargent Rd NE,3198,Yes,Completed,No,No,No,No,Recall,No,Yes,,Active,5,38.95429,-76.987847,,51572,{55DC0F5C-7E76-384D-E063-782F520A01CE}
,21a95526a59385b7f4bd48d53afeec20,12th St & Q St NW,2128,Yes,Completed,No,No,No,No,Recall,No,No,,Active,2,38.911123,-77.028085,,51573,{55DC0F5C-7E77-384D-E063-782F520A01CE}
,8709d31ae2437092ed5802700b89a83b,30th St & Alabama Ave SE,4090,Yes,Completed,No,No,No,No,Recall,No,Yes,,Active,7,38.860718,-76.964775,,51574,{55DC0F5C-7E78-384D-E063-782F520A01CE}
,ce5563f111146c5fa97294c4b47a8ca9,Martin Luther King Jr Ave & Lebaum St SE,4291,No,No Signage,No,No,No,No,Actuated,Yes,Yes,,Active,8,38.846215,-76.996551,,51575,{55DC0F5C-7E79-384D-E063-782F520A01CE}
,ebc95d6a1c6236a80a70e28120cf5eaa,22nd St & G St NW,1147,Yes,Completed,No,No,No,No,Recall,No,No,,Active,2,38.898336,-77.048842,,51576,{55DC0F5C-7E7A-384D-E063-782F520A01CE}
,11e3c08ea9f1b913b27fbd47f9b9d2d6,41st St SE & Southern Ave SE,4256,Yes,No Signage,No,No,No,No,Actuated,No,Yes,,Active,7,38.866139,-76.943724,,51577,{55DC0F5C-7E7B-384D-E063-782F520A01CE}
,adc5f2179f863e75f07606b660d758fb,NEWARK STREET NW AND ROCKWOOD PARKWAY NW,6116,Yes,Completed,No,No,No,No,Recall,No,No,,Active,3,38.93454823,-77.08917155,,51578,{55DC0F5C-7E7C-384D-E063-782F520A01CE}
,4900d7c8a92c11ed54c30782e5317306,13th St & Franklin St NE,3154,Yes,Completed,No,No,No,No,Recall,No,Yes,,Active,5,38.92559,-76.988118,,51579,{55DC0F5C-7E7D-384D-E063-782F520A01CE}
,6899807641bdaef4658a98cfa6da32bc,WISCONSIN AVENUE NW AND FULTON STREET NW,6280,Yes,No Signage,No,No,No,No,Recall,No,Yes,,Active,3,38.92619016,-77.07319052,,51580,{55DC0F5C-7E7E-384D-E063-782F520A01CE}
,4408d7b3e15a2b8c4779622f65926d85,Pennsylvania Ave & Minnesota Ave SE,4146,Yes,Completed,No,No,No,No,Recall,No,Planned,,Active,7,38.87347143,-76.97065026,,51581,{55DC0F5C-7E7F-384D-E063-782F520A01CE}
,7d26bf2d0ade606af0b64c057ffc55eb,58th St & Nannie Helen Burroughs Ave NE,4076,Yes,No Signage,No,No,No,No,Actuated,No,No,,Active,7,38.898373,-76.917787,,51582,{55DC0F5C-7E80-384D-E063-782F520A01CE}
,b55daccdd175bec90c0e9dbb169b8225,Benning Rd & E St SE,4233,Yes,Completed,No,No,No,No,Actuated,No,No,,Active,7,38.883734,-76.93483,,51583,{55DC0F5C-7E81-384D-E063-782F520A01CE}
,6c9bd5a2df0c6f6e42ad3549284866be,12th St & Monroe St NE,3169,Yes,Completed,No,No,No,No,Recall,No,No,,Active,5,38.932554,-76.991012,,51584,{55DC0F5C-7E82-384D-E063-782F520A01CE}
,d48fd362876582f94cf07d8c41172dbd,1st Pl & Riggs Rd NE,5186,Yes,Completed,No,No,No,No,Recall,No,No,,Active,4,38.955779,-77.004653,,51585,{55DC0F5C-7E83-384D-E063-782F520A01CE}
,ddde92d757b184a269c360692c978a24,5th St & C St NE (South),3065,Yes,Completed,No,No,No,No,Recall,No,Yes,,Active,6,38.893113,-76.999519,,51586,{55DC0F5C-7E84-384D-E063-782F520A01CE}
,2f3c62686bcc6e99f50f44079d40b612,9th St & Rhode Island Ave NW,2083,Yes,Completed,No,No,No,Yes,Recall,No,No,,Active,2,38.911612,-77.023973,,51587,{55DC0F5C-7E85-384D-E063-782F520A01CE}
,bca863a988980a9c2cc73d03542793ae,ELLICOTT STREET NW AND WISCONSIN AVENUE NW,6159,Yes,Completed,No,No,No,Yes,Recall,No,No,,Active,3,38.95336089,-77.0819561,,51588,{55DC0F5C-7E86-384D-E063-782F520A01CE}
,9813df9e37177acb314594315574fd0a,GEORGIA AVENUE NW AND GERANIUM STREET NW,5129,Yes,Completed,No,No,No,Yes,Recall,No,Yes,,Active,4,38.97939888,-77.02646137,,51589,{55DC0F5C-7E87-384D-E063-782F520A01CE}
,b150949f10201cf7692ad3b20a95e26a,"15th St, Raoul Wallenberg Pl SW & Jefferson Dr SW",1242,Yes,No Signage,No,Yes,No,No,Recall,No,No,,Active,2,38.888859,-77.033006,,51590,{55DC0F5C-7E88-384D-E063-782F520A01CE}
,47c289854f0abeb0ddf3c65abc520d86,"11th St, Vermont Ave & S St NW",2116,Yes,Completed,No,Yes,No,No,Recall,No,Yes,,Active,2,38.914095,-77.027047,,51591,{55DC0F5C-7E89-384D-E063-782F520A01CE}
,070704abfcf4a5deaa406d0f96ff4aff,11th St & Palmer Alley NW (Garage Exit),2274,Yes,No Signage,No,No,No,No,Recall,No,No,,Active,2,38.900333,-77.027048,,51592,{55DC0F5C-7E8A-384D-E063-782F520A01CE}
,c998c4175feec1eb0b94728b456c194e,"Marion Barry Ave (Good Hope Rd) & Marbury Plaza, Woodmont Pl SE",4225,Yes,No Signage,No,No,No,Yes,Actuated,No,No,,Active,8,38.864019,-76.975101,,51593,{55DC0F5C-7E8B-384D-E063-782F520A01CE}
,4925dee2c9dfeacae1ba95f0ae30f5bc,"N Capitol Rd, Lincoln Rd & R St",3041,Yes,Completed,No,No,No,No,Recall,No,Yes,,Active,5,38.912603,-77.009056,,51594,{55DC0F5C-7E8C-384D-E063-782F520A01CE}
,1fbcefe0a49b56b80ce18ed38ab05e0c,GEORGIA AVENUE NW AND SHERIDAN STREET NW,5264,Yes,No Signage,No,No,No,No,Recall,No,Yes,,Active,4,38.96614047,-77.02760491,,51595,{55DC0F5C-7E8D-384D-E063-782F520A01CE}
,a6ffd13fc65fe44b1209225542e7d2c7,4th St & E St SW,2188,Yes,Completed,No,No,No,No,Recall,No,Yes,,Active,6,38.883238,-77.017573,,51596,{55DC0F5C-7E8E-384D-E063-782F520A01CE}
,be28cd7533a0503bf283c1926dcda44f,"New York Ave & Montana Ave, West Virginia Ave NE",3185,No,Completed,No,No,No,No,Recall,No,No,,Active,5,38.91723263,-76.97815988,,51597,{55DC0F5C-7E8F-384D-E063-782F520A01CE}
,00594e0c923f93d475f45a13c73295c7,New Hampshire Ave & 20th St NW,1127,Yes,Completed,No,No,No,Yes,Recall,No,Yes,,Active,2,38.908061,-77.044907,,51598,{55DC0F5C-7E90-384D-E063-782F520A01CE}
,db586a05a95080eca3693d207551e8ab,7th St & Franklin St NE,3229,Yes,Completed,No,No,No,No,Recall,No,No,,Active,5,38.925596,-76.996167,,51599,{55DC0F5C-7E91-384D-E063-782F520A01CE}
,42c6bf548959a605cb811ea0f0e759c6,11th St & Kenyon St NW,5028,Yes,Completed,No,No,No,No,Recall,No,No,,Active,1,38.929684,-77.027742,,51600,{55DC0F5C-7E92-384D-E063-782F520A01CE}
,dbfc573c261ac44875d19e928f2cdc2f,"17th St & New York Ave, State Pl NW",1077,Yes,No Signage,No,No,No,No,Recall,No,No,,Active,2,38.896415,-77.039482,,51601,{55DC0F5C-7E93-384D-E063-782F520A01CE}
,c09a7502eb3c653d3b65a6976dbbc809,1st Terrace & K St NW,2010,Yes,Completed,No,No,No,No,Recall,No,No,,Active,6,38.90252,-77.011236,,51602,{55DC0F5C-7E94-384D-E063-782F520A01CE}
,88b546c45e600e6a8f4d9e63baa884eb,Connecticut Ave & Cathedral Ave NW,6065,Yes,Completed,No,No,No,No,Recall,No,Yes,,Active,3,38.928109,-77.054177,,51603,{55DC0F5C-7E95-384D-E063-782F520A01CE}
,2092f3a606d47e59b86184ea3add8468,Minnesota Ave & G St SE,4240,Yes,Completed,No,No,No,No,Actuated,No,No,,Active,7,38.880201,-76.95996,,51604,{55DC0F5C-7E96-384D-E063-782F520A01CE}
,f742c7ab6a4fd1c4c76274ae60b400fa,S Capitol St & I St,2226,Yes,Completed,No,Yes,No,No,Recall,No,Yes,,Active,6,38.879299,-77.008992,,51605,{55DC0F5C-7E97-384D-E063-782F520A01CE}
,388c579757f3060bf975fd9e33dc868b,Branch Ave & Erie St SE,4197,Yes,No Signage,No,No,No,No,Actuated,No,No,,Active,7,38.857303,-76.958919,,51606,{55DC0F5C-7E98-384D-E063-782F520A01CE}
,28445ab8bc84aaa790b3d701b9a4b288,"Georgia Ave, Arkansas Ave & Gallatin St NW",5128,Yes,No Signage,No,No,No,Yes,Recall,No,No,,Active,4,38.951868,-77.02743,,51607,{55DC0F5C-7E99-384D-E063-782F520A01CE}
,06b4e95451692d1181bb564257ee9655,"3rd St & D St, Indiana Ave NW",2017,Yes,Completed,No,No,No,No,Recall,No,No,,Active,6,38.894787,-77.015188,,51608,{55DC0F5C-7E9A-384D-E063-782F520A01CE}
,1ce66d161c3c054342a06fd4cef87cfc,CARROLL STREET NW AND CEDAR STREET NW,5114,Yes,Completed,No,No,No,No,Recall,No,No,,Active,4,38.97502429,-77.01629116,,51609,{55DC0F5C-7E9B-384D-E063-782F520A01CE}
,0531213ab0dd7e5d7426f2d2c25802a1,11th St & Irving St NW,5027,Yes,Completed,No,No,No,No,Recall,No,Yes,,Active,1,38.928711,-77.02751,,51610,{55DC0F5C-7E9C-384D-E063-782F520A01CE}
,ef9c7ba152152954c97a4bbef4cb20fd,4th St & Pennsylvania Ave NW,2030,Yes,Completed,No,No,No,No,Recall,No,No,,Active,6,38.89211716,-77.01756695,,51611,{55DC0F5C-7E9D-384D-E063-782F520A01CE}
,d575fe61463502bc7ed641100aff0d1e,"2nd St & Virginia Ave SW, I-395 SB Off-Ramp",2177,Yes,No Signage,No,No,No,No,Recall,No,No,,Active,6,38.883656,-77.013692,,51612,{55DC0F5C-7E9E-384D-E063-782F520A01CE}
,f29d7c1c355aa6062d0ddcca51a14eb9,"6th St, C St and Massachusetts Avenue. NE",3467,Yes,No Signage,No,No,No,No,Recall,No,Yes,,Active,6,38.89308938,-76.99845244,,51613,{55DC0F5C-7E9F-384D-E063-782F520A01CE}
,8698948c85f46f797e7f528f2dc33a85,New Jersey Ave & Q St NW,3027,Yes,Completed,No,No,No,No,Recall,No,No,,Active,2,38.911139,-77.016848,,51614,{55DC0F5C-7EA0-384D-E063-782F520A01CE}
,09512aa00ffada108c3fe56bbe47d198,Georgia Ave & Emerson St NW,5269,No,No Signage,No,No,No,No,Actuated,Yes,Yes,,Active,4,38.949737,-77.027139,,51615,{55DC0F5C-7EA1-384D-E063-782F520A01CE}
,974d2181beffde507faf26dd554fd715,16th St & Spring Rd NW,5104,Yes,No Signage,No,No,No,Yes,Recall,No,Yes,,Active,1,38.93743,-77.036454,,51616,{55DC0F5C-7EA2-384D-E063-782F520A01CE}
,,Southern Ave & WMATA Access Rd (Southern Ave Park and Ride),4206,Yes,No Signage,No,No,No,No,Recall,No,No,,Active,8,38.839084,-76.978336,,51617,{55DC0F5C-7EA3-384D-E063-782F520A01CE}
,dc3e3dd470e83e52c3895643c0347838,"Alabama Ave, Jasper St & Irving St, James M McGee Jr St SE",4097,Yes,Completed,No,No,No,Yes,Recall,No,Yes,,Active,8,38.852858,-76.970021,,51618,{55DC0F5C-7EA4-384D-E063-782F520A01CE}
,544848303bf55c5d02157948193eabd8,11th St & South Carolina Ave SE,4041,Yes,Completed,No,No,No,No,Recall,No,No,,Active,6,38.885103,-76.991546,,51619,{55DC0F5C-7EA5-384D-E063-782F520A01CE}
,e600ba48665deb46abbf1f208a63fa30,21st St & H St NW,1136,Yes,Completed,No,No,No,No,Recall,No,No,,Active,2,38.899593,-77.046658,,51620,{55DC0F5C-7EA6-384D-E063-782F520A01CE}
,c9cd68dc7a731a0c5509e59a265a046d,Louisiana Ave & C St NW,2073,Yes,No Signage,No,No,No,No,Recall,No,No,,Active,6,38.893568,-77.011207,,51621,{55DC0F5C-7EA7-384D-E063-782F520A01CE}
,61455e39601d196c294ccd8d196a45e9,Benning Rd & Oklahoma Ave NE,3137,Yes,Completed,No,No,No,No,Actuated,No,Yes,,Active,7,38.897692,-76.969524,,51622,{55DC0F5C-7EA8-384D-E063-782F520A01CE}
,2745b4a9edd774783314e7a9acfecb87,FESSENDEN STREET NW AND CONNECTICUT AVENUE NW,6068,Yes,No Signage,No,No,No,No,Recall,No,No,,Active,3,38.95469926,-77.06963246,,51623,{55DC0F5C-7EA9-384D-E063-782F520A01CE}
,3e7b01993a511e7226121f38e3ceab8b,1st St (West) & Massachusetts Ave NE,2165,No,Completed,No,No,No,No,Recall,No,Yes,,Active,6,38.89686785,-77.00778063,,51624,{55DC0F5C-7EAA-384D-E063-782F520A01CE}
,550ab27aa97ce68c1e20dfb6d96b1631,13th St & Alabama Ave,4204,Yes,Completed,No,No,No,No,Recall,No,No,,Active,8,38.844686,-76.988509,,51625,{55DC0F5C-7EAB-384D-E063-782F520A01CE}
,b5f4410b0a12de02003bf55f9b27dba0,"23rd St NW & Q St, Waterside Dr NW",1164,Yes,Completed,No,No,No,No,Actuated,No,No,,Active,2,38.911112,-77.050692,,51626,{55DC0F5C-7EAC-384D-E063-782F520A01CE}
,e151b67edc42569b7c5119008cb7cc4e,"36th St & Alabama Av, Suitland Rd SE",4091,Yes,Completed,No,No,No,No,Recall,No,No,,Active,7,38.86272,-76.956718,,51627,{55DC0F5C-7EAD-384D-E063-782F520A01CE}
,62f4b95771fa91f26711777f2a3bbfbb,13th St & O St NW,2247,Yes,Completed,No,No,No,No,Recall,No,No,,Active,2,38.908577,-77.029616,,51628,{55DC0F5C-7EAE-384D-E063-782F520A01CE}
,663a9729bcdd1dac58b7c7dac9a72749,Benning Rd & H St SE,4112,Yes,No Signage,No,No,No,No,Recall,No,No,,Active,7,38.878663,-76.931581,,51629,{55DC0F5C-7EAF-384D-E063-782F520A01CE}
,f17466b19165b6a8492d90887927e1c8,MACOMB STREET NW AND MASSACHUSETTS AVENUE NW,6275,No,No Signage,No,No,No,No,Actuated,Yes,Yes,,Active,3,38.93343962,-77.07976704,,51630,{55DC0F5C-7EB0-384D-E063-782F520A01CE}
,a8640753bbbaf315c09f384eabad9d20,Connecticut Ave & Wyoming Ave NW (HAWK),1385,No,No Signage,No,No,No,No,Actuated,Yes,Yes,,Active,1,38.917751,-77.047238,,51631,{55DC0F5C-7EB1-384D-E063-782F520A01CE}
,efd685362331e5babe54256f3e8597a4,Georgia Ave & Shepherd St NW,5010,Yes,Completed,No,No,No,Yes,Recall,No,Yes,,Active,4,38.939749,-77.02496,,51632,{55DC0F5C-7EB2-384D-E063-782F520A01CE}
,ce1485bc241287fdc1b2d405424f4a80,17th St & H St NW,1069,Yes,Completed,No,No,No,Yes,Recall,No,No,,Active,2,38.900219,-77.039447,,51633,{55DC0F5C-7EB3-384D-E063-782F520A01CE}
,1e4a0e93a807063ad3929b18794144dc,"37th St, B St & Ridge Rd SE",4148,Yes,Completed,No,No,No,No,Recall,No,Yes,,Active,7,38.888195,-76.9515,,51634,{55DC0F5C-7EB4-384D-E063-782F520A01CE}
,4c75aa377a158b9d9f2c9732160792d8,4th St & I St SW,2190,Yes,Completed,No,No,No,No,Recall,No,Yes,,Active,6,38.879297,-77.017555,,51635,{55DC0F5C-7EB5-384D-E063-782F520A01CE}
,a640112b680fd8973e87321740dde02e,16th St & Allison St NW,5082,Yes,No Signage,No,No,No,Yes,Recall,No,No,,Active,4,38.945076,-77.036426,,51636,{55DC0F5C-7EB6-384D-E063-782F520A01CE}
,3721b2c98eb0f97049da203787618a15,Connecticut Ave & California St NW,1175,Yes,No Signage,No,No,No,No,Recall,No,Planned,,Active,1,38.916782,-77.046733,,51637,{55DC0F5C-7EB7-384D-E063-782F520A01CE}
,88a374681776e722a920815a2012d0c3,"14th St & Pennsylvania Ave, Potomac Ave (West) SE",4049,Yes,Completed,No,No,No,No,Recall,No,Planned,,Active,6,38.88051219,-76.98595642,,51638,{55DC0F5C-7EB8-384D-E063-782F520A01CE}
,b2c286f7485e68b10519a9cb2e55ae13,"Washington Ave (Canal St), Delaware Ave & D St SW",2203,No,No Signage,No,No,No,No,Recall,No,No,,Active,6,38.885053,-77.010793,,51639,{55DC0F5C-7EB9-384D-E063-782F520A01CE}
,e6ccdb4a1d685fa88d91b5e773e2e8b3,55th St & E Capitol St,4175,Yes,Completed,No,No,No,No,Recall,No,Planned,,Active,7,38.889769,-76.922883,,51640,{55DC0F5C-7EBA-384D-E063-782F520A01CE}
,32db0f372e4ad364f65f392f332068cd,3rd St & Virginia Ave SE,4009,Yes,No Signage,No,No,No,No,Recall,No,No,,Active,6,38.880208,-77.002057,,51641,{55DC0F5C-7EBB-384D-E063-782F520A01CE}
,d0d77eb12ce7b3e153df8a287d7980b1,11th St & Pennsylvania Ave NW,2111,Yes,Completed,No,No,No,No,Recall,No,No,,Active,2,38.894747,-77.027043,,51642,{55DC0F5C-7EBC-384D-E063-782F520A01CE}
,fc5e5970564ad2f34bd29677986a2329,Overlook Ave & Chesapeake St SW,4169,Yes,Completed,No,No,No,No,Actuated,No,Planned,,Active,8,38.82835171,-77.0173091,,51643,{55DC0F5C-7EBD-384D-E063-782F520A01CE}
,ba3eb6b440372eeede7b97d0def35297,"16th St, South Dakota Ave & Michigan Ave NE",3166,Yes,Completed,No,No,No,No,Recall,No,Planned,,Active,5,38.94255975,-76.98333421,,51644,{55DC0F5C-7EBE-384D-E063-782F520A01CE}
,dd84fa6298afcc3e8d4d542260fb87a7,16th St & I St NW,1051,Yes,Completed,No,No,No,Yes,Recall,No,Yes,,Active,2,38.901346,-77.036561,,51645,{55DC0F5C-7EBF-384D-E063-782F520A01CE}
,0611cbdde83acb9984010d561c3f233a,NEBRASKA AVENUE NW AND FESSENDEN STREET NW,6112,Yes,No Signage,No,No,No,No,Recall,No,No,,Active,3,38.95470049,-77.07156103,,51646,{55DC0F5C-7EC0-384D-E063-782F520A01CE}
,0a6508817906fde6e0e91150c8c2b486,1st St & Constitution Ave NW,2002,Yes,Completed,No,No,No,No,Recall,No,No,,Active,6,38.892092,-77.012166,,51647,{55DC0F5C-7EC1-384D-E063-782F520A01CE}
,11862382341eb851d47f8cf011e50790,Bladensburg Rd & Mt Olivet Rd NE,3252,No,No Signage,No,No,No,No,Recall,No,No,,Active,5,38.907239,-76.97876,,51648,{55DC0F5C-7EC2-384D-E063-782F520A01CE}
,753788b3247a705c07f28aa22372fbab,"14th St & Park Rd, Kenyon St NW",5067,Yes,Completed,No,No,No,No,Recall,No,No,,Active,1,38.93023,-77.032745,,51649,{55DC0F5C-7EC3-384D-E063-782F520A01CE}
,92d70488fad58e8034fcfba95d2d66a3,New York Ave & Walt Lincoln Wy NE,3468,No,No Signage,No,No,No,No,Recall,No,Yes,,Active,5,38.916383,-76.983001,,51650,{55DC0F5C-7EC4-384D-E063-782F520A01CE}
,bf6f3ccd5e9065dba254a9038c3b9ea0,37TH STREET NW AND RESERVOIR ROAD NW,6241,Yes,Completed,No,No,No,No,Recall,No,No,,Active,2,38.91260159,-77.07267858,,51651,{55DC0F5C-7EC5-384D-E063-782F520A01CE}
,f71c7e0791c296da67be511240a0f247,9TH STREET NW AND MISSOURI AVENUE NW,5232,Yes,Completed,No,No,No,No,Recall,No,No,,Active,4,38.96030837,-77.0259518,,51652,{55DC0F5C-7EC6-384D-E063-782F520A01CE}
,ad461468a50802cadf5eda3af3caff11,Southern Ave & Suitland Rd SE,4157,Yes,Completed,No,No,No,No,Recall,No,Yes,,Active,7,38.861293,-76.949916,,51653,{55DC0F5C-7EC7-384D-E063-782F520A01CE}
,8464520802c424fe6afe50d60f155d38,Rhode Island Ave & Rhode Island Shopping Center,3453,Yes,No Signage,No,No,No,No,Actuated,No,Yes,,Active,5,38.9211744,-76.99373756,,51654,{55DC0F5C-7EC8-384D-E063-782F520A01CE}
,7a0f9c1d7e29e0e603b4cd40c9dfe38d,"Minnesota Avenue & DOES/WMATA Driveway, NE",4280,Yes,No Signage,No,No,No,No,Actuated,No,Yes,,Active,7,38.89743604,-76.94702279,,51655,{55DC0F5C-7EC9-384D-E063-782F520A01CE}
,5d6605e6390d77ff0e51efb9cec09f71,11th St & N St SE,4040,No,Completed,No,No,No,Yes,Recall,No,Yes,,Active,8,38.87461422,-76.99150054,,51656,{55DC0F5C-7ECA-384D-E063-782F520A01CE}
,fc44733f0302ebd01d17e21ca493bec8,14th St & Newton St NW,5212,Yes,Completed,No,No,No,No,Recall,No,No,,Active,1,38.931877,-77.032737,,51657,{55DC0F5C-7ECB-384D-E063-782F520A01CE}
,95dd1334a28f10e027e25818badf78bb,WILLOW STREET NW AND CARROLL STREET NW,5116,Yes,Completed,No,No,No,No,Recall,No,No,,Active,4,38.97477421,-77.01382273,,51658,{55DC0F5C-7ECC-384D-E063-782F520A01CE}
,0ec7c709a712be2258d26367381024fa,12th St & Maryland Ave SW,1220,Yes,No Signage,No,No,No,No,Recall,No,Yes,,Active,6,38.884492,-77.028112,,51659,{55DC0F5C-7ECD-384D-E063-782F520A01CE}
,ef87eca343aefd4610fe216e180ac1bf,"5th St, Alabama Ave & Martin Luther King Jr Ave SE",4122,Yes,Completed,No,No,No,No,Recall,No,Yes,,Active,8,38.843295,-76.999662,,51660,{55DC0F5C-7ECE-384D-E063-782F520A01CE}
,ecc8fda7488f58766d262ec94afd84f1,4th St & E St SE,4010,Yes,Completed,No,No,No,No,Recall,No,No,,Active,6,38.883235,-77.000582,,51661,{55DC0F5C-7ECF-384D-E063-782F520A01CE}
,7bde8540bfc8cd8c277518c9ac127ba6,9th St & Constitution Ave NW,2037,Yes,No Signage,No,No,No,No,Recall,No,No,,Active,2,38.892087,-77.02398,,51662,{55DC0F5C-7ED0-384D-E063-782F520A01CE}
,d8d9019d5c5ec0f6fcb972b23e18ba1f,15th St & T St NW,1047,Yes,Completed,No,No,No,No,Recall,No,No,,Active,2,38.915579,-77.034537,,51663,{55DC0F5C-7ED1-384D-E063-782F520A01CE}
,b1b816d3c14baf7eac5e4b47a50be38f,20th St & Rhode Island Ave NE,3191,Yes,No Signage,No,No,No,Yes,Recall,No,No,,Active,5,38.929047,-76.976239,,51664,{55DC0F5C-7ED2-384D-E063-782F520A01CE}
,e99d5a01581b966bcc14f66029621252,15th St & K St NW,1037,Yes,Completed,No,No,No,No,Recall,No,Yes,,Active,2,38.90255,-77.034587,,51665,{55DC0F5C-7ED3-384D-E063-782F520A01CE}
,e43f022b91b7e71bbad36025cafd562c,Georgia Ave & Webster St NW,5265,Yes,Completed,No,No,No,No,Recall,No,Yes,,Active,4,38.944004,-77.026065,,51666,{55DC0F5C-7ED4-384D-E063-782F520A01CE}
,7e97b7c7824c206ef124963bcda3454a,Florida Ave & R St NW (East),3454,Yes,Completed,No,No,No,No,Recall,No,Yes,,Active,5,38.91261308,-77.01331034,,51667,{55DC0F5C-7ED5-384D-E063-782F520A01CE}
,422b746e6baf211886eaeef8955cfcb9,3rd St & Maryland Ave SW,2185,Yes,Completed,No,No,No,No,Recall,No,No,,Active,2,38.888185,-77.015222,,51668,{55DC0F5C-7ED6-384D-E063-782F520A01CE}
,5e611998d1935f1ba9666c6ae6b52ee9,N Capitol St & P St,3040,Yes,Completed,No,No,No,No,Recall,No,Yes,,Active,5,38.909639,-77.009054,,51669,{55DC0F5C-7ED7-384D-E063-782F520A01CE}
,e22b6cf4c8b492df313019a6f36f2f04,13th St & U St NW,2146,Yes,Completed,No,No,No,No,Recall,No,Yes,,Active,1,38.917011,-77.02962,,51670,{55DC0F5C-7ED8-384D-E063-782F520A01CE}
,89105c5569956ee59ba5f9b3dce78758,"ST ELIZABETHS AVE, ACCESS ROAD AND GATE 4 ENTRANCE, SE",4287,No,No Signage,No,No,No,No,Actuated,No,Yes,,Active,8,38.85251829,-77.00569358,,51671,{55DC0F5C-7ED9-384D-E063-782F520A01CE}
,1f57197288ea6471d6af5b717f6223dd,Rock Creek and Potomac Pkwy & Virginia Ave NW,1194,No,Completed,No,No,No,No,Recall,No,Yes,,Active,2,38.900956,-77.057186,,51672,{55DC0F5C-7EDA-384D-E063-782F520A01CE}
,8dff7352862691f4c913eb6d89b69985,3rd St & Rhode Island Ave NW,3010,Yes,Completed,No,No,No,No,Recall,No,Yes,,Active,5,38.914486,-77.01574,,51673,{55DC0F5C-7EDB-384D-E063-782F520A01CE}
,1c89f6e75e9046b9847d8b838d7887b9,"11th St & I-295 Ramps C1, C2, C4",4261,No,No Signage,No,No,No,No,Actuated,No,Yes,,Active,8,38.86887234,-76.98823745,,51674,{55DC0F5C-7EDC-384D-E063-782F520A01CE}
,255b542bcd5fbbd60209fdeb3f23fbad,WISCONSIN AVENUE NW AND RODMAN STREET NW,6151,Yes,Completed,No,No,No,Yes,Recall,No,Yes,,Active,3,38.93955254,-77.07503881,,51675,{55DC0F5C-7EDD-384D-E063-782F520A01CE}
,,CONNECTICUT AVENUE AND CHESAPEAKE STREET NW,6283,Yes,Completed,No,No,No,No,Recall,No,Yes,,Active,3,38.95073368,-77.06732722,,51676,{55DC0F5C-7EDE-384D-E063-782F520A01CE}
,0a91d2c64fc73ccc767ff49a3ddcdff1,5th St & C St NE (North),3066,Yes,No Signage,No,No,No,No,Recall,No,Yes,,Active,6,38.894086,-76.999519,,51677,{55DC0F5C-7EDF-384D-E063-782F520A01CE}
,9159f2214e08ba8ccfa7f97d6b383798,"46th St, Southern Ave & Marlboro Pike, Bowen Rd SE",4151,Yes,Completed,No,No,No,No,Recall,No,No,,Active,7,38.87382542,-76.93385652,,51678,{55DC0F5C-7EE0-384D-E063-782F520A01CE}
,1a8b4c09569395337ef82f081c0fff61,11th St & Columbia Rd NW,5023,Yes,Completed,No,No,No,No,Recall,No,Yes,,Active,1,38.927746,-77.027276,,51679,{55DC0F5C-7EE1-384D-E063-782F520A01CE}
,347f111f531c3e41b00c4ba7ac191b51,Pennsylvania Ave & Constitution Ave (West) NW,2205,No,No Signage,No,No,No,No,Recall,No,No,,Active,2,38.892385,-77.018552,,51680,{55DC0F5C-7EE2-384D-E063-782F520A01CE}
,a6d22609e3a7544f668a4b12cf778f54,"Rhode Island Ave, U St & Lincoln Rd NE",3035,Yes,Completed,No,No,No,No,Recall,No,Yes,,Active,5,38.917475,-77.007146,,51681,{55DC0F5C-7EE3-384D-E063-782F520A01CE}
,a207b32fcb13981ea28669a7ea48ab8f,14th St & Upshur St NW,5072,Yes,Completed,No,No,Yes,No,Recall,No,No,,Active,4,38.941877,-77.032731,,51682,{55DC0F5C-7EE4-384D-E063-782F520A01CE}
,baa552d7e859906ebdaa4bb3133fcb0f,"12th St & Maryland Ave, F St NE",3098,Yes,Completed,No,No,No,No,Recall,No,Yes,,Active,6,38.897344,-76.990252,,51683,{55DC0F5C-7EE5-384D-E063-782F520A01CE}
,f05ad48437e01aa6ae67d726c4e0f364,1st St & Q St NW,3005,Yes,Completed,No,No,No,No,Recall,No,No,,Active,5,38.911125,-77.012169,,51684,{55DC0F5C-7EE6-384D-E063-782F520A01CE}
,3a7b79d0cf1a5667a3e3fef4454cfed2,Adams Mill Rd/Irving St & Kenyon St NW,6054,Yes,Completed,No,No,No,No,Recall,No,Yes,,Active,1,38.92975213,-77.04417136,,51685,{55DC0F5C-7EE7-384D-E063-782F520A01CE}
,c7ef8f0993239a4be5f6382c019d1a9f,MILITARY ROAD NW AND 31ST STREET NW,6017,Yes,Completed,No,No,No,No,TOD Recall,No,No,,Active,4,38.9610236,-77.06212944,,51686,{55DC0F5C-7EE8-384D-E063-782F520A01CE}
,2159131dda6ad7b94572f93f2ef58e8f,14th St & C St SW,1222,Yes,No Signage,No,No,No,No,Recall,No,No,,Active,6,38.885967,-77.031932,,51687,{55DC0F5C-7EE9-384D-E063-782F520A01CE}
,f3a7c7a0ff5ef2117753ea8b1d0dd199,38th St & Alabama Ave SE,4092,Yes,Completed,No,No,No,No,Recall,No,No,,Active,7,38.86526,-76.95221,,51688,{55DC0F5C-7EEA-384D-E063-782F520A01CE}
,da31d3bbc19ad66c9906c17faa180df4,7th St & D St SW,1205,Yes,Completed,No,No,No,No,Recall,No,Yes,,Active,6,38.884843,-77.02192,,51689,{55DC0F5C-7EEB-384D-E063-782F520A01CE}
,7017cfabaae3a8e69d6a603f5e2ff18a,20th St & Pennsylvania Ave NW,1129,Yes,Completed,No,No,No,Yes,Recall,No,Planned,,Active,2,38.900719,-77.044907,,51690,{55DC0F5C-7EEC-384D-E063-782F520A01CE}
,c6872def31b852ce8ffa2b286bea8e16,CONNECTICUT AVENUE NW AND NEBRASKA AVENUE NW,6075,Yes,Completed,No,No,No,No,Recall,No,Yes,,Active,3,38.95604112,-77.07041323,,51691,{55DC0F5C-7EED-384D-E063-782F520A01CE}
,747a78ce658dc641dadd59856297763f,Southern Av SE & United Medical Center (HAWK),4274,No,No Signage,No,No,No,No,Actuated,Yes,Yes,,Active,8,38.835609,-76.982857,,51692,{55DC0F5C-7EEE-384D-E063-782F520A01CE}
,0875c9085f369cc5f2f984a9981632fd,24th St & Massachusetts Ave NW,6005,Yes,No Signage,No,No,No,Yes,Recall,No,Yes,,Active,2,38.913619,-77.052658,,51693,{55DC0F5C-7EEF-384D-E063-782F520A01CE}
,50d41659bda45a9341ae779645712d0c,8th St & H St NW,1388,Yes,No Signage,No,No,No,No,Recall,No,Yes,,Active,2,38.899814,-77.022948,,51694,{55DC0F5C-7EF0-384D-E063-782F520A01CE}
,19f3a12b62f065d424226509db37b106,30TH STREET NW AND MILITARY ROAD NW,6250,Yes,No Signage,No,No,No,No,TOD Recall,No,No,,Active,4,38.96102592,-77.05975306,,51695,{55DC0F5C-7EF1-384D-E063-782F520A01CE}
,7e620166e9c84a7d1b94a3850241b407,4th St & New York Ave NW,3012,No,Completed,No,No,No,No,Recall,No,Yes,,Active,6,38.90488657,-77.01618252,,51696,{55DC0F5C-7EF2-384D-E063-782F520A01CE}
,f8b0ef8fbafe450a996cc4dddc7a3d98,"Georgia Ave & Columbia Rd, Hobart Pl NW",5121,Yes,Completed,No,No,Yes,Yes,Recall,No,Yes,,Active,1,38.928125,-77.023078,,51697,{55DC0F5C-7EF3-384D-E063-782F520A01CE}
,8649b5868fbfd89b9e507306b43ae439,"Martin Luther King Jr Ave, Cypress St, and Mliwaukee Pl, SE",4128,Yes,No Signage,No,No,No,No,Recall,No,Yes,,Active,8,38.84753289,-76.99602595,,51698,{55DC0F5C-7EF4-384D-E063-782F520A01CE}
,95af3d7706724a418918f3671e1e935a,"22nd St, South Dakota Ave NE & Newton St NE",3204,Yes,Completed,No,No,No,No,Recall,No,Yes,,Active,5,38.933784,-76.974195,,51699,{55DC0F5C-7EF5-384D-E063-782F520A01CE}
,5f6face2ef4c5771cb77a1576e9fb0d0,"14th St, Kentucky Ave & D St SE",4047,No,Completed,All-Ped Phase,No,No,No,Recall,No,Yes,,Active,6,38.884111,-76.98552,,51700,{55DC0F5C-7EF6-384D-E063-782F520A01CE}
,b323c19354d41dc707be72168ca770ea,20th St & Franklin St NE,3157,Yes,Completed,No,No,No,No,Recall,No,No,,Active,5,38.925572,-76.976227,,51701,{55DC0F5C-7EF7-384D-E063-782F520A01CE}
,a57df77acff2d16b0e1d9951b6f7df31,9th St & D St NW,2068,Yes,Completed,No,Yes,No,No,Recall,No,Yes,,Active,2,38.894842,-77.023967,,51702,{55DC0F5C-7EF8-384D-E063-782F520A01CE}
,e7dd05255fc66ebc5b289793aca89fd2,MILITARY ROAD NW AND 27TH STREET NW,6006,Yes,Completed,No,No,No,No,Actuated,No,No,,Active,4,38.96102065,-77.05620285,,51703,{55DC0F5C-7EF9-384D-E063-782F520A01CE}
,2de18173972470b339848ed8e5b9a807,WISCONSIN AVENUE NW AND WESTERN AVENUE NW,6129,Yes,Completed,No,No,No,Yes,Recall,No,No,,Active,3,38.96079005,-77.08573495,,51704,{55DC0F5C-7EFA-384D-E063-782F520A01CE}
,,"WESTERN AVE AND LISNER HOME ENT, NW",6237,Yes,No Signage,No,No,No,No,Recall,No,No,,Active,3,38.962584,-77.083425,,51705,{55DC0F5C-7EFB-384D-E063-782F520A01CE}
,594d626514ebd21bac21f63b3c4a99e8,"6th St & Penn St, Brentwood Pkwy NE",3256,Yes,Completed,No,No,No,No,Recall,No,Yes,,Active,5,38.90965,-76.995816,,51706,{55DC0F5C-7EFC-384D-E063-782F520A01CE}
,d41c2f9f75da667f540d0e457efb0f3a,GEORGIA AVENUE NW AND ELDER STREET NW,5125,Yes,No Signage,No,No,No,Yes,Recall,No,Yes,,Active,4,38.97729356,-77.02650155,,51707,{55DC0F5C-7EFD-384D-E063-782F520A01CE}
,0d6db238f0ba1de6e5e76fba57d53053,14th St Bridge Ramp & Maine Ave SW,1245,No,Completed,No,No,No,No,Recall,No,No,,Active,6,38.88327,-77.03182,,51708,{55DC0F5C-7EFE-384D-E063-782F520A01CE}
,4eac6116567377179ff307382e19a3fe,1st St & Florida Ave NW,3006,Yes,No Signage,No,No,No,No,Recall,No,No,,Active,5,38.912118,-77.012156,,51709,{55DC0F5C-7EFF-384D-E063-782F520A01CE}
,96cc274acba5726e1663fdeedddfd576,Pennsylvania Av & 27th St SE & O St SE,4140,Yes,Completed,No,No,No,No,Recall,No,Yes,,Active,7,38.872813,-76.968989,,51710,{55DC0F5C-7F00-384D-E063-782F520A01CE}
,03dc8234a2c3740142585db99c22af48,14th St & Pennsylvania Ave NW/E St NW,1011,Yes,No Signage,No,No,No,No,Recall,No,No,,Active,2,38.896101,-77.031959,,51711,{55DC0F5C-7F01-384D-E063-782F520A01CE}
,3e6fca0498042d8c5186f029a80a9675,Minnesota Ave & Grant St NE,4083,Yes,Completed,No,No,No,Yes,Recall,No,Yes,,Active,7,38.898418,-76.946578,,51712,{55DC0F5C-7F02-384D-E063-782F520A01CE}
,f58d995ee2327b19c0ff94910468b1cd,New York Ave & Florida Ave NE,3033,Yes,No Signage,No,No,No,No,Recall,No,Yes,,Active,5,38.90890492,-77.00459505,,51713,{55DC0F5C-7F03-384D-E063-782F520A01CE}
,f3c0fdd0e05533c44ca677e187da8299,Michigan Ave & 7th St NE,3232,Yes,No Signage,No,No,No,No,Recall,No,Yes,,Active,5,38.933071,-76.99642,,51714,{55DC0F5C-7F04-384D-E063-782F520A01CE}
,4c03024a0c7d01f4f653016d4f7bbcff,12th St & H St NW,2120,Yes,Completed,No,No,No,No,Recall,No,No,,Active,2,38.89983,-77.028076,,51715,{55DC0F5C-7F05-384D-E063-782F520A01CE}
,2a48866378af459931f89aa816934fff,"28th St & Rhode Island Ave, Monroe St NE",3195,Yes,Completed,No,No,No,Yes,Recall,No,No,,Active,5,38.932985,-76.968073,,51716,{55DC0F5C-7F06-384D-E063-782F520A01CE}
,05aa149c5654a48df682a275575778a3,EASTERN AVENUE NE AND RIGGS ROAD NE,5190,Yes,No Signage,No,No,No,No,Recall,No,No,,Active,4,38.96161897,-76.99722346,,51717,{55DC0F5C-7F07-384D-E063-782F520A01CE}
,04eab17816b0ebe7fe88f4688908ed7c,"15th St, Maryland Ave, Bladensburg Rd & H St, Benning Rd NE",3114,Yes,Completed,No,No,No,No,Recall,No,Yes,,Active,5,38.900145,-76.983427,,51718,{55DC0F5C-7F08-384D-E063-782F520A01CE}
,dc0161a57d38ed06885dd710229cfdd5,Irving St & N Capitol SB Off-Ramp,5208,No,Completed,No,No,No,No, ,No,No,,Active,5,38.93123176,-77.00842693,,51719,{55DC0F5C-7F09-384D-E063-782F520A01CE}
,e5e572afc3d44cb645b0a5d71ebd1a57,10th St & Monroe St NE,3168,Yes,Completed,No,No,No,No,Recall,No,No,,Active,5,38.93247,-76.992634,,51720,{55DC0F5C-7F0A-384D-E063-782F520A01CE}
,bf0be029b41ab72b68b1a0497044f1a6,Georgia Ave & Howard Pl NW,5131,Yes,Completed,No,No,No,No,Recall,No,No,,Active,1,38.922339,-77.022266,,51721,{55DC0F5C-7F0B-384D-E063-782F520A01CE}
,88e20e8b6c7d94b18b5d86ed1f07c1fe,14th St & Wallach Pl NW,1386,No,No Signage,No,No,No,No,Actuated,Yes,Yes,,Active,1,38.916299,-77.031938,,51722,{55DC0F5C-7F0C-384D-E063-782F520A01CE}
,2aa5714c10c839a1a138234d8cc359df,Martin Luther King Jr Ave & W St SE,4131,Yes,Completed,No,No,Yes,No,Recall,No,Yes,,Active,8,38.864894,-76.989752,,51723,{55DC0F5C-7F0D-384D-E063-782F520A01CE}
,cdf0bbf982f932070b6b69c508737956,"4th St, New Jersey Ave & P St NW",3011,Yes,Completed,No,No,No,No,Recall,No,No,,Active,5,38.90964982,-77.01623154,,51724,{55DC0F5C-7F0E-384D-E063-782F520A01CE}
,00cb0ddde12994798ef96716cef67752,21st St & Virginia Ave NW,1145,Yes,Completed,No,Yes,No,Yes,Recall,No,No,,Active,2,38.895325,-77.04668,,51725,{55DC0F5C-7F0F-384D-E063-782F520A01CE}
,070d0caab51fca1f74c7f4da61c07381,FOXHALL ROAD NW AND Q STREET NW,6090,Yes,No Signage,No,No,No,No,Recall,No,Yes,,Active,3,38.91066282,-77.08389064,,51726,{55DC0F5C-7F10-384D-E063-782F520A01CE}
,fa8c77417983d83baadb437979bee64d,20th St & G St NW,1121,Yes,No Signage,No,No,No,No,Recall,No,No,,Active,2,38.898336,-77.044911,,51727,{55DC0F5C-7F11-384D-E063-782F520A01CE}
,e33424ba9c660a93b6560e8b006f25fb,15th St & D St NE,3113,Yes,Completed,No,No,No,No,Recall,No,No,,Active,6,38.894785,-76.983655,,51728,{55DC0F5C-7F12-384D-E063-782F520A01CE}
,aafcc57471c904924811722e9d562455,Minnesota Ave & Randle Cir SE (East Side),4137,Yes,Completed,No,No,No,No,Actuated,No,Yes,,Active,7,38.878572,-76.96117,,51729,{55DC0F5C-7F13-384D-E063-782F520A01CE}
,914c5d70353bfd586649cf918e431393,41ST STREET NW AND WESTERN AVENUE NW,6041,Yes,Completed,No,No,No,No,Recall,No,No,,Active,3,38.9649817,-77.08037386,,51730,{55DC0F5C-7F14-384D-E063-782F520A01CE}
,cbbbd3ba903b7cfb71e0631999056169,"Atlantic St & Livingston Rd, Valley Ave SE",4108,Yes,No Signage,No,No,No,No,Actuated,No,Yes,,Active,8,38.830965,-77.00355,,51731,{55DC0F5C-7F15-384D-E063-782F520A01CE}
,af8af1c50ef2f0458559493f655a3187,4th St & New York Ave NE,3178,Yes,No Signage,No,No,No,No,Actuated,No,Yes,,Active,5,38.911053,-76.998321,,51732,{55DC0F5C-7F16-384D-E063-782F520A01CE}
,646753ea51b01ff0b3ea826d549e77fe,"27th St & Whitehurst Fwy, K St NW",1237,Yes,Completed,No,No,No,No,Recall,No,No,,Active,2,38.90254,-77.056122,,51733,{55DC0F5C-7F17-384D-E063-782F520A01CE}
,c1f22af79b65ede691cd90329fad1b42,"7th St & Rhode Island Ave, R St NW",3025,No,Completed,No,No,No,No,Recall,No,Yes,,Active,2,38.91250048,-77.02193525,,51734,{55DC0F5C-7F18-384D-E063-782F520A01CE}
,6d3b09264fa72c0daff56caa3ced8541,6th St & K St NE,3076,Yes,Completed,No,No,No,No,Recall,No,No,,Active,6,38.902522,-76.998443,,51735,{55DC0F5C-7F19-384D-E063-782F520A01CE}
,bc6587b53ba140e009ba8d3c90939651,ARIZONA AVENUE NW AND MACARTHUR BOULEVARD NW,6094,Yes,No Signage,No,No,No,No,Recall,No,Yes,,Active,3,38.9273665,-77.10403709,,51736,{55DC0F5C-7F1A-384D-E063-782F520A01CE}
,4edfa155593490e7381c4ae1abbe9519,Independence Ave & D.C. War Memorial (Ped Crossing),1392,No,No Signage,No,No,No,No,Actuated,No,Yes,,Active,2,38.88689,-77.043508,,51737,{55DC0F5C-7F1B-384D-E063-782F520A01CE}
,1da9269c5b42a420e9f2d680f92247e2,N Capitol St & Franklin St,5291,Yes,Completed,No,No,No,No,Actuated,No,Yes,,Active,5,38.92514199,-77.00903984,,51738,{55DC0F5C-7F1C-384D-E063-782F520A01CE}
,536e0b3b9c69f16629f8f61897d7e493,2nd St & D St SE (North),4004,Yes,Completed,No,No,No,No,Recall,No,No,,Active,6,38.885068,-77.003519,,51739,{55DC0F5C-7F1D-384D-E063-782F520A01CE}
,1e25852a68224f01f7e77e4b6def8adb,22nd St & Alabama Ave SE,4195,Yes,No Signage,No,No,No,No,Recall,No,No,,Active,8,38.850979,-76.974203,,51740,{55DC0F5C-7F1E-384D-E063-782F520A01CE}
,83420005db7be1c5a0734c260d982f15,53rd St & E Capitol St,4174,Yes,Completed,No,No,No,No,Recall,No,Planned,,Active,7,38.88976729,-76.92605723,,51741,{55DC0F5C-7F1F-384D-E063-782F520A01CE}
,1c9a07f86a6d82f141a4187d76984d15,4th St & M St SE,2259,Yes,Completed,No,No,No,No,Recall,No,Yes,,Active,8,38.87648769,-77.00058302,,51742,{55DC0F5C-7F20-384D-E063-782F520A01CE}
,3eadd2d53012060439bb71dabd26870b,Pennsylvania Av & 30th St SE,4142,Yes,Completed,No,No,No,No,Recall,No,Yes,,Active,7,38.871096,-76.964771,,51743,{55DC0F5C-7F21-384D-E063-782F520A01CE}
,1a0f746ff9415ac89fdf964a5367254e,13th St & H St NE,3105,Yes,Completed,No,No,No,No,Recall,No,Yes,,Active,6,38.900204,-76.988318,,51744,{55DC0F5C-7F22-384D-E063-782F520A01CE}
,41901c755fd7cb8acba714e56ecb8577,Rock Creek Church Rd & Upshur St NW,5166,Yes,Completed,No,No,No,No,Recall,No,No,,Active,4,38.942146,-77.013327,,51745,{55DC0F5C-7F23-384D-E063-782F520A01CE}
,5ff99dbad89ec95960f1da84330ad221,13th St & F St NW,2133,Yes,No Signage,No,No,No,No,Recall,No,Yes,,Active,2,38.897358,-77.029626,,51746,{55DC0F5C-7F24-384D-E063-782F520A01CE}
,c18ac1a00e2c8c520424cae0f97daa2c,4th St & Bryant St NW,3239,Yes,No Signage,No,No,No,No,Recall,No,No,,Active,1,38.920369,-77.018029,,51747,{55DC0F5C-7F25-384D-E063-782F520A01CE}
,9905ba76942a98c4d4cd55a4cd3992dc,1st St & Riggs Rd NE,5271,Yes,No Signage,No,Yes,No,No,Recall,No,Yes,,Active,4,38.955413,-77.006267,,51748,{55DC0F5C-7F26-384D-E063-782F520A01CE}
,83245e27fa7e0094f961ac9cf1e68e0f,S Capitol St & Danbury St,4290,No,No Signage,No,No,No,No,Actuated,Yes,Yes,,Active,8,38.827799,-77.007678,,51749,{55DC0F5C-7F27-384D-E063-782F520A01CE}
,ce6e2f4fe999a1e9a45563e5c4339d8c,"4th St & Rhode Island Ave, Florida Ave, S St NW",3013,No,Completed,No,No,No,No,Recall,No,Yes,,Active,1,38.914166,-77.016965,,51750,{55DC0F5C-7F28-384D-E063-782F520A01CE}
,97202e7111006aed7957456c4be302d7,15th St & Madison Dr NW,1243,Yes,No Signage,No,No,No,No,Actuated,No,No,,Active,2,38.890153,-77.033033,,51751,{55DC0F5C-7F29-384D-E063-782F520A01CE}
,caabb34b7b07686dd84e8f79320fa0e8,Michigan Av & Perry St NE,3465,Yes,No Signage,No,No,No,No,Recall,No,Yes,,Active,5,38.936175,-76.992401,,51752,{55DC0F5C-7F2A-384D-E063-782F520A01CE}
,b926f552dc286cbc9241e13ace25aa86,20th St & M St NW,1125,Yes,Completed,No,No,No,Yes,Recall,No,No,,Active,2,38.905664,-77.044889,,51753,{55DC0F5C-7F2B-384D-E063-782F520A01CE}
,92f80c3e7796fa343362c7040eb91c15,"36th St, Minnesota Ave SE & B St SE",4134,Yes,Completed,No,No,No,No,Recall,No,Yes,,Active,7,38.887577,-76.954635,,51754,{55DC0F5C-7F2C-384D-E063-782F520A01CE}
,d3175c65382a020776b29c0a57048abf,"3rd St & Massachusetts Ave, H St NW",2020,No,No Signage,No,No,No,No,Recall,No,Yes,,Active,6,38.899848,-77.015182,,51755,{55DC0F5C-7F2D-384D-E063-782F520A01CE}
,f0f2a1994c7826350de6f01231810b6f,1st St & L St NE,2245,Yes,Completed,No,No,No,No,Recall,No,Yes,,Active,6,38.903742,-77.005896,,51756,{55DC0F5C-7F2E-384D-E063-782F520A01CE}
,477b2c81a83048be27f121756beae0bc,"Rhode Island Ave & Reed St, Washington Pl NE",3196,Yes,Completed,No,No,No,No,Recall,No,Yes,,Active,5,38.92199806,-76.99386439,,51757,{55DC0F5C-7F2F-384D-E063-782F520A01CE}
,4d2c85fa5f2ffcdf21f60cc310af931d,14th St & Independence Av SW,1223,Yes,Completed,No,No,No,No,Recall,No,No,,Active,2,38.887569,-77.031959,,51758,{55DC0F5C-7F30-384D-E063-782F520A01CE}
,1319ed15450297feb7d3e8c16ad6aaba,"N Capitol St, Hawaii Ave NE, Rock Creek Church Rd NW & Buchanan St NE",5197,Yes,Completed,No,No,No,No,Actuated,No,No,,Active,4,38.947267,-77.00862,,51759,{55DC0F5C-7F31-384D-E063-782F520A01CE}
,6ae027bbbb3bf8c59cdd7045cc9598bb,I-295 ON-RAMP C & I-295 OFF-RAMP T SE,4285,No,No Signage,No,No,No,No, ,No,No,,Active,8,38.8435507,-77.00792189,,51760,{55DC0F5C-7F32-384D-E063-782F520A01CE}
,d7a7469c77c590f694b4ddea9ce15da2,6th St & New York Ave NW,2047,Yes,No Signage,No,No,No,No,Recall,No,Yes,,Active,6,38.90358456,-77.0199081,,51761,{55DC0F5C-7F33-384D-E063-782F520A01CE}
,663bf4268099bb6c7f97d647de895ccf,"5th St & D St, Indiana Ave NW",2239,Yes,No Signage,No,No,No,No,Recall,No,No,,Active,6,38.894806,-77.018938,,51762,{55DC0F5C-7F34-384D-E063-782F520A01CE}
,a1837a908d97055a829552037fcee19a,"CANAL RD AND CHAIN BRIDGE, NW",6058,No,Completed,No,No,No,No, ,No,No,,Active,3,38.93025131,-77.1117377,,51763,{55DC0F5C-7F35-384D-E063-782F520A01CE}
,7f17737e2fa2e7d7bd40f7a33c68c5a5,"9th St, Parsons Ave & M St SE",4031,Yes,Completed,No,No,No,No,Recall,No,Yes,,Active,8,38.876491,-76.993759,,51764,{55DC0F5C-7F36-384D-E063-782F520A01CE}
,0f43b1ff20fad66fbb0f07f303c4afc7,13th St & Kennedy St NW,5043,Yes,No Signage,No,No,No,No,Recall,No,No,,Active,4,38.95622444,-77.02969696,,51765,{55DC0F5C-7F37-384D-E063-782F520A01CE}
,5f2ec2e6132a9f9b62c0354df60eced7,"18th St, Connecticut Ave & N St NW",1096,Yes,Completed,No,No,No,No,Recall,No,Yes,,Active,2,38.907252,-77.042051,,51766,{55DC0F5C-7F38-384D-E063-782F520A01CE}
,47f907bdd457af3840909060bcedb5fd,9th St & M St NW,2076,Yes,Completed,No,No,No,Yes,Recall,No,No,,Active,2,38.905655,-77.023967,,51767,{55DC0F5C-7F39-384D-E063-782F520A01CE}
,73137ac5903a97c55cb812e93c6ddb75,"18th St, South Dakota Ave & Shepherd St NE",3202,Yes,No Signage,No,No,No,No,Recall,No,No,,Active,5,38.93958395,-76.98015358,,51768,{55DC0F5C-7F3A-384D-E063-782F520A01CE}
,dd2adf996e04da0ccc29f602b49937dd,24th St & K St NW,1166,Yes,No Signage,No,No,No,No,Recall,No,Yes,,Active,2,38.90265111,-77.0514167,,51769,{55DC0F5C-7F3B-384D-E063-782F520A01CE}
,8d427e219cfbd00c067c1d276366c730,Naylor Rd & Skyland Town Center Dwy SE,4275,Yes,No Signage,No,No,No,No,Actuated,No,Yes,,Active,8,38.861808,-76.969356,,51770,{55DC0F5C-7F3C-384D-E063-782F520A01CE}
,f29d35d7333074e5e5b3474089d9414e,14 St & H St NE,3110,Yes,Completed,No,No,No,No,Recall,No,Yes,,Active,6,38.90020515,-76.98550634,,51771,{55DC0F5C-7F3D-384D-E063-782F520A01CE}
,1ffa80e73d219785dcdb2875b7cb4a9b,Southern Ave & Chesapeake St SE,4153,Yes,Completed,No,No,No,No,Recall,No,Yes,,Active,8,38.82910203,-76.99118794,,51772,{55DC0F5C-7F3E-384D-E063-782F520A01CE}
,94fc78c56af897d45c1cea1887df69ce,11th St & H St NW,2105,Yes,Completed,No,No,No,No,Recall,No,Yes,,Active,2,38.89982,-77.027039,,51773,{55DC0F5C-7F3F-384D-E063-782F520A01CE}
,142c9356125e6a2d2ef6545f3f7b7df4,Michigan Ave & Irving St NE,3234,No,No Signage,No,Yes,No,No,Recall,No,Yes,,Active,5,38.93033,-77.002653,,51774,{55DC0F5C-7F40-384D-E063-782F520A01CE}
,79bee7bbf3d7f75fd63c247457d09634,CONNECTICUT AVENUE NW AND VEAZEY TERRACE NW,6083,Yes,Completed,No,No,No,No,Recall,No,No,,Active,3,38.94425951,-77.06356101,,51775,{55DC0F5C-7F41-384D-E063-782F520A01CE}
,b24e239c9c247f6b61057b916329c319,N Capitol St & G St,2250,Yes,No Signage,No,No,No,No,Recall,No,No,,Active,6,38.898916,-77.009074,,51776,{55DC0F5C-7F42-384D-E063-782F520A01CE}
,ccc9e6055cfbe43956fa8508b88aca49,19th St & H St NW,1395,Yes,Completed,No,No,No,No,Recall,No,Yes,,Active,2,38.899588,-77.043471,,51777,{55DC0F5C-7F43-384D-E063-782F520A01CE}
,f6598f9229e00ac352f5a7a5470d9ac2,15th St & V St NW,5080,Yes,Completed,No,Yes,No,No,Recall,No,Yes,,Active,1,38.918123,-77.034512,,51778,{55DC0F5C-7F44-384D-E063-782F520A01CE}
,e50cd6b8f33483e0b025b7ebc48c5c95,9th St & Independence Ave SW,1212,Yes,Completed,No,No,No,No,Recall,No,No,,Active,2,38.887578,-77.024245,,51779,{55DC0F5C-7F45-384D-E063-782F520A01CE}
,39dc4925c3155f55b0b913d80a3fcf1b,S Capitol St & Elmira St,4185,Yes,Completed,No,No,No,Yes,Recall,No,Yes,,Active,8,38.826067,-77.007337,,51780,{55DC0F5C-7F46-384D-E063-782F520A01CE}
,7404129baf31a8f495261f5c4f4aedd6,21st St & C St NW,1132,Yes,No Signage,No,No,No,No,Recall,No,Planned,,Active,2,38.893546,-77.046679,,51781,{55DC0F5C-7F47-384D-E063-782F520A01CE}
,c3d95d96413c9795e5b1badc19835cb0,4th St & K St NE,3062,Yes,Completed,No,No,No,No,Recall,No,No,,Active,6,38.902523,-77.000577,,51782,{55DC0F5C-7F48-384D-E063-782F520A01CE}
,63a90d269740504352a232a818276ddb,"4th St & Valley Ave, Xenia St SE",4162,Yes,Completed,All-Ped Phase,No,No,No,Recall,No,No,,Active,8,38.83300518,-77.00053,,51783,{55DC0F5C-7F49-384D-E063-782F520A01CE}
,73e35fbe70f0e92530e124fab0eb3463,"6th St & F St NW, Abe Pollin Wy",2042,Yes,Completed,No,No,No,No,Recall,No,No,,Active,2,38.897352,-77.01991,,51784,{55DC0F5C-7F4A-384D-E063-782F520A01CE}
,b49de2e1bf7eba8bbb05d2634bd85f23,New Jersey Ave NW & E St NW,2150,Yes,Completed,No,No,No,No,Recall,No,No,,Active,6,38.89613,-77.011437,,51785,{55DC0F5C-7F4B-384D-E063-782F520A01CE}
,889fd7d1fd5e3bdc945c219c4f927c90,11th St & E St NW,2102,Yes,Completed,No,No,No,No,Recall,No,Yes,,Active,2,38.896164,-77.02703,,51786,{55DC0F5C-7F4C-384D-E063-782F520A01CE}
,2a371255c03669f1635c516f7894153e,6th St & E St NW,2041,Yes,Completed,No,No,No,No,Recall,No,Yes,,Active,2,38.896126,-77.019901,,51787,{55DC0F5C-7F4D-384D-E063-782F520A01CE}
,6cec8551307571082341b1172c687590,"8th St, Gallaudet University Entrance & Florida Ave NE",3082,Yes,Completed,No,No,No,Yes,Recall,No,Yes,,Active,6,38.904779,-76.994936,,51788,{55DC0F5C-7F4E-384D-E063-782F520A01CE}
,2668a3b665a15421ed5fc58595ff19aa,WOODLEY ROAD NW AND WISCONSIN AVENUE NW,6155,Yes,Completed,No,No,No,Yes,Recall,No,No,,Active,3,38.93187888,-77.0726521,,51789,{55DC0F5C-7F4F-384D-E063-782F520A01CE}
,e0b401a28f71743b52fef498ad622a8f,M STREET NW AND WISCONSIN AVENUE NW,6142,Yes,Completed,No,No,No,No,Recall,No,No,,Active,2,38.90518446,-77.06281375,,51790,{55DC0F5C-7F50-384D-E063-782F520A01CE}
,0767042ced621609ea08449be35aeba7,10th St & Massachusetts Ave NW,2095,Yes,Completed,No,No,No,No,Recall,No,No,,Active,2,38.903597,-77.025986,,51791,{55DC0F5C-7F51-384D-E063-782F520A01CE}
,468dac9da8da872b1e40b27d6c98d7fb,11th St & C St SE,4034,Yes,Completed,No,No,No,No,Recall,No,No,,Active,6,38.886057,-76.991533,,51792,{55DC0F5C-7F52-384D-E063-782F520A01CE}
,a78856788a5c62f35c1c9773e0457155,19th St & M St NW,1113,Yes,Completed,No,No,No,No,Recall,No,No,,Active,2,38.905658,-77.043455,,51793,{55DC0F5C-7F53-384D-E063-782F520A01CE}
,,Calvert St & Shoreham Hotel Dwy/Ped Crossing NW,6055,No,No Signage,No,No,No,No,Actuated,No,No,,Active,3,38.923364,-77.054749,,51794,{55DC0F5C-7F54-384D-E063-782F520A01CE}
,1d0d2d21837437ea1281e84114cbc179,FOXHALL ROAD NW AND DEERFIELD ROAD NW,6208,Yes,No Signage,No,No,No,No,Recall,No,No,,Active,3,38.91803404,-77.08877523,,51795,{55DC0F5C-7F55-384D-E063-782F520A01CE}
,51657886a339043f755c97235a600770,7th St & N St NW,2064,Yes,Completed,No,No,No,Yes,Recall,No,No,,Active,2,38.907247,-77.021922,,51796,{55DC0F5C-7F56-384D-E063-782F520A01CE}
,6842a7b8bf04caf8f5ba5fa20afd459b,Kentucky Ave & South Carolina Ave SE,4058,Yes,Completed,No,No,No,No,Recall,No,No,,Active,6,38.886234,-76.987279,,51797,{55DC0F5C-7F57-384D-E063-782F520A01CE}
,30c39b7adaecc7446c7c64e992fca004,10th St & North Carolina Ave SE,4033,Yes,Completed,No,No,No,No,Recall,No,No,,Active,6,38.88884,-76.992646,,51798,{55DC0F5C-7F58-384D-E063-782F520A01CE}
,3a840e22d4966abbf2a85f46704fdab7,34th St & Benning Rd NE,4067,Yes,Completed,No,No,No,No,Recall,No,No,,Active,7,38.896513,-76.957475,,51799,{55DC0F5C-7F59-384D-E063-782F520A01CE}
,8c94bf81399564ad3037c147b0f688b4,"NANNIE HELENS BURROUGHS AVE AND KENILWORTH AVE (EAST), NE",4078,Yes,No Signage,No,No,No,No,Actuated,No,Yes,,Active,7,38.90234161,-76.94360301,,51800,{55DC0F5C-7F5A-384D-E063-782F520A01CE}
,fcf150e3545864dcd5ba8600d658ba97,"Southern Ave & Owens Rd, Bonini Rd SE",4156,Yes,No Signage,No,No,No,No,Recall,No,Yes,,Active,8,38.825299,-76.996047,,51801,{55DC0F5C-7F5B-384D-E063-782F520A01CE}
,0c7345bf72b8825ca0badbd091d2e19f,Georgia Ave & Irving St NW,5133,Yes,Completed,No,No,Yes,Yes,Recall,No,No,,Active,1,38.929039,-77.023231,,51802,{55DC0F5C-7F5C-384D-E063-782F520A01CE}
,ee426337b5a6579a798a3d7904276bc4,19th St & C St NE,3130,Yes,Completed,No,Yes,No,No,Recall,No,Yes,,Active,7,38.893314,-76.977256,,51803,{55DC0F5C-7F5D-384D-E063-782F520A01CE}
,f68880c7205321a6224278b35f04440f,New York Ave & Fenwick St NE,3182,Yes,No Signage,No,No,No,No,Actuated,No,Yes,,Active,5,38.91562033,-76.98520868,,51804,{55DC0F5C-7F5E-384D-E063-782F520A01CE}
,8157b4d230cef825cf71d3a00a57d04c,14th St & Decatur St NW,5056,Yes,Completed,No,No,No,No,Recall,No,Planned,,Active,4,38.948265,-77.032731,,51805,{55DC0F5C-7F5F-384D-E063-782F520A01CE}
,53769e5d2124062bdef5e3718f2dadca,3rd St & Independence Ave SW,2182,Yes,Completed,No,No,No,No,Recall,No,No,,Active,2,38.887585,-77.015206,,51806,{55DC0F5C-7F60-384D-E063-782F520A01CE}
,dad606a06ae6d77afb1050ead3898e55,RENO ROAD NW AND NEBRASKA AVENUE NW,6118,Yes,Completed,No,No,No,No,Recall,No,Yes,,Active,3,38.95388692,-77.07225643,,51807,{55DC0F5C-7F61-384D-E063-782F520A01CE}
,1efaf31e1d1166bbc99b8850b8a2e7e6,4th St & Lincoln Rd NE,3227,Yes,Completed,No,Yes,No,No,Recall,No,Yes,,Active,5,38.926572,-77.000561,,51808,{55DC0F5C-7F62-384D-E063-782F520A01CE}
,2324afe169a1c2bd794980952618092f,33rd Pl & South Dakota Ave NE,3248,Yes,No Signage,No,No,No,No,Actuated,No,Yes,,Active,5,38.920058,-76.957559,,51809,{55DC0F5C-7F63-384D-E063-782F520A01CE}
,e6e09304618d6867724677395892b175,15th St & U St NW,1048,Yes,Completed,No,Yes,Yes,No,Recall,No,Yes,,Active,2,38.917008,-77.034536,,51810,{55DC0F5C-7F64-384D-E063-782F520A01CE}
,bb94eae8057c10e4d1a66802d585c076,Martin Luther King Jr Ave & Pecan St SE,4300,Yes,No Signage,No,No,No,No,Recall,No,Yes,,Active,8,38.85009192,-76.99594143,,51811,{55DC0F5C-7F65-384D-E063-782F520A01CE}
,fba7d986ddfaa52028c962d8a1f1f211,23rd St & P St NW,1163,Yes,Completed,No,No,No,No,Recall,No,No,,Active,2,38.909645,-77.049336,,51812,{55DC0F5C-7F66-384D-E063-782F520A01CE}
,37d91fcce74dc6af4b1d05d679289306,Rhode Island Ave & 5th St NE (Engine Company 12),3445,No,Completed,No,No,No,No,Actuated,No,Yes,,Active,5,38.920163,-76.999475,,51813,{55DC0F5C-7F67-384D-E063-782F520A01CE}
,f524fdace4bdbb7364b0b98121b8e2dd,18th St & C St NW,1256,Yes,No Signage,No,No,No,No,Recall,No,No,,Active,2,38.893539,-77.041743,,51814,{55DC0F5C-7F68-384D-E063-782F520A01CE}
,60a2fd61a69a46bcdbfa2a11edf9a767,6th St & H St NE,3075,Yes,Completed,No,No,No,No,Recall,No,No,,Active,6,38.900214,-76.998448,,51815,{55DC0F5C-7F69-384D-E063-782F520A01CE}
,ef9a57af14fe576ad2c42a29f89dee83,15th St & Q St NW,1043,Yes,Completed,No,No,No,No,Recall,No,No,,Active,2,38.911135,-77.034559,,51816,{55DC0F5C-7F6A-384D-E063-782F520A01CE}
,81390be33abd49f204cae187d73395fb,"16th St, New Hampshire Ave & U St NW",1061,Yes,Completed,No,Yes,Yes,No,Recall,No,No,,Active,2,38.917004,-77.036513,,51817,{55DC0F5C-7F6B-384D-E063-782F520A01CE}
,5bf73113ddbd196f37a52c1a9abfe82e,Suitland Pkwy & Stanton Rd SE,4196,Yes,Completed,No,No,No,No,Actuated,No,Yes,,Active,8,38.853286,-76.983297,,51818,{55DC0F5C-7F6C-384D-E063-782F520A01CE}
,5281c27e63da41ae44b82b5c1576b77b,21st St & Constitution Ave NW,1133,Yes,No Signage,No,No,No,No,Recall,No,Yes,,Active,2,38.892113,-77.046695,,51819,{55DC0F5C-7F6D-384D-E063-782F520A01CE}
,94a7b095e5e7433815866cceae12f8f7,5th St & K St NE,3068,Yes,Completed,No,No,No,No,Recall,No,No,,Active,6,38.902514,-76.999515,,51820,{55DC0F5C-7F6E-384D-E063-782F520A01CE}
,1c560002a6c2eb591f4b285dc37d39fd,New Jersey Ave & N St NW,3253,Yes,Completed,No,No,No,No,Recall,No,No,,Active,5,38.907249,-77.01544,,51821,{55DC0F5C-7F6F-384D-E063-782F520A01CE}
,41188d5a07389e4a29923425fcd6de99,1st St & D St NW,2003,Yes,Completed,No,No,No,No,Recall,No,No,,Active,6,38.894793,-77.012167,,51822,{55DC0F5C-7F70-384D-E063-782F520A01CE}
,5dd2e7f6e9ed920c2f1a14d3b8bae4fb,12th St & G St NW,2119,Yes,Completed,No,No,No,No,Recall,No,No,,Active,2,38.89832,-77.028068,,51823,{55DC0F5C-7F71-384D-E063-782F520A01CE}
,810324ecc028bb6edb22eb1bad279823,20th St & Virginia Ave NW,1131,Yes,No Signage,All-Ped Phase,Yes,No,No,Recall,No,Yes,,Active,2,38.894554,-77.045197,,51825,{55DC0F5C-7F73-384D-E063-782F520A01CE}
,7226e34caa94b47ad79dacd9acfea6bb,14th St & Jefferson Dr SW,1224,Yes,Completed,No,No,No,No,Recall,No,No,,Active,2,38.888615,-77.031952,,51826,{55DC0F5C-7F74-384D-E063-782F520A01CE}
,0d5e5000fedd3f13f32785b72619a20f,4th St & Florida Ave NE,3060,Yes,Completed,No,No,No,No,Recall,No,Yes,,Active,5,38.907186,-77.000486,,51827,{55DC0F5C-7F75-384D-E063-782F520A01CE}
,c4bae42ed969c69e250e4e2219198eef,22nd St & E Capitol St (North),3435,No,No Signage,No,No,No,No,Actuated,No,No,,Active,7,38.890218,-76.973823,,51828,{55DC0F5C-7F76-384D-E063-782F520A01CE}
,3a7442c05a3b3cb8b62f6d22413fb5ae,GARFIELD STREET NW AND WISCONSIN AVENUE NW,6138,Yes,Completed,No,No,No,Yes,Recall,No,No,,Active,3,38.92753677,-77.07319193,,51829,{55DC0F5C-7F77-384D-E063-782F520A01CE}
,3b58d020527ff837907dd6834aa41ce6,8th St & Monroe St NE,3464,Yes,No Signage,No,No,No,No,Recall,No,Yes,,Active,5,38.932378,-76.994983,,51830,{55DC0F5C-7F78-384D-E063-782F520A01CE}
,b8c627c1d26d27f96e7a235c6a1da28a,"13th St, Kentucky Ave & Independence Ave SE",4044,Yes,Completed,No,No,No,No,Recall,No,No,,Active,6,38.88760095,-76.98831749,,51831,{55DC0F5C-7F79-384D-E063-782F520A01CE}
,b2e293040e4f3853799e58a0c0f53311,8th St SE & G St SE,4025,Yes,Completed,No,No,No,No,Recall,No,No,,Active,6,38.881289,-76.994943,,51832,{55DC0F5C-7F7A-384D-E063-782F520A01CE}
,cd5664b3d69718e8be700b7900f81e33,Delaware Ave & Massachusetts Ave (WB) NE,2170,No,Completed,No,No,No,No,Recall,No,Yes,,Active,6,38.896054,-77.006719,,51833,{55DC0F5C-7F7B-384D-E063-782F520A01CE}
,0600876d9cd05ce968f9a86e4e466caa,4th St & H St NE,3061,Yes,Completed,No,No,No,No,Recall,No,No,,Active,6,38.900217,-77.000577,,51834,{55DC0F5C-7F7C-384D-E063-782F520A01CE}
,406467f8780e5653833751abeedf9fe6,GEORGIA AVENUE NW AND MAIN DRIVE NW,5120,Yes,Completed,No,No,No,Yes,Recall,No,Yes,,Active,4,38.97362451,-77.02688897,,51835,{55DC0F5C-7F7D-384D-E063-782F520A01CE}
,7e21c19450b2740775928c8f4fdacfb0,2nd St & E St NW,2012,Yes,Completed,No,No,No,No,Recall,No,No,,Active,6,38.896125,-77.01366,,51836,{55DC0F5C-7F7E-384D-E063-782F520A01CE}
,8e1cd3bfad127895a602ea68540222db,23rd St & I St NW,1159,Yes,Completed,No,No,No,Yes,Recall,No,No,,Active,2,38.900696,-77.050124,,51837,{55DC0F5C-7F7F-384D-E063-782F520A01CE}
,a254b7f2ff93dd48cb0b62a409304f4c,"Independence Ave SW (Eastbound) & Kutz Bridge, Tidal Basin (West)",1004,No,No Signage,No,No,No,No,TOD Recall,No,Yes,,Active,2,38.88693877,-77.04109912,,51838,{55DC0F5C-7F80-384D-E063-782F520A01CE}
,67b30276832fc423a608fb53afcb6f4b,9th St & Pennsylvania Ave SE,4032,Yes,Completed,No,No,No,No,Recall,No,Yes,,Active,6,38.883694,-76.993755,,51839,{55DC0F5C-7F81-384D-E063-782F520A01CE}
,f3d9e3ab0d38f1ef5a560dd617b3af22,17th St & N of Independence (Washington Monument & WW II Memorial Ped Crossing),1071,No,No Signage,No,No,No,No,TOD Recall,No,Yes,,Active,2,38.889915,-77.03948,,51840,{55DC0F5C-7F82-384D-E063-782F520A01CE}
,7777ca5c109f19f0fa206407796f4488,WISCONSIN AVENUE NW AND 34TH STREET NW,6030,Yes,Completed,All-Ped Phase,No,No,No,Recall,No,No,,Active,2,38.91576911,-77.06779707,,51841,{55DC0F5C-7F83-384D-E063-782F520A01CE}
,,"NEBRSAKA AVE MID-BLOCK BETWEEN NEW MEXICO AVE AND WARD CIRCLE, NW (HAWK)",6269,No,No Signage,No,No,No,No,Actuated,Yes,Yes,,Active,3,38.936429,-77.087207,,51842,{55DC0F5C-7F84-384D-E063-782F520A01CE}
,35e28779f6fc3e63e31193902d268129,MASSACHUSETTS AVENUE NW AND GOLDSBOROUGH AVENUE NW,6026,No,No Signage,No,No,No,Yes,Recall,No,No,,Active,3,38.92432761,-77.06635223,,51843,{55DC0F5C-7F85-384D-E063-782F520A01CE}
,c9c5c18b2a42a47085241179ee91ffe5,3rd St & M St SE,2243,Yes,Completed,No,No,No,No,Recall,No,Yes,,Active,8,38.876498,-77.002046,,51844,{55DC0F5C-7F86-384D-E063-782F520A01CE}
,efbe8ccd2087f094c2fe8653e021180f,6th St & Pennsylvania Ave SE,4018,Yes,Completed,No,No,No,No,Recall,No,Yes,,Active,6,38.88562,-76.998464,,51845,{55DC0F5C-7F87-384D-E063-782F520A01CE}
,9c5f7baa3dc6399a3291f23443fec9bf,WISCONSIN AVENUE NW AND S STREET NW,6249,Yes,Completed,No,No,No,No,Recall,No,No,,Active,2,38.91470696,-77.0672067,,51846,{55DC0F5C-7F88-384D-E063-782F520A01CE}
,0de77e93fe179542c9061ba8faedfe62,"MALCOLM X AVE, I-295 RAMP A, RAMP B AND RAMP G, SE",4283,No,No Signage,No,No,No,No,Actuated,No,Yes,,Active,8,38.84509481,-77.0059246,,51847,{55DC0F5C-7F89-384D-E063-782F520A01CE}
,8fd9a69f03cd13fb426a9f6eb576e073,CONNECTICUT AVENUE NW AND VAN NESS STREET NW,6082,Yes,Completed,No,No,No,No,Recall,No,No,,Active,3,38.94316202,-77.06292318,,51848,{55DC0F5C-7F8A-384D-E063-782F520A01CE}
,b3b5e7a34025efb2da0b9cf84e70ce4a,NEBRASKA AVENUE NW AND CHESAPEAKE STREET NW,6206,Yes,Completed,No,No,No,No,Recall,No,No,,Active,3,38.95073945,-77.07494676,,51849,{55DC0F5C-7F8B-384D-E063-782F520A01CE}
,01c1ef4fc4e902683747a9445f639f0a,4th St & E Capitol St,4063,Yes,Completed,No,No,No,No,Recall,No,No,,Active,6,38.889818,-77.000579,,51850,{55DC0F5C-7F8C-384D-E063-782F520A01CE}
,c48125c0fe5a3d9248d4aee42eed4a3e,13th St & M St NW,2139,Yes,Completed,No,No,No,No,Recall,No,No,,Active,2,38.905666,-77.029631,,51851,{55DC0F5C-7F8D-384D-E063-782F520A01CE}
,864fd4818301eb3bb97f72539f54dfe4,"25th St, Naylor Rd & Marion Barry Ave SE (Good Hope Rd)",4117,Yes,Completed,No,No,No,No,Actuated,No,Yes,,Active,8,38.86123052,-76.96937557,,51852,{55DC0F5C-7F8E-384D-E063-782F520A01CE}
,a01e1581f0c54c313d7af7e6d6ee2e24,Connecticut Ave & T St NW,1179,Yes,Completed,No,No,No,No,Recall,No,Planned,,Active,2,38.91599681,-77.04634738,,51853,{55DC0F5C-7F8F-384D-E063-782F520A01CE}
,d75b2ecc6ce40e90be43d76e10f45044,12th St & M St NW,2124,Yes,Completed,No,No,No,No,Recall,No,No,,Active,2,38.905654,-77.028078,,51854,{55DC0F5C-7F90-384D-E063-782F520A01CE}
,514bf075f169b059602bb30709d007ca,13th St & W St NW,5052,Yes,Completed,No,No,No,No,Recall,No,No,,Active,1,38.919192,-77.029621,,51855,{55DC0F5C-7F91-384D-E063-782F520A01CE}
,efee5958d882fe75055aeb9f523a5ac3,"WISC AVE AND WHITEHAVEN ST, WHTHVEN PWY,NW",6154,Yes,Completed,No,No,No,No,Recall,No,No,,Active,2,38.916839,-77.068651,,51856,{55DC0F5C-7F92-384D-E063-782F520A01CE}
,5b16259134d375cda009f876f7d1fce4,MASSACHUSETTS AVENUE NW AND GARFIELD STREET NW,6107,Yes,Completed,No,No,No,Yes,Recall,No,No,,Active,3,38.92753378,-77.07168147,,51857,{55DC0F5C-7F93-384D-E063-782F520A01CE}
,6e6e8a325b1dd3b442fdc29987a003cd,"18th St, Michigan Ave & Varnum St NE",3163,Yes,Completed,No,No,No,No,Recall,No,No,,Active,5,38.942914,-76.980461,,51858,{55DC0F5C-7F94-384D-E063-782F520A01CE}
,f3630c887c7f666c055c448e0b91a7cb,17th St NW & Q St NW,1080,Yes,Completed,No,No,No,No,Recall,No,No,,Active,2,38.911135,-77.038487,,51859,{55DC0F5C-7F95-384D-E063-782F520A01CE}
,7c570da3ca0fb71fc4b3caa5d58e720f,"10th St, L 'Enfant Plaza & Independence Ave SW",1215,Yes,No Signage,No,No,No,No,Recall,No,No,,Active,6,38.887567,-77.025976,,51860,{55DC0F5C-7F96-384D-E063-782F520A01CE}
,46bf700526b2ad0bb17146ddd3bb5cac,5th St & H St NW,2034,Yes,No Signage,No,No,No,No,Recall,No,No,,Active,2,38.899818,-77.018935,,51861,{55DC0F5C-7F97-384D-E063-782F520A01CE}
,36f1d3cdc2a21a1280f62636977ffd95,"3rd St & Maryland Ave, Constitution Ave NE",3054,Yes,Completed,No,No,No,No,Recall,No,Yes,,Active,6,38.892557,-77.002047,,51862,{55DC0F5C-7F98-384D-E063-782F520A01CE}
,c2bc1652aa8235a4eac10e1a2cf46965,FOXHALL ROAD NW AND WHITEHAVEN PARKWAY NW,6164,Yes,No Signage,No,No,No,No,Actuated,No,No,,Active,3,38.91644744,-77.08870682,,51863,{55DC0F5C-7F99-384D-E063-782F520A01CE}
,6ef7021d4f15ab724ee56b77234b89ef,8th St NW & E St NW,2067,Yes,Completed,No,No,No,No,Recall,No,No,,Active,2,38.896132,-77.022977,,51864,{55DC0F5C-7F9A-384D-E063-782F520A01CE}
,649fa1ac1f50f6a2b9647736e61e113d,Georgia Ave & Hamilton St NW,5293,No,No Signage,No,No,No,No,Actuated,Yes,Yes,,Active,4,38.952906,-77.027578,,51865,{55DC0F5C-7F9B-384D-E063-782F520A01CE}
,fc06db2863e5f250fa4a088f92845520,"23rd St, New Hampshire Ave & Washington Cir NW",1197,Yes,Completed,No,No,No,No,Recall,No,Yes,,Active,2,38.90199448,-77.0501222,,51866,{55DC0F5C-7F9C-384D-E063-782F520A01CE}
,f9ab78841563c011bf6f5b367cb05352,"3rd St, Kansas Ave & Jefferson St NW",5004,Yes,Completed,No,No,No,No,Recall,No,No,,Active,4,38.955284,-77.016007,,51867,{55DC0F5C-7F9D-384D-E063-782F520A01CE}
,e1cdf2d07841e3e8feea805883c9c9de,10th St NE & Michigan Ave NE,3159,Yes,Completed,No,No,No,No,Recall,No,Yes,,Active,5,38.935275,-76.992938,,51868,{55DC0F5C-7F9E-384D-E063-782F520A01CE}
,12381b95b91bf587b88bfab3392ac9f2,9th St & N St NW,2238,Yes,Completed,No,No,No,Yes,Recall,No,No,,Active,2,38.907259,-77.023985,,51869,{55DC0F5C-7F9F-384D-E063-782F520A01CE}
,e64839fe513d03e68967a02d9fac6b27,Mt Olivet Rd & Trinidad Ave NE,3251,Yes,Completed,No,No,No,No,Recall,No,No,,Active,5,38.909012,-76.982228,,51870,{55DC0F5C-7FA0-384D-E063-782F520A01CE}
,e24fc2e58723a143e119e3090e4d891b,Georgia Ave & Buchanan St NW,5119,Yes,No Signage,No,No,No,Yes,Recall,No,No,,Active,4,38.946123,-77.026603,,51871,{55DC0F5C-7FA1-384D-E063-782F520A01CE}
,0dec0a307e13d998d73d431f305d20df,6th St & E St SW,1200,Yes,Completed,No,No,No,No,Recall,No,No,,Active,6,38.883253,-77.019906,,51872,{55DC0F5C-7FA2-384D-E063-782F520A01CE}
,588ee53c8fa54b1f69b3ff9e18e3949f,16th St & Kalorama Rd NW,5280,No,No Signage,No,No,No,No,Actuated,Yes,Yes,,Active,1,38.922696,-77.036496,,51873,{55DC0F5C-7FA3-384D-E063-782F520A01CE}
,4160c6f3ff10cfd4469cd16f79a77f87,PENNSYLVANIA AVENUE NW AND M STREET NW,6011,Yes,Completed,No,No,No,No,Recall,No,No,,Active,2,38.90524539,-77.05811152,,51874,{55DC0F5C-7FA4-384D-E063-782F520A01CE}
,8b8751f91a2d84fc83cfd8d864b77aff,13th St & Varnum St NE,3107,Yes,Completed,No,No,No,No,Recall,No,No,,Active,5,38.942869,-76.98831,,51875,{55DC0F5C-7FA5-384D-E063-782F520A01CE}
,008fc29a3d68f1a6814e45bb7b7be1ed,South Dakota Ave & Monroe St NE,3210,Yes,No Signage,No,No,No,No,Recall,No,No,,Active,5,38.933125,-76.973466,,51876,{55DC0F5C-7FA6-384D-E063-782F520A01CE}
,b7593108ee3c6125fe83bdbfc3b2e0e1,New Jersey Ave & D St NW,2149,Yes,Completed,No,No,No,No,Recall,No,No,,Active,6,38.894791,-77.010951,,51877,{55DC0F5C-7FA7-384D-E063-782F520A01CE}
,a1b5b2f6d631860c609bd96f2b9d5e74,New Hampshire Ave & Upshur St NW,5158,Yes,Completed,No,No,No,No,Recall,No,No,,Active,4,38.94202,-77.020079,,51878,{55DC0F5C-7FA8-384D-E063-782F520A01CE}
,234aaca7d321d409e2adbdf5e3a1c55a,4th St & Penn St NE,3473,Yes,No Signage,No,No,No,No,Recall,No,Yes,,Active,5,38.910584,-76.998072,,51879,{55DC0F5C-7FA9-384D-E063-782F520A01CE}
,a20a0075962323a6507e3e41ab4a3c7d,Georgia Ave & Allison St NW,5253,Yes,No Signage,No,No,No,Yes,Recall,No,No,,Active,4,38.945068,-77.026342,,51880,{55DC0F5C-7FAA-384D-E063-782F520A01CE}
,bed0dacff672db8446692c285ee47ba3,12th St & South Dakota Ave NE,3200,Yes,Completed,No,No,No,Yes,Recall,No,No,,Active,5,38.947613,-76.990243,,51881,{55DC0F5C-7FAB-384D-E063-782F520A01CE}
,dbceec7eb44a670bce362ffbdef7c876,11th St & I St SE,4037,Yes,Completed,No,No,No,No,Recall,No,No,,Active,6,38.879302,-76.991543,,51882,{55DC0F5C-7FAC-384D-E063-782F520A01CE}
,70de50c955ed08bd927ecc6d8260e04c,N Capitol St & L St,2220,Yes,No Signage,No,No,No,No,Recall,No,Yes,,Active,6,38.903752,-77.00906,,51883,{55DC0F5C-7FAD-384D-E063-782F520A01CE}
,c726219d385c08b013e04c1f71e46954,42nd St & Benning Rd NE,4069,Yes,No Signage,No,No,No,No,Recall,No,No,,Active,7,38.892946,-76.942612,,51884,{55DC0F5C-7FAE-384D-E063-782F520A01CE}
,7283f5a11ea93881149e4ac7c81f1567,14th St & C St NE,3108,Yes,Completed,No,No,No,No,Recall,No,No,,Active,6,38.893577,-76.98551,,51885,{55DC0F5C-7FAF-384D-E063-782F520A01CE}
,d7c75dc1ec5bcd6e6034b8efad65947e,Rhode Island Ave & Eastern Ave NE,3192,Yes,No Signage,No,No,No,No,Recall,No,Yes,,Active,5,38.935202,-76.963449,,51886,{55DC0F5C-7FB0-384D-E063-782F520A01CE}
,5464956172ab2fb717b050ea0daf0749,15th St & S St NW,1046,Yes,No Signage,No,No,No,No,Recall,No,No,,Active,2,38.9141,-77.034544,,51887,{55DC0F5C-7FB1-384D-E063-782F520A01CE}
,18a28cb509f5852d065fa4cedfcf8bf6,18th St & Benning Rd NE,3462,Yes,No Signage,No,No,No,No,Recall,No,Yes,,Active,5,38.899111,-76.977546,,51888,{55DC0F5C-7FB2-384D-E063-782F520A01CE}
,76ccccc91d05b952fd78f6dc438dd60c,New Jersey Ave & C St NW,2091,Yes,No Signage,No,No,No,No,Recall,No,No,,Active,6,38.89357,-77.01052,,51889,{55DC0F5C-7FB3-384D-E063-782F520A01CE}
,eb0d7224dc7b9d373542d65da5ba20eb,31st St SE & Pennsylvania Ave SE,4143,Yes,Completed,No,No,No,No,Actuated,No,Yes,,Active,7,38.870402,-76.963094,,51890,{55DC0F5C-7FB4-384D-E063-782F520A01CE}
,4def1f561e6ddea2f2f1db86a414cae4,Georgia Ave & Taylor St NW,5257,Yes,Completed,No,No,No,Yes,Recall,No,Yes,,Active,4,38.940815,-77.025239,,51891,{55DC0F5C-7FB5-384D-E063-782F520A01CE}
,88bd763ab403c0dda4e026da7869b985,"Nannie Helen Burroughs Ave, Deane Ave & Kenilworth Ave, Terrace NE",4194,No,Completed,No,No,No,No,Recall,No,Yes,,Active,7,38.90294838,-76.94465366,,51892,{55DC0F5C-7FB6-384D-E063-782F520A01CE}
,7e4865d868fb71fe0c8bbf8ecfb1e417,7th St & E St SW,1231,Yes,No Signage,No,No,No,No,Recall,No,No,,Active,6,38.883248,-77.021904,,51893,{55DC0F5C-7FB7-384D-E063-782F520A01CE}
,549ff741c2ebe62594967aa1b75d0552,"S Capitol St, Mississippi Ave SE & Atlantic St",4183,Yes,Completed,No,No,No,No,Recall,No,Yes,,Active,8,38.831403,-77.007611,,51894,{55DC0F5C-7FB8-384D-E063-782F520A01CE}
,bd9e4236571d2a263870c82f609d46e9,Michigan Ave & Children's National Hospital Dwy NW,5154,Yes,No Signage,No,No,No,No,Recall,No,No,,Active,5,38.926865,-77.015588,,51895,{55DC0F5C-7FB9-384D-E063-782F520A01CE}
,0026469271b914955c210dbb88321ce6,"N Capitol St, Louisiana Ave NW & D St NW",2213,No,No Signage,No,No,No,No,Recall,No,No,,Active,6,38.894809,-77.009488,,51896,{55DC0F5C-7FBA-384D-E063-782F520A01CE}
,0659114b9b855aa1a18e68e3f914e26d,ASPEN STREET NW AND GEORGIA AVE NW,5237,Yes,No Signage,No,No,No,Yes,Recall,No,Planned,,Active,4,38.9723617,-77.02702675,,51897,{55DC0F5C-7FBB-384D-E063-782F520A01CE}
,8213fa83c8c5be2ddeb94cb69c27545d,Georgia Ave & Fairmont St NW,5127,Yes,No Signage,No,No,No,Yes,Recall,No,No,,Active,1,38.925002,-77.022653,,51898,{55DC0F5C-7FBC-384D-E063-782F520A01CE}
,50ec83396a03bf9577d8993b42627275,3rd St & F St NW,2283,Yes,No Signage,No,No,No,No,Recall,No,Yes,,Active,6,38.897356,-77.015179,,51899,{55DC0F5C-7FBD-384D-E063-782F520A01CE}
,56b4a9c7030e30b3b0fbab1fcb694616,11th St & E Capitol St,4219,No,Completed,No,No,No,No,Recall,No,No,,Active,6,38.889809,-76.991538,,51900,{55DC0F5C-7FBE-384D-E063-782F520A01CE}
,c8766e0d8deca92d6c36937535d8a686,N Capitol St & Pierce St NW,2295,Yes,No Signage,No,No,No,No,Recall,No,Yes,,Active,6,38.904698,-77.009062,,51901,{55DC0F5C-7FBF-384D-E063-782F520A01CE}
,12800671291ae714f21ae7e88cb00fbe,RITTENHOUSE STREET NW AND GEORGIA AVENUE NW,5145,Yes,No Signage,No,No,No,Yes,Recall,No,No,,Active,4,38.96496154,-77.02771234,,51902,{55DC0F5C-7FC0-384D-E063-782F520A01CE}
,12875ae0fab9f5dd77054689a4115ab1,"2nd St & D St SW, I-395 SB On-Ramp",2176,Yes,Completed,No,No,No,No,Recall,No,No,,Active,6,38.88507,-77.013668,,51903,{55DC0F5C-7FC1-384D-E063-782F520A01CE}
,0a98fe2c36503f254edc4b5139ec1ad1,EASTERN AVENUE NW AND BLAIR ROAD NW,5124,No,No Signage,No,No,No,Yes,Recall,No,No,,Active,4,38.98468217,-77.02661989,,51904,{55DC0F5C-7FC2-384D-E063-782F520A01CE}
,291db0527cb0f0fe7607553a3b597800,22nd St & M St NW,1150,Yes,Completed,No,Yes,No,No,Recall,No,No,,Active,2,38.905268,-77.048807,,51905,{55DC0F5C-7FC3-384D-E063-782F520A01CE}
,4bc47c3c8d2cc0e66aca6ecef7190227,12th St & F St NW,2118,Yes,Completed,No,No,No,No,Recall,No,No,,Active,2,38.897347,-77.028072,,51906,{55DC0F5C-7FC4-384D-E063-782F520A01CE}
,d9b5bc37e634e012cc7ee68ac0ae65f8,ALBEMARLE STREET NW AND RENO ROAD NW,6122,Yes,Completed,No,No,No,No,Recall,No,No,,Active,3,38.94790703,-77.0725803,,51907,{55DC0F5C-7FC5-384D-E063-782F520A01CE}
,71e97dc5369f0ec2adcdc955402a1ab6,18th St & Pennsylvania Ave NW,1098,Yes,No Signage,No,No,No,No,Recall,No,Planned,,Active,2,38.89961,-77.041714,,51908,{55DC0F5C-7FC6-384D-E063-782F520A01CE}
,818cb9e9c20bae6a05710ba2c213799f,2nd St & K St NE,3048,Yes,Completed,No,No,No,No,Recall,No,Yes,,Active,6,38.90252267,-77.00357119,,51909,{55DC0F5C-7FC7-384D-E063-782F520A01CE}
,fe408eaa596ff47aacc599cdd598b2c3,9th St & T St NW,2241,Yes,Completed,No,No,No,No,Recall,No,Yes,,Active,1,38.91559,-77.023976,,51910,{55DC0F5C-7FC8-384D-E063-782F520A01CE}
,,14th St & Federal Triangle Bldg Dwy S,1003,Yes,No Signage,No,No,No,No,TOD Recall,No,No,,Active,2,38.893191,-77.03197,,51911,{55DC0F5C-7FC9-384D-E063-782F520A01CE}
,07a3bbdfcde5505fa0d246e2676bbc28,4th St & E St NE,3058,Yes,Completed,No,No,No,No,Recall,No,No,,Active,6,38.896121,-77.000589,,51912,{55DC0F5C-7FCA-384D-E063-782F520A01CE}
,831417fcb7844d8843b149f681cc8b87,CHESAPEAKE STREET NW AND WISCONSIN AVENUE NW,6274,Yes,No Signage,No,No,No,No,Recall,No,Yes,,Active,3,38.95106158,-77.08076921,,51913,{55DC0F5C-7FCB-384D-E063-782F520A01CE}
,e3d31bc39a58282145b396eeecf94bc5,26th St & Benning Rd NE,3136,Yes,Completed,No,No,No,No,Recall,No,Yes,,Active,5,38.897855,-76.970426,,51914,{55DC0F5C-7FCC-384D-E063-782F520A01CE}
,1fec8615d5ec05c547a9476cd261be26,Michigan Ave & Eastern Ave NE,3165,Yes,No Signage,No,No,No,No,Recall,No,Yes,,Active,5,38.946179,-76.978055,,51915,{55DC0F5C-7FCD-384D-E063-782F520A01CE}
,79ed7de5c875e31efbeb65f14948d70e,18th St & S St NW,1236,Yes,No Signage,No,No,No,No,Recall,No,No,,Active,2,38.914094,-77.041665,,51916,{55DC0F5C-7FCE-384D-E063-782F520A01CE}
,3976cbea83bfae5bc5264526189c3562,"WISCONSIN AVE AND DUMBARTON ST AND O ST,NW",6134,Yes,Completed,No,No,No,No,Recall,No,No,,Active,2,38.90772275,-77.06351118,,51917,{55DC0F5C-7FCF-384D-E063-782F520A01CE}
,aa205ed493bcbe9cd86470c5178f5a46,"7th St, Georgia Ave & Florida Ave NW",2056,Yes,Completed,No,No,No,Yes,Recall,No,Yes,,Active,1,38.916284,-77.021925,,51918,{55DC0F5C-7FD0-384D-E063-782F520A01CE}
,4c8db983525e585da20bcf7af8a6e246,34TH STREET NW AND LOWELL STREET NW,6240,Yes,Completed,TOD All-Ped Phase,No,No,No,Recall,No,No,,Active,3,38.93254923,-77.06638631,,51919,{55DC0F5C-7FD1-384D-E063-782F520A01CE}
,1afd02668d60e4b43c0cd4b9075e7563,9th St & T St NE,3091,Yes,No Signage,No,No,No,No,Actuated,No,Yes,,Active,5,38.915559,-76.993752,,51920,{55DC0F5C-7FD2-384D-E063-782F520A01CE}
,ff47a57adf315f9090795217301e0f8c,4th St & Pennsylvania Ave SE,4013,Yes,Completed,No,No,No,No,Recall,No,Yes,,Active,6,38.886484,-77.000581,,51921,{55DC0F5C-7FD3-384D-E063-782F520A01CE}
,a7366cf0e29d734c4a5e5412ddef0373,17th St & L St NW,1073,Yes,Completed,No,No,No,No,Recall,No,No,,Active,2,38.903743,-77.038512,,51922,{55DC0F5C-7FD4-384D-E063-782F520A01CE}
,c681d21febb0f7887b203bc605f3f2a2,"8th St, I-695 East On Ramp (Ramp D) & Virginia Ave SE",4029,No,No Signage,No,Yes,No,No,Recall,No,Yes,,Active,6,38.87822356,-76.99497588,,51923,{55DC0F5C-7FD5-384D-E063-782F520A01CE}
,aef9c86831fe5db40bfb9ce139950cf1,Independence Ave & Washington Ave SW,2204,Yes,No Signage,No,No,No,No,Recall,No,No,,Active,6,38.887572,-77.013851,,51924,{55DC0F5C-7FD6-384D-E063-782F520A01CE}
,d1108cdcc630903ce3165eae2e130d42,ALASKA AVENUE NW AND 16TH STREET NW,5081,Yes,No Signage,No,No,No,Yes,Recall,No,No,,Active,4,38.97487152,-77.03636594,,51925,{55DC0F5C-7FD7-384D-E063-782F520A01CE}
,d6ad2d743366d53f5feab1abd3d22f02,"Howard Rd & Anacostia Local Metrorail Station Entrance, SE",4246,Yes,No Signage,No,No,No,No,Recall,No,No,,Active,8,38.86203268,-76.99445556,,51926,{55DC0F5C-7FD8-384D-E063-782F520A01CE}
,449795f47b12aa43e5b427d0e1ffc5a2,Ward Cir NW,6157,No,No Signage,No,No,No,No,Recall,No,Yes,,Active,3,38.937946,-77.085923,,51927,{55DC0F5C-7FD9-384D-E063-782F520A01CE}
,8f93b66a5da58abe2aa35eac036a1af9,34TH STREET NW AND MACOMB STREET NW,6025,Yes,Completed,No,No,No,No,Recall,No,No,,Active,3,38.93349879,-77.0663918,,51928,{55DC0F5C-7FDA-384D-E063-782F520A01CE}
,62103bad3e542f023e0648a7f9558736,"Eastern Ave NE & Randolph St NE, Bunker Hill Rd",3463,Yes,No Signage,No,No,No,No,Actuated,No,Yes,,Active,5,38.937868,-76.966855,,51929,{55DC0F5C-7FDB-384D-E063-782F520A01CE}
,fe4a511f3de50875c367428ee8b25d54,Taylor St & Harewood Rd NE,5205,No,Completed,No,No,No,No,Recall,No,No,,Active,5,38.940749,-77.003159,,51930,{55DC0F5C-7FDC-384D-E063-782F520A01CE}
,2c41ae5a681a92300cfc3b7bebae8b78,Constitution Ave & New Jersey Ave NW,2147,Yes,Completed,No,No,No,No,Recall,No,No,,Active,6,38.892087,-77.010007,,51931,{55DC0F5C-7FDD-384D-E063-782F520A01CE}
,9e1a3e08a048b1843af6a57a84ae17e4,Calvert St & Biltmore St NW,6236,Yes,Completed,No,No,No,No,Recall,No,No,,Active,1,38.923259,-77.04735,,51932,{55DC0F5C-7FDE-384D-E063-782F520A01CE}
,9bfffbbf6c98fc281872f0bea1f6bacb,Georgia Ave & Decatur St NW,5123,Yes,Completed,No,No,No,Yes,Recall,No,No,,Active,4,38.948258,-77.02694,,51933,{55DC0F5C-7FDF-384D-E063-782F520A01CE}
,788fb48aa8800b5011dac2dc3c3df4ff,12th St & New York Ave NW,2126,Yes,Completed,No,No,No,No,Recall,No,No,,Active,2,38.900745,-77.028094,,51934,{55DC0F5C-7FE0-384D-E063-782F520A01CE}
,7fa787d598182ac1754e4e6fa8e77acd,Foxhall Rd & St. Patricks Episcopal School Dwy,6260,Yes,No Signage,No,No,No,No,Actuated,No,No,,Active,3,38.91473872,-77.08712134,,51935,{55DC0F5C-7FE1-384D-E063-782F520A01CE}
,ea8592cb169c02cc3de39cfc24d8d92e,1st St & N St SE,2264,Yes,Completed,No,No,No,No,Recall,No,No,,Active,8,38.87464331,-77.00586606,,51936,{55DC0F5C-7FE2-384D-E063-782F520A01CE}
,cbeccfda5c67372f33e05ee4545a3faa,11th St & I-695 Ramp D3,4262,Yes,No Signage,No,No,No,No,Actuated,No,Yes,,Active,6,38.87766281,-76.99153847,,51937,{55DC0F5C-7FE3-384D-E063-782F520A01CE}
,60b99cb00e6167203ea1a575beb0d63c,15th St & Pennsylvania Ave SE,4051,Yes,Completed,No,No,No,No,Recall,No,Yes,,Active,6,38.879583,-76.983674,,51938,{55DC0F5C-7FE4-384D-E063-782F520A01CE}
,e9f736436cd1154d6ccafe62d44cec57,2nd St & Washington Ave SW,2276,Yes,Completed,No,No,No,No,Recall,No,Yes,,Active,6,38.88714557,-77.01351976,,51939,{55DC0F5C-7FE5-384D-E063-782F520A01CE}
,f51a10ea9792f6f3b774c20fe7134a39,Wheeler Rd & Mississippi Ave SE,4164,Yes,Completed,No,No,No,No,Recall,No,No,,Active,8,38.838821,-76.993571,,51940,{55DC0F5C-7FE6-384D-E063-782F520A01CE}
,166d2614f459eb1a7c355f3b7f05d833,HUNTINGTON STREET NW AND CONNECTICUT AVENUE NW,6069,Yes,No Signage,No,No,No,No,Recall,No,No,,Active,3,38.9577465,-77.07140865,,51941,{55DC0F5C-7FE7-384D-E063-782F520A01CE}
,87c7ace226ec9554b3f3c1879b2c2a20,19th St & E St NW (South),1105,Yes,Completed,No,No,No,No,Recall,No,No,,Active,2,38.89541,-77.04348,,51942,{55DC0F5C-7FE8-384D-E063-782F520A01CE}
,cd1c8616fed712b52eac6872543a00c1,16th St & R St NW,1057,Yes,Completed,No,No,No,Yes,Recall,No,No,,Active,2,38.912627,-77.036532,,51944,{55DC0F5C-7FEA-384D-E063-782F520A01CE}
,13763ecfc362b4f09be84ec6b46f76fd,20th St & E St NW (North),1119,Yes,No Signage,No,No,No,Yes,Recall,No,No,,Active,2,38.895982,-77.044921,,51945,{55DC0F5C-7FEB-384D-E063-782F520A01CE}
,5cc45d4a4a1658e30d3fd85314d17137,6th St & C St NW,2038,Yes,No Signage,No,No,No,No,Recall,No,No,,Active,6,38.893596,-77.019921,,51946,{55DC0F5C-7FEC-384D-E063-782F520A01CE}
,e3c81f7f980314b7b0758e97f6fa0f55,New Jersey Ave & Louisiana Ave NW,2154,Yes,No Signage,No,No,No,No,Recall,No,No,,Active,6,38.893963,-77.010656,,51947,{55DC0F5C-7FED-384D-E063-782F520A01CE}
,4414c3960deea94366981a0facd2c47d,"23rd St & Washington Cir (North), NW",1196,No,Completed,No,No,No,No,Recall,No,Yes,,Active,2,38.90306566,-77.05021745,,51948,{55DC0F5C-7FEE-384D-E063-782F520A01CE}
,e0db12969f35fa53cb3207a82716bc46,Georgia Ave & Kenyon St NW,5136,Yes,Completed,No,Yes,No,Yes,Recall,No,Yes,,Active,1,38.930022,-77.023377,,51949,{55DC0F5C-7FEF-384D-E063-782F520A01CE}
,3591661eadeb1895bfa79bae9bb8f3cb,2nd St & C St NE,3046,Yes,Completed,No,No,No,No,Recall,No,No,,Active,6,38.893582,-77.003519,,51950,{55DC0F5C-7FF0-384D-E063-782F520A01CE}
,15faba2839cd08bfc4a06c3d88f59f9f,"9th St, Brentwood Rd & V St NE",3147,Yes,No Signage,No,No,No,No,Recall,No,No,,Active,5,38.91724042,-76.9937662,,51951,{55DC0F5C-7FF1-384D-E063-782F520A01CE}
,3a8aca38973321198d6004f83726c74a,7th St NW & Pennsylvania Ave NW,2066,Yes,Completed,No,No,No,No,Recall,No,No,,Active,2,38.893323,-77.021919,,51952,{55DC0F5C-7FF2-384D-E063-782F520A01CE}
,2a31abc00786f802bf3250a5e0529302,6th St & Massachusetts Ave NW,2049,Yes,No Signage,No,No,No,No,Recall,No,No,,Active,6,38.90147678,-77.01992077,,51953,{55DC0F5C-7FF3-384D-E063-782F520A01CE}
,bf5f2a85a9eb412ef0f13916395bf385,4th St & Adams Dr SW (Midblock Ped Crossing),2186,No,No Signage,No,No,No,No,Recall,No,No,,Active,2,38.889416,-77.017561,,51954,{55DC0F5C-7FF4-384D-E063-782F520A01CE}
,b34e55c37eaa29d76b87ce31aaab7c92,Georgia Ave & Euclid St NW,5126,Yes,No Signage,No,No,No,Yes,Recall,No,No,,Active,1,38.924187,-77.022526,,51955,{55DC0F5C-7FF5-384D-E063-782F520A01CE}
,ff3b966cd81154c6f85227308c53743b,18th St & Constitution Ave NW,1085,No,Completed,No,No,No,No,Recall,No,Yes,,Active,2,38.892109,-77.041716,,51956,{55DC0F5C-7FF6-384D-E063-782F520A01CE}
,01a49ad9ad9fe29a0dba426a24ccb396,Pennsylvania Ave & Fort Davis St SE,4258,Yes,No Signage,No,No,No,Yes,Actuated,No,Yes,,Active,7,38.866283,-76.953002,,51957,{55DC0F5C-7FF7-384D-E063-782F520A01CE}
,950df7663bffe807a9c4293a006da048,"N Capitol St, Lincoln Rd & Quincy Pl",3038,Yes,Completed,No,No,No,No,Recall,No,Yes,,Active,5,38.911872,-77.008892,,51958,{55DC0F5C-7FF8-384D-E063-782F520A01CE}
,7d944cc9b76329737b3f2a0d1a0d8b67,6th St & M St NW,2048,Yes,Completed,No,No,No,No,Recall,No,No,,Active,2,38.905657,-77.019906,,51959,{55DC0F5C-7FF9-384D-E063-782F520A01CE}
,042fd39bf80b57285c83fd741a83f2b7,3rd St & C St NW,2015,Yes,No Signage,No,No,No,No,Recall,No,Yes,,Active,6,38.89359107,-77.0152294,,51960,{55DC0F5C-7FFA-384D-E063-782F520A01CE}
,93667065a3b82c1c7e707b22ceb44bc7,"7th St & Mt Vernon Pl, New York Ave, K St NW",2065,Yes,No Signage,No,No,No,No,Recall,No,Planned,,Active,2,38.90294667,-77.02192133,,51961,{55DC0F5C-7FFB-384D-E063-782F520A01CE}
,a50908df57f90d69ded9626315c7e4dd,"9th St & K St, New York Ave NW",2074,Yes,Completed,No,Yes,No,No,Recall,No,Yes,,Active,2,38.902118,-77.023988,,51962,{55DC0F5C-7FFC-384D-E063-782F520A01CE}
,46b6735535a603c6ee35e4b5a72ed91f,15th St & F St NW,1032,Yes,No Signage,No,No,No,Yes,Recall,No,No,,Active,2,38.897364,-77.033624,,51963,{55DC0F5C-7FFD-384D-E063-782F520A01CE}
,50568a9abaa1c8a472e392833cafca84,WINDOM PLACE NW AND CONNECTICUT AVENUE NW,6086,Yes,Completed,No,No,No,No,Recall,No,Yes,,Active,3,38.9454901,-77.06428454,,51964,{55DC0F5C-7FFE-384D-E063-782F520A01CE}
,a1d0d587efcb348c5b70923b4798a969,4th St & M St NE,3063,Yes,Completed,No,No,No,No,Recall,No,No,,Active,6,38.90565,-77.000575,,51965,{55DC0F5C-7FFF-384D-E063-782F520A01CE}
,d09f923a0041880fea1e91821f79f5b1,6th St & I St NW,2045,Yes,Completed,No,No,No,No,Recall,No,No,,Active,2,38.90087517,-77.01991077,,51966,{55DC0F5C-8000-384D-E063-782F520A01CE}
,b352d937149d40c720063e6eaa67e792,Constitution Ave & Delaware Ave NE,2167,Yes,No Signage,No,No,No,No,Recall,No,No,,Active,6,38.892039,-77.008179,,51967,{55DC0F5C-8001-384D-E063-782F520A01CE}
,6635c842a11b42906c217c7da475646c,34TH STREET NW AND GARFIELD STREET NW,6023,Yes,Completed,No,No,No,No,Recall,No,No,,Active,3,38.92753475,-77.06638637,,51968,{55DC0F5C-8002-384D-E063-782F520A01CE}
,78dbe9af3a3369aaf9bf8a9cea812bcf,Logan Circle NW,2157,No,Completed,No,No,No,No,Recall,No,No,,Active,2,38.909646,-77.029631,,51969,{55DC0F5C-8003-384D-E063-782F520A01CE}
,0f5ebbed8cf33abeca94b3612cd35972,4th St & C St SW,2187,Yes,Completed,No,No,No,No,Recall,No,No,,Active,6,38.886051,-77.017541,,51970,{55DC0F5C-8004-384D-E063-782F520A01CE}
,818029f7e2bdde307a18c8f2fc79fc42,49th St & Nannie Helen Burroughs Ave NE,4074,Yes,Completed,No,No,Yes,No,Recall,No,No,,Active,7,38.89863,-76.931686,,51971,{55DC0F5C-8005-384D-E063-782F520A01CE}
,a08f5c90898f8f8216b7de12e4ef34ad,Alabama Ave & Skyland Town Center Dwy SE,4276,Yes,No Signage,No,No,No,No,Actuated,No,Yes,,Active,7,38.860338,-76.96581,,51972,{55DC0F5C-8006-384D-E063-782F520A01CE}
,91c139a3cb611d7747ba765c50bf90f0,N Capitol St & G Pl,2216,Yes,Completed,No,No,No,No,Recall,No,No,,Active,6,38.899558,-77.008997,,51973,{55DC0F5C-8007-384D-E063-782F520A01CE}
,7ef29e9c2fb92a905f314f5ef8724e7e,"Georgia Ave, New Hampshire Ave & Rock Creek Church Rd NW",5139,Yes,Completed,No,No,No,Yes,Recall,No,No,,Active,4,38.9363363,-77.02429984,,51974,{55DC0F5C-8008-384D-E063-782F520A01CE}
,489fa92a47505c920449d2f65d103ed8,14th St & Madison Dr NW,1018,Yes,No Signage,No,No,No,No,Recall,No,No,,Active,2,38.890433,-77.031954,,51975,{55DC0F5C-8009-384D-E063-782F520A01CE}
,047b2b69de5c10bef1bcc8d9aeb3e853,CHILLUM PLACE NE AND KANSAS AVENUE NE,5198,Yes,Completed,No,No,No,No,Recall,No,No,,Active,4,38.964766,-77.00892883,,51976,{55DC0F5C-800A-384D-E063-782F520A01CE}
,2f522523d002def245f8b2817b323c5c,Half St & R St SW,2282,No,No Signage,All-Ped Phase,No,No,No,Actuated,No,Yes,,Active,6,38.869476,-77.010668,,51977,{55DC0F5C-800B-384D-E063-782F520A01CE}
,ce080f4aa86acf54555e6e68ee265423,39th St NE & Benning Rd NE,4257,Yes,Completed,No,No,No,No,Actuated,No,Yes,,Active,7,38.89461853,-76.94802681,,51978,{55DC0F5C-800C-384D-E063-782F520A01CE}
,fdc1758c14e603a5e7217f2a9d413e25,3rd St & Madison Dr NW,2022,No,No Signage,No,No,No,No,TOD Recall,No,No,,Active,6,38.89064259,-77.01520194,,51979,{55DC0F5C-800D-384D-E063-782F520A01CE}
,9f4b2bb5c1851a092904d0e1016443e1,4th St & Washington Dr NW (Midblock Ped Crossing),2031,No,No Signage,No,No,No,No,Recall,No,No,,Active,2,38.890014,-77.017566,,51980,{55DC0F5C-800E-384D-E063-782F520A01CE}
,f77e032930a493e1497e3c34427765e4,"South Dakota Ave & Quincy St, Perry St NE",3211,Yes,Completed,No,No,No,No,Recall,No,No,,Active,5,38.937175,-76.977703,,51981,{55DC0F5C-800F-384D-E063-782F520A01CE}
,469f493fd7200f0c81f1b71f8516598c,13th St & Q St NW,2142,Yes,Completed,No,No,No,No,Recall,No,No,,Active,2,38.91114,-77.029634,,51982,{55DC0F5C-8010-384D-E063-782F520A01CE}
,b070c4d02d72556b13698252fbd5a715,16th St & New York Ave NE,3179,Yes,No Signage,No,No,No,No,Actuated,No,No,,Active,5,38.916894,-76.981548,,51983,{55DC0F5C-8011-384D-E063-782F520A01CE}
,9692c180ac21317f3a201d8a34e79ad4,16th St & T St NW,1060,Yes,Completed,No,No,No,Yes,Recall,No,No,,Active,2,38.915582,-77.03651,,51984,{55DC0F5C-8012-384D-E063-782F520A01CE}
,296dd32547acced6d25d443232c3f71e,"11th St & Pennsylvania Ave, E St SE",4035,Yes,Completed,No,No,No,No,Recall,No,Yes,,Active,6,38.882806,-76.99153,,51985,{55DC0F5C-8013-384D-E063-782F520A01CE}
,26c6b30cd56ae19a2d8b35edfd5d2faf,4TH STREET NW AND CEDAR STREET NW,5009,Yes,Completed,All-Ped Phase,Yes,No,No,Recall,No,Yes,,Active,4,38.97475001,-77.01797462,,51986,{55DC0F5C-8014-384D-E063-782F520A01CE}
,d7f795109a0139d8b651e197f0be8bc8,"6th St & C St, Maryland Ave, Massachusetts Ave NE",3069,Yes,Completed,No,No,No,No,Recall,No,Yes,,Active,6,38.89405424,-76.99845673,,51987,{55DC0F5C-8015-384D-E063-782F520A01CE}
,7bb24cb85f0e583b7bffd2e3e856d24e,"16th St & Florida Ave, W St NW",5089,Yes,Completed,No,No,No,Yes,Recall,No,No,,Active,1,38.91915,-77.036499,,51988,{55DC0F5C-8016-384D-E063-782F520A01CE}
,67572d2af4f7b7d380a92c4f11808cc0,6th St & O St NW,3016,Yes,Completed,No,No,No,No,Recall,No,No,,Active,2,38.908583,-77.019916,,51989,{55DC0F5C-8017-384D-E063-782F520A01CE}
,1b5eb0a2e4b6d11caa9305c205535814,34TH STREET NW AND M STREET NW,6024,Yes,Completed,No,No,No,No,Recall,No,No,,Active,2,38.9050728,-77.06783241,,51990,{55DC0F5C-8018-384D-E063-782F520A01CE}
,06a8aa0c3e22019e760030e0d51685eb,16TH STREET NW SOUTHBOUND AND RAMP TO MILITARY ROAD NW WESTBOUND,5239,Yes,Completed,No,No,No,Yes,Recall,No,Yes,,Active,4,38.96314999,-77.03638733,,51991,{55DC0F5C-8019-384D-E063-782F520A01CE}
,0f2fd96d41d4f17ac4daa0430d97c382,"18th St, W St & Montana Ave NE",3128,Yes,Completed,No,No,No,No,Recall,No,No,,Active,5,38.91990232,-76.97900854,,51992,{55DC0F5C-801A-384D-E063-782F520A01CE}
,00e9a8ba47efa58ca0391c0952404aa7,New Hampshire Ave & N St NW,1239,Yes,Completed,No,No,No,No,Recall,No,Yes,,Active,2,38.907249,-77.0457,,51993,{55DC0F5C-801B-384D-E063-782F520A01CE}
,e21034fc22dd653c99c27964dc277389,EASTERN AVENUE NW AND PINEY BRANCH ROAD NW,5164,Yes,Completed,No,No,No,No,Recall,No,Yes,,Active,4,38.97836768,-77.01858125,,51994,{55DC0F5C-801C-384D-E063-782F520A01CE}
,9f06c464795d29480ae42e50b0153773,FORDHAM ROAD NW AND 48TH STREET NW,6242,Yes,No Signage,No,No,No,No,Recall,No,No,,Active,3,38.94441637,-77.09480221,,51995,{55DC0F5C-801D-384D-E063-782F520A01CE}
,abf9242e68cb1ec538afa12974afd804,P STREET NW AND WISCONSIN AVENUE NW,6147,Yes,Completed,No,No,No,No,Recall,No,No,,Active,2,38.90918948,-77.06428353,,51996,{55DC0F5C-801E-384D-E063-782F520A01CE}
,a2440a11431d0122f898f87ae60d48c9,9th St & S St NW,2084,Yes,Completed,No,No,No,No,Recall,No,No,,Active,1,38.9141,-77.023978,,51997,{55DC0F5C-801F-384D-E063-782F520A01CE}
,7c56ffb0b9cccc2950222294a4ee9ac7,Illinois Ave & Ingraham St NW,5248,Yes,Completed,No,No,No,No,Recall,No,No,,Active,4,38.954135,-77.026133,,51998,{55DC0F5C-8020-384D-E063-782F520A01CE}
,63f50a9c7863d8115a2c6a5a13397da6,4th St & Independence Ave SE,4011,Yes,Completed,No,No,No,No,Recall,No,No,,Active,6,38.887599,-77.000577,,51999,{55DC0F5C-8021-384D-E063-782F520A01CE}
,0aa1bbfbdeefea269adb70e65e6ac686,"31st Pl, Douglas St & South Dakota Ave NE",3207,Yes,No Signage,No,No,No,No,Recall,No,No,,Active,5,38.923527,-76.962679,,52000,{55DC0F5C-8022-384D-E063-782F520A01CE}
,cba53ac0cf1e0a71d79872a840f7f4b9,2nd St & D St NE,3047,Yes,No Signage,No,No,No,No,Recall,No,No,,Active,6,38.894795,-77.003514,,52001,{55DC0F5C-8023-384D-E063-782F520A01CE}
,fb86ba0145e95eeaa42bad1fa539f365,9th St & D St SW,1211,Yes,Completed,No,No,No,No,Recall,No,No,,Active,6,38.88485064,-77.02388974,,52002,{55DC0F5C-8024-384D-E063-782F520A01CE}
,955fd0dfa30e380043180d0e14bebc37,38TH STREET NW AND RESERVOIR ROAD NW,6034,Yes,No Signage,No,No,No,No,Recall,No,Yes,,Active,2,38.9125924,-77.07411916,,52003,{55DC0F5C-8025-384D-E063-782F520A01CE}
,bdd375e5a16e562c11f789239c5e96da,Southern Ave & Mississippi Ave SE,4155,Yes,Completed,No,No,No,No,Recall,No,Yes,,Active,8,38.843735,-76.972457,,52004,{55DC0F5C-8026-384D-E063-782F520A01CE}
,204848c764ac2d1c8afec08d16bbd0b9,13th St & Upshur St NW,5050,Yes,Completed,No,No,No,No,Recall,No,No,,Active,4,38.941865,-77.029705,,52005,{55DC0F5C-8027-384D-E063-782F520A01CE}
,8cb36f025ba8390a745dc7a4693dc976,7th St & H St NE,3079,Yes,Completed,No,No,No,No,Recall,No,No,,Active,6,38.90021265,-76.99616961,,52006,{55DC0F5C-8028-384D-E063-782F520A01CE}
,a0e07728d39c471a205c970da0e4d828,14th St NE & Michigan Ave NE,3162,Yes,Completed,No,No,No,No,Recall,No,No,,Active,5,38.942563,-76.985649,,52007,{55DC0F5C-8029-384D-E063-782F520A01CE}
,008d05d00ac52b8b19b3abb66997f3b9,Florida Ave & Sherman Ave NW,5171,Yes,Completed,No,No,No,No,Recall,No,Yes,,Active,1,38.919982,-77.025157,,52008,{55DC0F5C-802A-384D-E063-782F520A01CE}
,836031ccd42c14ab3996eaa28f1ad58f,Florida Ave & Phelps Pl NW,1368,Yes,No Signage,No,No,No,No,Recall,No,No,,Active,2,38.913654,-77.046956,,52010,{55DC0F5C-802C-384D-E063-782F520A01CE}
,6551e980a79084df044089741494aa97,EDMUNDS STREET NW AND WISCONSIN AVENUE NW,6135,Yes,No Signage,No,No,No,Yes,Recall,No,No,,Active,3,38.92470387,-77.07319061,,52011,{55DC0F5C-802D-384D-E063-782F520A01CE}
,bab1bc917fe0195f851ab0c360674ab4,4th St & Madison Dr NW,2029,Yes,Completed,No,No,No,No,Recall,No,No,,Active,2,38.890603,-77.017565,,52012,{55DC0F5C-802E-384D-E063-782F520A01CE}
,b84950d9c393ea569a3d801017de8a5f,RESERVOIR ROAD NW AND WISCONSIN AVENUE NW,6078,Yes,Completed,No,No,No,Yes,Actuated,No,No,,Active,2,38.91277625,-77.06618284,,52013,{55DC0F5C-802F-384D-E063-782F520A01CE}
,6d0426cca9a666667e3c4ba4a5498d4b,10th St & Pennsylvania Avenue NW,2086,Yes,Completed,No,No,No,No,Recall,No,No,,Active,2,38.894444,-77.026009,,52014,{55DC0F5C-8030-384D-E063-782F520A01CE}
,9851e2d6627a5512e5452b912803be40,South Dakota Ave & Gallatin St NE,3254,Yes,Completed,No,No,No,No,Recall,No,No,,Active,5,38.952005,-76.995992,,52015,{55DC0F5C-8031-384D-E063-782F520A01CE}
,934f18353cdd428b4093a3cdae5f33cb,M St & Delaware Ave NE,3233,Yes,Completed,No,No,No,No,Recall,No,Yes,,Active,6,38.905641,-77.003077,,52016,{55DC0F5C-8032-384D-E063-782F520A01CE}
,0fcfd86b3f7006576767c7acbd5ef6aa,"23rd St, Ohio Dr & Independence Ave SW",1227,Yes,Completed,No,No,No,No,TOD Recall,No,Yes,,Active,2,38.88713,-77.050171,,52017,{55DC0F5C-8033-384D-E063-782F520A01CE}
,9ab0ca7f179943f08baaf08fd0dd6c20,Rock Creek Church Rd & Allison St NW,5204,Yes,No Signage,No,No,No,No,Recall,No,No,,Active,5,38.946058,-77.008884,,52018,{55DC0F5C-8034-384D-E063-782F520A01CE}
,76dabc33dd0443a36a09d751e00487d5,13th St & L St NW,2138,Yes,Completed,No,No,No,No,Recall,No,No,,Active,2,38.903747,-77.029629,,52019,{55DC0F5C-8035-384D-E063-782F520A01CE}
,35fad87f686bb630b68a2ca6fe4741e8,New Hampshire Ave & Gallatin St NW,5250,Yes,Completed,No,No,No,No,Recall,No,No,,Active,4,38.952323,-77.012428,,52020,{55DC0F5C-8036-384D-E063-782F520A01CE}
,027c0c9dd40682aa5970edb57cf917dc,"Georgia Ave & Iowa Ave, Varnum St NW",5299,Yes,No Signage,No,No,No,No,Recall,No,Yes,,Active,4,38.94293,-77.025789,,52021,{55DC0F5C-8037-384D-E063-782F520A01CE}
,f212281c3fc12c94294f93d2b1bc3de9,Virginia Ave & G St NW,1396,Yes,No Signage,No,No,No,No,Recall,No,Yes,,Active,2,38.89823,-77.052098,,52022,{55DC0F5C-8038-384D-E063-782F520A01CE}
,58f6cf0d65c496898562dd52cc8a3b77,New Jersey Ave & K St NW,2153,Yes,Completed,No,No,No,No,Recall,No,Yes,,Active,6,38.902515,-77.013726,,52023,{55DC0F5C-8039-384D-E063-782F520A01CE}
,cd5664b3d69718e8be700b7900f81e33,Delaware Ave & Massachusetts Ave (EB) NE,2169,Yes,Completed,No,No,No,No,Recall,No,Yes,,Active,6,38.89586,-77.006788,,52024,{55DC0F5C-803A-384D-E063-782F520A01CE}
,58a5cbc235ae56fc5d25e0d6012e6243,RITTENHOUSE STREET NE AND NEW HAMPSHIRE AVENUE NE,5185,Yes,Completed,No,No,No,No,Recall,No,No,,Active,4,38.96509302,-77.00294832,,52025,{55DC0F5C-803B-384D-E063-782F520A01CE}
,0c3a1b982269a1bfede3e22a3b05ed38,"15th St, 16th St & Irving St NW",5075,Yes,Completed,No,No,Yes,No,Recall,No,No,,Active,1,38.928688,-77.036461,,52026,{55DC0F5C-803C-384D-E063-782F520A01CE}
,aa89cf6d9561f6d8819c2afeed4fa44b,10th St & H St NW,2090,Yes,Completed,No,No,No,No,Recall,No,No,,Active,2,38.899813,-77.025986,,52027,{55DC0F5C-803D-384D-E063-782F520A01CE}
,28fee69f3d6148a95a4e45dca31f3c59,22nd St & N St NW,1151,Yes,Completed,No,No,No,No,Recall,No,No,,Active,2,38.907254,-77.048801,,52028,{55DC0F5C-803E-384D-E063-782F520A01CE}
,2c66797161d7c195f4e8a63eea9fa25d,17th St & C St NE,3118,Yes,Completed,No,No,No,No,Recall,No,Yes,,Active,7,38.893309,-76.980766,,52029,{55DC0F5C-803F-384D-E063-782F520A01CE}
,59c263a3be5a516a775554a7a552cf0a,6th St & E St NE,3072,Yes,Completed,No,No,No,No,Recall,No,No,,Active,6,38.896127,-76.998446,,52030,{55DC0F5C-8040-384D-E063-782F520A01CE}
,6063b62fe1989231006a4a9cf140b75c,DANA PLACE NW AND MACARTHUR BOULEVARD NW,6096,Yes,Completed,No,No,No,No,Recall,No,No,,Active,3,38.92495843,-77.1014062,,52031,{55DC0F5C-8041-384D-E063-782F520A01CE}
,31d3edd9b5798e9c141ed089f32df22c,"N Capitol St & Missouri Ave NW, Riggs Rd NE",5200,No,No Signage,No,No,No,No,Recall,No,Planned,,Active,4,38.95482315,-77.00904835,,52032,{55DC0F5C-8042-384D-E063-782F520A01CE}
,9076c3ac6bab1d9ea287fc2ad4afff84,5th St & E St NW,2032,Yes,Completed,No,No,No,No,Recall,No,No,,Active,2,38.896146,-77.018936,,52033,{55DC0F5C-8043-384D-E063-782F520A01CE}
,63f9c5101466ec25ade857b0a55f65ee,Benning Rd & F St SE,4110,Yes,Completed,No,No,No,No,Recall,No,Yes,,Active,7,38.882274,-76.933621,,52034,{55DC0F5C-8044-384D-E063-782F520A01CE}
,36c1c1cf504366a7648ea666e34932dd,"50th St, Central Ave & E Capitol St",4173,Yes,Completed,No,No,No,No,Recall,No,Planned,,Active,7,38.889756,-76.930126,,52035,{55DC0F5C-8045-384D-E063-782F520A01CE}
,b22c9880c477769d4ac33522e0d0bbf0,Michigan Ave & Monroe St NE,3235,Yes,Completed,No,No,No,Yes,Recall,No,Yes,,Active,5,38.932557,-76.997686,,52036,{55DC0F5C-8046-384D-E063-782F520A01CE}
,7b1cabb52c09dc1f8576198f89d23201,4th St & D St NE,3057,Yes,Completed,No,No,No,No,Recall,No,No,,Active,6,38.894808,-77.000585,,52037,{55DC0F5C-8047-384D-E063-782F520A01CE}
,d35a2b60a10720fc10f48e0534881ff8,20th St & Massachusetts Ave NW,1126,Yes,Completed,No,No,No,Yes,Recall,No,Yes,,Active,2,38.910151,-77.044887,,52038,{55DC0F5C-8048-384D-E063-782F520A01CE}
,fe86de764cf50b6d7b378434cab13800,"11th St & Massachusetts Ave, L St NW",2109,No,Completed,No,No,No,No,Recall,No,No,,Active,2,38.903954,-77.027039,,52039,{55DC0F5C-8049-384D-E063-782F520A01CE}
,d27d53bbdbbe5979192cd5867a413e38,"17th St NE & I St, Hechinger Mall Dwy NE",3122,Yes,No Signage,No,No,No,No,Recall,No,No,,Active,5,38.900842,-76.979004,,52040,{55DC0F5C-804A-384D-E063-782F520A01CE}
,d7946a4bcc10ab96eff230e72e2f806a,13th St & Allison St NW,5251,Yes,Completed,No,No,No,No,Recall,No,No,,Active,4,38.945069,-77.029704,,52041,{55DC0F5C-804B-384D-E063-782F520A01CE}
,9accc48d2aa25a236ea76efe7224a8fb,1st St & Maryland Ave NE,2163,Yes,Completed,No,No,No,No,Recall,No,No,,Active,6,38.89097682,-77.0059268,,52042,{55DC0F5C-804C-384D-E063-782F520A01CE}
,fd576600b64dd2a9e617914d5b5d835d,39TH STREET NW AND RESERVOIR ROAD NW,6038,Yes,No Signage,No,No,No,No,Recall,No,Yes,,Active,2,38.91262842,-77.07554007,,52043,{55DC0F5C-804D-384D-E063-782F520A01CE}
,58dcb0ad92015057a2bf6ffad5276bdd,Lincoln Rd & T St NE,3034,Yes,Completed,No,No,No,No,Recall,No,No,,Active,5,38.915591,-77.007689,,52044,{55DC0F5C-804E-384D-E063-782F520A01CE}
,bd08e4a17093ab0aeeaddaf81163916b,6th St & H St NW,2044,Yes,No Signage,No,No,No,No,Recall,No,No,,Active,2,38.899824,-77.019903,,52045,{55DC0F5C-804F-384D-E063-782F520A01CE}
,dd0f59a35b628a450607113aa66d0fcb,Sherman Ave & Euclid St NW,5169,Yes,Completed,No,No,No,No,Recall,No,No,,Active,1,38.923915,-77.025503,,52047,{55DC0F5C-8051-384D-E063-782F520A01CE}
,d5d2213a5739c09a65fce99047b62452,RITTENHOUSE STREET NE AND EASTERN AVENUE NE,5181,Yes,Completed,No,No,No,No,Recall,No,Planned,,Active,4,38.9649527,-77.00149782,,52048,{55DC0F5C-8052-384D-E063-782F520A01CE}
,c97c5458ab6f8eec06c5779b21d8333f,6th St & F St NE,3073,Yes,Completed,No,No,No,No,Recall,No,No,,Active,6,38.897342,-76.99845,,52049,{55DC0F5C-8053-384D-E063-782F520A01CE}
,5744a300792a85754e137738b14e0ca3,13th St & Irving St NW,5041,Yes,Completed,No,No,No,No,Recall,No,No,,Active,1,38.928629,-77.029707,,52050,{55DC0F5C-8054-384D-E063-782F520A01CE}
,c99a8280501fe8859053bcc7e36dcbd1,4th St & Virginia Ave (North) SE,4014,Yes,Completed,No,No,No,No,Recall,No,Yes,,Active,6,38.880471,-77.000581,,52051,{55DC0F5C-8055-384D-E063-782F520A01CE}
,63784d5f07efdf15ed7e629afb2c9d5f,Irving St & Park Pl NW,5161,Yes,Completed,No,No,No,No,Recall,No,Yes,,Active,1,38.92961768,-77.01805394,,52052,{55DC0F5C-8056-384D-E063-782F520A01CE}
,fdfe162f4b15e58404611b747e8e8532,10th St & F St NW,2088,Yes,Completed,No,No,No,No,Recall,No,No,,Active,2,38.896134,-77.025967,,52053,{55DC0F5C-8057-384D-E063-782F520A01CE}
,bcaa33742e964afe3b227b19630da83b,CONNECTICUT AVENUE NW AND SEDGWICK STREET NW,6080,Yes,Completed,No,No,No,No,Recall,No,Yes,,Active,3,38.93939726,-77.06073648,,52054,{55DC0F5C-8058-384D-E063-782F520A01CE}
,19f438bdec93ade7553505dd898b101e,19th St & R St NW,1115,Yes,Completed,No,No,No,No,Recall,No,No,,Active,2,38.912619,-77.043424,,52055,{55DC0F5C-8059-384D-E063-782F520A01CE}
,9beb801f4a46d4dcb454b0c7d6ecf584,4th St & Jefferson Dr SW,2192,Yes,Completed,No,No,No,No,Recall,No,No,,Active,2,38.888821,-77.017554,,52056,{55DC0F5C-805A-384D-E063-782F520A01CE}
,17766b176b7d23fa4b0179054616923f,"12th St & Rhode Island Ave, P St NW",2129,Yes,Completed,No,No,No,No,Recall,No,No,,Active,2,38.910189,-77.028079,,52057,{55DC0F5C-805B-384D-E063-782F520A01CE}
,42329ad0f8a4ece3188fc671cdda5cbd,N Capitol St & Hamilton St,5263,Yes,Completed,No,No,No,No,Recall,No,Yes,,Active,4,38.953466,-77.009053,,52058,{55DC0F5C-805C-384D-E063-782F520A01CE}
,5550184a53d9dd124c0f9b81fea894c1,"1st St NE & New York Ave, O St NE",3031,Yes,Completed,No,No,No,No,Recall,No,Yes,,Active,6,38.9084572,-77.00588828,,52059,{55DC0F5C-805D-384D-E063-782F520A01CE}
,6b27bd3835ee0a999a10816ab5b72797,12th St Expressway & Maine Ave SW (Ramp G),1218,No,No Signage,No,No,No,No,Recall,No,No,,Active,6,38.882819,-77.028139,,52060,{55DC0F5C-805E-384D-E063-782F520A01CE}
,8d4d8076bafbfb58e605de8ac4254e0b,12th St & K St NW,2122,Yes,Completed,No,No,No,No,Recall,No,Yes,,Active,2,38.902529,-77.02808,,52061,{55DC0F5C-805F-384D-E063-782F520A01CE}
,be7421bde2916c01f751be9435545a08,22nd St & K St NW,1373,Yes,No Signage,No,No,No,No,Recall,No,Yes,,Active,2,38.90265671,-77.04882248,,52062,{55DC0F5C-8060-384D-E063-782F520A01CE}
,89239408dd3319484b74a574f4274c0d,Independence Ave (Westbound) & Maine Ave SW (Westbound),1248,No,No Signage,No,No,No,No,Recall,No,Yes,,Active,2,38.887748,-77.037788,,52063,{55DC0F5C-8061-384D-E063-782F520A01CE}
,94815cc9de4e47657f31b25e1cfba78a,3rd St & Constitution Ave NW,2016,Yes,Completed,No,No,No,No,Recall,No,No,,Active,6,38.892104,-77.015204,,52064,{55DC0F5C-8062-384D-E063-782F520A01CE}
,f972225a6e1e4a989ca8bc70cccaae81,FORT LINCOLN DRIVE NE AND 33RD PLACE NE,3455,Yes,No Signage,No,No,No,No,Actuated,No,Yes,,Active,5,38.92143392,-76.955502,,52065,{55DC0F5C-8063-384D-E063-782F520A01CE}
,80ff9eb76f6a4277b1aa653443c81963,Maine Ave & E Basin Dr SW,1228,No,Completed,No,No,No,No,Recall,No,No,,Active,2,38.88381042,-77.03288239,,52066,{55DC0F5C-8064-384D-E063-782F520A01CE}
,70ce8103501fd6e26b225162b07110fd,11th St & Q St NW,2112,Yes,Completed,No,No,No,No,Recall,No,No,,Active,2,38.911119,-77.027056,,52067,{55DC0F5C-8065-384D-E063-782F520A01CE}
,fe5315b4b494c5195ba0db3bab3a6a67,Georgia Ave & W St NW,5148,Yes,No Signage,No,No,No,Yes,Recall,No,Yes,,Active,1,38.919012,-77.021915,,52068,{55DC0F5C-8066-384D-E063-782F520A01CE}
,b983315cdcad23d8abf95cf08757e688,7th St & Monroe St NE,3236,Yes,Completed,No,No,No,No,Recall,No,Yes,,Active,5,38.93237,-76.996172,,52069,{55DC0F5C-8067-384D-E063-782F520A01CE}
,66e87e98f88f6d1883745cea2377d0dc,"3rd St, 4th St & Florida Ave NW",3184,Yes,No Signage,No,No,No,No,Recall,No,Yes,,Active,5,38.913763,-77.015982,,52070,{55DC0F5C-8068-384D-E063-782F520A01CE}
,372e5bbe388665f1ac93296dfa162a51,18th St & California St NW,1233,Yes,Completed,No,No,No,No,Recall,No,No,,Active,1,38.91782826,-77.04165001,,52071,{55DC0F5C-8069-384D-E063-782F520A01CE}
,30135a4fd0a88b3ad5ff5f2117496787,EASTERN AVENUE NE AND NEW HAMPSHIRE AVENUE NE,5183,No,No Signage,No,No,No,No,Recall,No,Planned,,Active,4,38.96569884,-77.00247297,,52072,{55DC0F5C-806A-384D-E063-782F520A01CE}
,5f26d11e4f0d3cf6806caac9bfb87917,44th St NE & Benning Rd NE,4070,Yes,Completed,No,No,No,No,Recall,No,Yes,,Active,7,38.89156,-76.939213,,52073,{55DC0F5C-806B-384D-E063-782F520A01CE}
,353f74051dd257fdb73c353859334ee5,12th St & Michigan Ave NE,3160,Yes,Completed,No,No,No,Yes,Recall,No,Yes,,Active,5,38.938794,-76.99024,,52074,{55DC0F5C-806C-384D-E063-782F520A01CE}
,93e9a7bf7b3f2a92b4097e046a873966,1st St & Constitution Ave NE,2159,Yes,No Signage,No,No,No,No,Recall,No,No,,Active,6,38.892021,-77.005951,,52075,{55DC0F5C-806D-384D-E063-782F520A01CE}
,977e2ff0363caf483470e893a1424438,14th St & R St NW,1023,Yes,Completed,No,No,No,No,Recall,No,Yes,,Active,2,38.91262,-77.031937,,52076,{55DC0F5C-806E-384D-E063-782F520A01CE}
,73dcc8509d6dd30d8f615a88154b492f,"2nd St & Rhode Island Ave, Seaton Pl NW",3008,Yes,No Signage,No,No,No,No,Recall,No,No,,Active,5,38.914987,-77.014276,,52077,{55DC0F5C-806F-384D-E063-782F520A01CE}
,8d330a80fade3bc9c612f220ee3946cf,22nd St & Monroe St NE,3174,Yes,No Signage,No,No,No,No,Recall,No,No,,Active,5,38.933122,-76.974178,,52078,{55DC0F5C-8070-384D-E063-782F520A01CE}
,db11dd2d8d9bf7cf560430c9f20a3c3a,BRANDYWINE STREET NW AND CONNECTICUT AVENUE NW,6063,Yes,Completed,No,No,No,No,Recall,No,No,,Active,3,38.94969092,-77.06671617,,52079,{55DC0F5C-8071-384D-E063-782F520A01CE}
,1d89dc09bc99263918c17deab5d7b9a4,1st St & Bryant St NW,5001,Yes,Completed,No,No,No,No,Recall,No,No,,Active,1,38.921322,-77.012153,,52080,{55DC0F5C-8072-384D-E063-782F520A01CE}
,16786621d17f8fcb1a867009f34c9913,20th St & P St NW,1128,Yes,No Signage,No,No,No,Yes,Recall,No,No,,Active,2,38.909645,-77.044884,,52081,{55DC0F5C-8073-384D-E063-782F520A01CE}
,38420b16495d7a0be2df25a8c50e82b5,21st St & E St NW (North),1134,Yes,Completed,No,No,No,No,Recall,No,No,,Active,2,38.896036,-77.046678,,52082,{55DC0F5C-8074-384D-E063-782F520A01CE}
,7caea9f4bbf4fe260c383ae6069d5f36,New Jersey Ave & O St NW,3476,Yes,No Signage,No,No,No,No,Recall,No,Yes,,Active,2,38.908582,-77.015926,,52083,{55DC0F5C-8075-384D-E063-782F520A01CE}
,5b5ace5bb823f2df5777a1ec26d22504,11th St & U St NW,2115,Yes,Completed,No,No,No,No,Recall,No,No,,Active,1,38.917016,-77.027049,,52084,{55DC0F5C-8076-384D-E063-782F520A01CE}
,7b482950dbce0f4bbeadb90a688f2f02,Pennsylvania Ave & Branch Ave SE,4145,Yes,Completed,No,No,No,No,Actuated,No,Yes,,Active,7,38.86929908,-76.96038479,,52085,{55DC0F5C-8077-384D-E063-782F520A01CE}
,f009b39390008079324f73597d559ecc,"15th St, Kentucky Ave & G St, Potomac Ave SE",4050,Yes,Completed,No,No,No,No,Recall,No,No,,Active,6,38.88127317,-76.98365475,,52086,{55DC0F5C-8078-384D-E063-782F520A01CE}
,83290e5ea547b9a69d81bc531ee80037,Eastern Ave & Olive St NE,4207,Yes,No Signage,No,No,No,No,Actuated,No,No,,Active,7,38.91117765,-76.93275213,,52087,{55DC0F5C-8079-384D-E063-782F520A01CE}
,ff5a7753a39525b7109a71ba737ef559,"Warder St & Columbia Rd, Michigan Ave NW",5176,Yes,Completed,No,No,No,No,Recall,No,No,,Active,1,38.928584,-77.0194,,52088,{55DC0F5C-807A-384D-E063-782F520A01CE}
,e186a9d6163e388b01ec6a02cdd4e770,GEORGIA AVENUE NW AND HEMLOCK STREET NW,5211,No,No Signage,No,No,No,No,Actuated,Yes,Yes,,Active,4,38.98145103,-77.02652791,,52089,{55DC0F5C-807B-384D-E063-782F520A01CE}
,ef12a0ed0ef20182097bff6c9d6aad9f,"7th St & E St, Frontage Road SW",1206,Yes,No Signage,No,No,No,No,Recall,No,No,,Active,6,38.882812,-77.021914,,52090,{55DC0F5C-807C-384D-E063-782F520A01CE}
,e995e7edd9c553fcf485102c3eb15347,11th St & O St NW,2253,Yes,Completed,No,No,No,No,Recall,No,No,,Active,2,38.90858,-77.027042,,52091,{55DC0F5C-807D-384D-E063-782F520A01CE}
,b94bed673dd45a1bdb321291d159d200,"Bladensburg Rd & Banneker Dr, Earl Pl NE",3140,Yes,Completed,No,No,No,No,Recall,No,No,,Active,5,38.928082,-76.961634,,52092,{55DC0F5C-807E-384D-E063-782F520A01CE}
,872a7a70204b9dc55227e7f6ac426abd,14th St & Florida Ave NW,5059,Yes,Completed,No,No,No,No,Recall,No,Yes,,Active,1,38.920083,-77.03195,,52093,{55DC0F5C-807F-384D-E063-782F520A01CE}
,4a1d4719364402ca3d06c73b8e4b522a,New Jersey Ave & D St SE,2235,Yes,Completed,No,No,No,No,Recall,No,No,,Active,6,38.885073,-77.007264,,52094,{55DC0F5C-8080-384D-E063-782F520A01CE}
,9a3fab490b54d0ba2e6a9ed17f6dd230,"1st St, New Jersey Ave & F St NW",2021,Yes,Completed,No,Yes,No,No,Recall,No,No,,Active,6,38.897349,-77.011874,,52095,{55DC0F5C-8081-384D-E063-782F520A01CE}
,c69ece518f5610b99440b7a44e2da70d,16th St & Fuller St NW,5066,Yes,No Signage,No,No,No,Yes,Recall,No,No,,Active,1,38.924771,-77.03649,,52096,{55DC0F5C-8082-384D-E063-782F520A01CE}
,a993893cd8a8f43fbc058ab7ae027af0,21st St & I St NW,1389,Yes,No Signage,No,No,No,No,Recall,No,Yes,,Active,2,38.900701,-77.046656,,52097,{55DC0F5C-8083-384D-E063-782F520A01CE}
,c44f7f4bf7ac568ecb278f04019c27db,Warder St & Irving St NW,5178,Yes,Completed,No,No,No,No,Recall,No,No,,Active,1,38.929382,-77.019583,,52098,{55DC0F5C-8084-384D-E063-782F520A01CE}
,3e4d653bcc5a8e5d9fb3486f59542ae0,6th St & Florida Ave NE,3074,Yes,Completed,No,No,No,No,Recall,No,Yes,,Active,5,38.906264,-76.998361,,52099,{55DC0F5C-8085-384D-E063-782F520A01CE}
,0090b57b2ee86163b1c282afeb0e48c5,N Capitol St & Evarts St,5290,Yes,Completed,No,No,No,No,Recall,No,Yes,,Active,5,38.92452103,-77.00904165,,52100,{55DC0F5C-8086-384D-E063-782F520A01CE}
,cd59fc49ee847141a76378cb1c46ddf4,"15th St, Vermont Ave & K St NW",1038,Yes,Completed,No,No,No,No,Recall,No,Yes,,Active,2,38.902582,-77.033638,,52101,{55DC0F5C-8087-384D-E063-782F520A01CE}
,9eb131a56519e9d01e2cbc8f281e9e4d,6th St & L St NW,2248,Yes,No Signage,No,No,No,No,Recall,No,No,,Active,2,38.904182,-77.019905,,52102,{55DC0F5C-8088-384D-E063-782F520A01CE}
,7d0b553ad2c24054d8820f87b16c4551,"S Capitol St & Martin Luther King Jr Ave, Halley Pl SE",4188,Yes,Completed,No,No,No,No,Recall,No,Planned,,Active,8,38.8356949,-77.00774579,,52103,{55DC0F5C-8089-384D-E063-782F520A01CE}
,b92ddb5b1bcc9d4e3c15f99777bba847,23rd St & M St NW,1161,Yes,Completed,No,No,No,No,Recall,No,No,,Active,2,38.905274,-77.050113,,52104,{55DC0F5C-808A-384D-E063-782F520A01CE}
,5fe3525aa73b2335497c7dc6520bf665,Alabama Ave & Branch Ave SE,4094,Yes,Completed,No,No,No,No,Recall,No,Yes,,Active,7,38.861917,-76.958999,,52105,{55DC0F5C-808B-384D-E063-782F520A01CE}
,de37d14cb54cc657a2cc62fcf07f38c2,10th St & M St NW,2094,Yes,Completed,No,No,No,No,Recall,No,No,,Active,2,38.905658,-77.025994,,52106,{55DC0F5C-808C-384D-E063-782F520A01CE}
,7ca1dabc0abe6c73ac141b5bd780b669,Park Pl & Kenyon St NW,5160,Yes,Completed,No,Yes,No,No,Recall,No,No,,Active,5,38.930579,-77.018282,,52107,{55DC0F5C-808D-384D-E063-782F520A01CE}
,94b07a1d2d02d13155bb9db52a9deac5,9th St & O St NW,2078,Yes,No Signage,No,No,No,Yes,Recall,No,No,,Active,2,38.908578,-77.023977,,52108,{55DC0F5C-808E-384D-E063-782F520A01CE}
,a7f4b794ccf552ada58a98da9029c298,"21st, Florida Ave, S St & Connecticut Ave NW",1144,Yes,Completed,No,No,No,No,Recall,No,Planned,,Active,2,38.914378,-77.04615,,52109,{55DC0F5C-808F-384D-E063-782F520A01CE}
,dd333756efdb78d519314d897c7bb5c5,13th St & E Capitol St,4220,No,Completed,No,No,No,No,Recall,No,No,,Active,6,38.889837,-76.988338,,52110,{55DC0F5C-8090-384D-E063-782F520A01CE}
,d7127e09f96bffe0b37acfd63921ebd8,New Hampshire Ave & R St NW,1186,Yes,Completed,No,No,No,No,Recall,No,No,,Active,2,38.912624,-77.040655,,52111,{55DC0F5C-8091-384D-E063-782F520A01CE}
,936002918d0dd057e8fd317f62dc4e2b,Georgia Ave & Lamont St NW,5277,No,No Signage,No,No,No,No,Actuated,Yes,Yes,,Active,1,38.931172,-77.023536,,52112,{55DC0F5C-8092-384D-E063-782F520A01CE}
,12124139fb7af9a04b45137cc4be352f,Rhode Island Ave & South Dakota Ave NE,3197,Yes,Completed,No,No,No,No,Recall,No,Yes,,Active,5,38.931291,-76.971551,,52113,{55DC0F5C-8093-384D-E063-782F520A01CE}
,c69def71cbf0bce6209ee2965c88cbea,Suitland Pkwy & Firth Sterling Ave SE,4159,No,No Signage,No,No,No,No,Actuated,No,Yes,,Active,8,38.862407,-76.997693,,52114,{55DC0F5C-8094-384D-E063-782F520A01CE}
,279f59f2d73d4fe01e0090cf11b71d68,"1st St SE, Galveston St SW & S Capitol St",4182,Yes,Completed,No,No,No,No,Recall,No,No,,Active,8,38.82409,-77.006005,,52115,{55DC0F5C-8095-384D-E063-782F520A01CE}
,4db485c1d029bd46b845b473ebb01346,CHILLUM PLACE NE AND RIGGS ROAD NE,5189,Yes,Completed,No,No,No,No,Recall,No,No,,Active,4,38.95878389,-77.0011333,,52116,{55DC0F5C-8096-384D-E063-782F520A01CE}
,ef7000b8137879f406942f5d7d682462,34TH STREET NW AND PORTER STREET NW,6027,Yes,No Signage,No,No,No,No,Recall,No,No,,Active,3,38.93734303,-77.06638917,,52117,{55DC0F5C-8097-384D-E063-782F520A01CE}
,84c435183740ef27967c80601ab9c9d2,CALVERT STREET NW AND CLEVELAND AVENUE NW,6010,Yes,Completed,No,No,No,No,Recall,No,No,,Active,3,38.92322037,-77.05772003,,52118,{55DC0F5C-8098-384D-E063-782F520A01CE}
,dbd0cf0fecee98bb187bfa563287192f,4th St & M St SW,2193,Yes,Completed,No,No,No,No,Recall,No,Yes,,Active,6,38.876466,-77.017609,,52119,{55DC0F5C-8099-384D-E063-782F520A01CE}
,a9b8939d1e67c1c3e0f80f950e8213a8,6th St & M St NE,3077,Yes,Completed,No,No,No,No,Recall,No,No,,Active,6,38.905649,-76.998444,,52120,{55DC0F5C-809A-384D-E063-782F520A01CE}
,560e3f8b82beb291ff05775c457f820d,4th St & Rhode Island Ave NE,3032,No,Completed,No,No,No,No,Recall,No,Yes,,Active,5,38.919776,-77.000581,,52121,{55DC0F5C-809B-384D-E063-782F520A01CE}
,4f27ea0441a7beb69ddde6c07bd0e10f,"7th St & F St NW, Abe Pollin Wy",2055,Yes,Completed,No,No,No,No,Recall,No,Yes,,Active,2,38.89728349,-77.02191813,,52122,{55DC0F5C-809C-384D-E063-782F520A01CE}
,e1e2a18ed6e9d08b966463dec03a1472,Delaware Ave & C St NE,2166,No,No Signage,No,No,No,No,Recall,No,No,,Active,6,38.893637,-77.007586,,52123,{55DC0F5C-809D-384D-E063-782F520A01CE}
,470f2d2a1af8b86b25a662f7d9091695,Southern Ave & Central Ave SE,4152,Yes,Completed,No,No,No,No,Recall,No,Yes,,Active,7,38.885714,-76.918564,,52124,{55DC0F5C-809E-384D-E063-782F520A01CE}
,285fecec91b5f0702bdcb793987f3ce7,1st St & K St NW,2007,Yes,Completed,No,No,No,No,Recall,No,No,,Active,6,38.902534,-77.012181,,52125,{55DC0F5C-809F-384D-E063-782F520A01CE}
,3619a8fe163fe973d670988d9740b8db,23rd St & C St NW,1154,Yes,No Signage,No,No,No,No,Recall,No,No,,Active,2,38.893514,-77.050139,,52126,{55DC0F5C-80A0-384D-E063-782F520A01CE}
,4bcb9541b6841f927ec73834c576a1bf,17th St & Massachusetts Ave NW,1075,Yes,Completed,No,No,No,No,Recall,No,No,,Active,2,38.907925,-77.038504,,52127,{55DC0F5C-80A1-384D-E063-782F520A01CE}
,5f4722423961a424083cf0011dd531fd,20th St & E St NW (South),1118,Yes,Completed,All-Ped Phase,No,No,Yes,Recall,No,No,,Active,2,38.895435,-77.044926,,52128,{55DC0F5C-80A2-384D-E063-782F520A01CE}
,d5d418bdb560d2dfd81904fa57fb8b01,RHODE ISLAND AVENUE NE AND 24TH STREET NE,3249,Yes,No Signage,No,No,No,No,Recall,No,No,,Active,5,38.93100866,-76.97215891,,52129,{55DC0F5C-80A3-384D-E063-782F520A01CE}
,463efc5e5b0229dac099c6333e8a48fd,1st St & New York Ave NW,3002,Yes,Completed,No,No,No,No,Recall,No,Yes,,Active,5,38.906274,-77.01217,,52130,{55DC0F5C-80A4-384D-E063-782F520A01CE}
,9bcbe55f5217c56b6a24919d2ae6a7bf,New Hampshire Ave & Washington Cir NW (North),1377,No,Completed,No,No,No,No,Recall,No,Yes,,Active,2,38.90298,-77.049723,,52131,{55DC0F5C-80A5-384D-E063-782F520A01CE}
,eb9ec54c8003b9120b27bb44d03baf01,16th St & K St NW,1052,Yes,Completed,No,No,No,No,Recall,No,Yes,,Active,2,38.902544,-77.036546,,52132,{55DC0F5C-80A6-384D-E063-782F520A01CE}
,acbd3e13664d04c11752de04d7bc0f1d,"7th St & C St, Maryland Ave SW",1204,Yes,Completed,No,No,No,No,Recall,No,Yes,,Active,6,38.88633011,-77.02191434,,52133,{55DC0F5C-80A7-384D-E063-782F520A01CE}
,,D St SW (between 13th St & 14th St SW),1221,No,No Signage,No,No,No,No, ,No,No,,Active,6,38.884971,-77.031124,,52134,{55DC0F5C-80A8-384D-E063-782F520A01CE}
,0ae44b8e7a452ae371d3bf1df6bf9c3c,17th St & E St NW,1067,Yes,No Signage,All-Ped Phase,No,No,No,Recall,No,No,,Active,2,38.895408,-77.039475,,52135,{55DC0F5C-80A9-384D-E063-782F520A01CE}
,30c42884acfe1183be08659c15267558,"East Oval, South Capitol Street and Suitland Parkway, SE",2290,No,Completed,No,No,No,No,Actuated,No,Yes,,Active,8,38.86577556,-77.00200226,,52136,{55DC0F5C-80AA-384D-E063-782F520A01CE}
,313c7fcb1441dce12ca58a149b68c41f,PEABODY STREET NW AND 13TH STREET NW,5048,Yes,Completed,No,No,No,No,Recall,No,No,,Active,4,38.96271115,-77.02969444,,52137,{55DC0F5C-80AB-384D-E063-782F520A01CE}
,c16fdbaf5ad5ce4e27d2cc1d0b35884c,17th St & Massachusetts Ave SE,4053,Yes,Completed,No,No,No,No,Recall,No,Yes,,Active,7,38.88595719,-76.98076782,,52138,{55DC0F5C-80AC-384D-E063-782F520A01CE}
,2d0ada6528c356cb754299cf3fab651c,6th St & S St NW,3020,Yes,No Signage,No,No,No,No,Recall,No,Yes,,Active,2,38.914096,-77.019911,,52139,{55DC0F5C-80AD-384D-E063-782F520A01CE}
,03d21e4bb5e8f4640f2301d9d27d813d,5th St & Constitution Ave NE,3242,Yes,Completed,No,No,No,No,Recall,No,No,,Active,6,38.89202,-76.99951,,52140,{55DC0F5C-80AE-384D-E063-782F520A01CE}
,db8eab1334b4f4d7cad137eb00b138ba,5th St & Florida Ave NE,3067,Yes,Completed,No,No,No,No,Recall,No,Yes,,Active,5,38.906725,-76.999456,,52141,{55DC0F5C-80AF-384D-E063-782F520A01CE}
,ea18e97ca9b8d5ca83e7a96186afc9ae,"Minnesota Ave & E Capitol St On-Ramp, Ames St NE",4230,Yes,No Signage,No,No,No,No,Recall,No,Yes,,Active,7,38.890665,-76.952442,,52142,{55DC0F5C-80B0-384D-E063-782F520A01CE}
,a33734f53ef792b892ff55e4a9a932f1,"2nd St & Pennsylvania Ave, Independence Ave SE",4005,Yes,Completed,No,No,No,No,Recall,No,Yes,,Active,6,38.88761,-77.003524,,52143,{55DC0F5C-80B1-384D-E063-782F520A01CE}
,4ab8ab9e132fbc2b4f9a61ee76e6adab,15th St & North Carolina Ave NE,3115,Yes,Completed,No,No,No,No,Recall,No,Yes,,Active,6,38.892488,-76.983658,,52144,{55DC0F5C-80B2-384D-E063-782F520A01CE}
,5e4f0096d553c63bd9f20527ed980608,"N Capitol St & Harewood Rd NW, Fort Dr NE",5196,No,No Signage,No,No,No,No,Recall,No,No,,Active,5,38.942371,-77.008025,,52145,{55DC0F5C-80B3-384D-E063-782F520A01CE}
,69ef42c86588eff1645842fb9f9c96a3,18th St and E St NW (South),1086,Yes,Completed,No,No,No,No,Recall,No,No,,Active,2,38.895408,-77.041731,,52146,{55DC0F5C-80B4-384D-E063-782F520A01CE}
,4bf50a202bc458e7ff3acd8b7da2716f,20th St & Florida Ave NW,1376,Yes,No Signage,No,No,No,No,Recall,No,Yes,,Active,2,38.915103,-77.044937,,52147,{55DC0F5C-80B5-384D-E063-782F520A01CE}
,f996011c35e992b48092af4b18ff8ce5,18th St & R St NW,1100,Yes,Completed,No,No,No,No,Recall,No,No,,Active,2,38.912619,-77.04167,,52148,{55DC0F5C-80B6-384D-E063-782F520A01CE}
,b4d12bba4be1900d0e9fc263b0754dbb,Half St & S St SW,2281,Yes,No Signage,No,No,No,No,Actuated,No,Yes,,Active,6,38.868259,-77.010667,,52149,{55DC0F5C-80B7-384D-E063-782F520A01CE}
,09a005c53c35f8985fa073f9e6927dd2,"16th St, Pine St & Park Rd NW",5101,Yes,Completed,No,No,No,Yes,Recall,No,No,,Active,1,38.931665,-77.036471,,52150,{55DC0F5C-80B8-384D-E063-782F520A01CE}
,6876e214c71792da2ef446043b8b365f,"16th St, Arkansas Ave & Shepherd St NW",5083,Yes,No Signage,No,No,No,Yes,Recall,No,Yes,,Active,4,38.939499,-77.036456,,52151,{55DC0F5C-80B9-384D-E063-782F520A01CE}
,10c8af2c11f41a6929c2f1d6877fafbe,Georgia Ave & Park Rd NW,5140,Yes,No Signage,No,No,No,Yes,Recall,No,Yes,,Active,1,38.932835,-77.023782,,52152,{55DC0F5C-80BA-384D-E063-782F520A01CE}
,ebea619ab2a514462edf3a56a6200b0e,"17th St, Mt Olivet Rd & Bladensburg Rd NE",3117,No,Completed,No,No,No,No,Recall,No,No,,Active,5,38.906759,-76.979096,,52153,{55DC0F5C-80BB-384D-E063-782F520A01CE}
,,"Alabama Avenue and Rocketship Legacy Prep Driveway, SE",4304,Yes,Completed,No,No,No,No,Actuated,No,Yes,,Active,7,38.87128695,-76.94100412,,52154,{55DC0F5C-80BC-384D-E063-782F520A01CE}
,33a782bc2348aec07568c2e374e7932f,13th St & Park Rd NW,5047,Yes,No Signage,No,No,No,No,Recall,No,No,,Active,1,38.931331,-77.029714,,52155,{55DC0F5C-80BD-384D-E063-782F520A01CE}
,f62106aebf9ae797473afeafd61f25bf,Connecticut Ave & Q St & 20th St NW,1130,Yes,Completed,No,No,No,No,Recall,No,Planned,,Active,2,38.911129,-77.044305,,52156,{55DC0F5C-80BE-384D-E063-782F520A01CE}
,f29cb762a1af97c6154c81aebe262b65,Eastern Ave & Varnum St NE,3150,Yes,No Signage,No,No,No,No,Recall,No,Yes,,Active,5,38.94301873,-76.97398913,,52157,{55DC0F5C-80BF-384D-E063-782F520A01CE}
,a860cca4af2885300d8cc6d1946a4d5b,16th St NW & Scott Cir NW,1059,No,No Signage,No,No,No,No,Recall,No,No,,Active,2,38.90724556,-77.03653221,,52158,{55DC0F5C-80C0-384D-E063-782F520A01CE}
,84b8e1633d6fe5ae1cff9e75e4b2695f,16th St & Blagden Ave NW,5297,Yes,Completed,No,No,No,No,Actuated,No,Yes,,Active,4,38.95053082,-77.03641827,,52159,{55DC0F5C-80C1-384D-E063-782F520A01CE}
,f40b15563c3184dd258a81cca27f1ae1,Georgia Ave & Madison St NW,5137,Yes,Completed,No,No,No,Yes,Recall,No,Yes,,Active,4,38.958356,-77.028239,,52160,{55DC0F5C-80C2-384D-E063-782F520A01CE}
,5f5458a25b8469c7e1c48a4131cf61ce,Arkansas Ave & Piney Branch Pkwy NW,5249,Yes,No Signage,No,No,No,No,Recall,No,Yes,,Active,4,38.94056,-77.035088,,52161,{55DC0F5C-80C3-384D-E063-782F520A01CE}
,,"SOUTHERN AVENUE AND ALTON STREET, S.E.",4314,Yes,Pending Construction,No,No,No,No,Recall,No,Yes,,Active,7,38.86980457,-76.93899599,,52162,{55DC0F5C-80C4-384D-E063-782F520A01CE}
,2eeb101b00989057f38559d0f1846bea,HURSTON LANE NE AND FORT LINCOLN DRIVE NE,3477,Yes,Completed,No,No,No,No,Actuated,No,Yes,,Active,5,38.92229066,-76.9520319,,52163,{55DC0F5C-80C5-384D-E063-782F520A01CE}
,8d9cf8958b089a368ac357d8182807ea,13th St & Maryland Ave NE,3106,Yes,Completed,No,No,No,No,Recall,No,Yes,,Active,6,38.898137,-76.988304,,52164,{55DC0F5C-80C6-384D-E063-782F520A01CE}
,8bfc31f724d6ffed0d03e3c94bf0496b,S Capitol St & Southern Ave SE,4190,Yes,No Signage,No,No,No,No,Recall,No,Planned,,Active,8,38.821282,-77.001314,,52165,{55DC0F5C-80C7-384D-E063-782F520A01CE}
,f178b407cafb40b0d0a4888189778977,Pennsylvania Av & 28th St SE,4141,Yes,Completed,No,No,No,No,Recall,No,Yes,,Active,7,38.872312,-76.967765,,52166,{55DC0F5C-80C8-384D-E063-782F520A01CE}
,dba7f5d56fd34d9633e0f1310cbd43a9,"MACARTHUR BLVD AND CATHEDRAL AVE, NW",6095,Yes,Completed,No,No,No,No,Recall,No,No,,Active,3,38.93015271,-77.10690551,,52167,{55DC0F5C-80C9-384D-E063-782F520A01CE}
,714ba87b29f79157515ed1e2ca43c913,RESERVOIR ROAD NW AND 35TH STREET NW,6032,Yes,Completed,No,No,No,No,Recall,No,No,,Active,2,38.91268267,-77.06924773,,52168,{55DC0F5C-80CA-384D-E063-782F520A01CE}
,75075da4405a3692746254fd55c46dc1,Vermont Ave NW & L St NW,1192,Yes,Completed,No,No,No,No,Recall,No,No,,Active,2,38.903742,-77.033072,,52169,{55DC0F5C-80CB-384D-E063-782F520A01CE}
,530ec8b8175ec176c6a25ffb8fa2df40,14th St & Q St NW,1022,Yes,Completed,No,No,No,No,Recall,No,Yes,,Active,2,38.911146,-77.031948,,52170,{55DC0F5C-80CC-384D-E063-782F520A01CE}
,589679a79768f2b8f165755751dbd922,3rd St & K St NE,3053,Yes,Completed,No,No,No,No,Recall,No,No,,Active,6,38.902544,-77.002045,,52171,{55DC0F5C-80CD-384D-E063-782F520A01CE}
,256b661ecd991d0d52e0dd63d977cf2f,"17th St NW & Desales St, Sumner Row NW",1066,Yes,Completed,No,No,No,No,Recall,No,No,,Active,2,38.904756,-77.038504,,52172,{55DC0F5C-80CE-384D-E063-782F520A01CE}
,ccb8c6920b387ca8ed30ab11ccaa4df0,CALVERT STREET NW AND LANIER PLACE NW,6052,Yes,Completed,No,No,No,No,Recall,No,No,,Active,1,38.923249,-77.043684,,52173,{55DC0F5C-80CF-384D-E063-782F520A01CE}
,ca0c0367e6362e02996f68dafd80f58b,Irving St & Hobart Pl NW,5282,No,No Signage,No,Yes,No,No,Actuated,No,Yes,,Active,5,38.92981,-77.016969,,52174,{55DC0F5C-80D0-384D-E063-782F520A01CE}
,c713c0e0474843ccbe90aa9c5e48790c,WESTERN AVENUE NW AND JENIFER STREET NW,6127,Yes,Completed,No,No,No,No,Recall,No,No,,Active,3,38.95936942,-77.08758569,,52175,{55DC0F5C-80D1-384D-E063-782F520A01CE}
,9b53b42d23c238180d1cb70db3d0d0da,E Capitol St & Division Ave,4187,Yes,No Signage,No,No,No,No,Actuated,No,Planned,,Active,7,38.889782,-76.927978,,52176,{55DC0F5C-80D2-384D-E063-782F520A01CE}
,041b975f35d174419b416b8d3c7ed294,RENO ROAD NW AND VAN NESS STREET NW,6125,Yes,Completed,No,No,No,No,Recall,No,No,,Active,3,38.94316903,-77.06931737,,52177,{55DC0F5C-80D3-384D-E063-782F520A01CE}
,0369cf0e69f44789915792bfa0cfbd5b,Taylor St & Hawaii Ave NE,5244,Yes,No Signage,No,No,No,No,Recall,No,No,,Active,5,38.940756,-76.999658,,52178,{55DC0F5C-80D4-384D-E063-782F520A01CE}
,,"FOXHALL RD AND FIELD SCHOOL DRIVEWAY, NW",6163,Yes,No Signage,No,No,No,No,Actuated,No,No,,Active,3,38.920088,-77.088737,,52179,{55DC0F5C-80D5-384D-E063-782F520A01CE}
,c4d79f800a7b2fd7d045af7670e9359e,SOUTHVIEW DRIVE SE AND SOUTHERN AVENUE SE,4288,No,No Signage,No,No,No,No,Actuated,No,Yes,,Active,8,38.82797445,-76.99263306,,52180,{55DC0F5C-80D6-384D-E063-782F520A01CE}
,69a27ed9aecddb748689b8bdc327b189,"6th St & Rhode Island Ave, R St NW",3019,No,Completed,No,No,No,No,Recall,No,Yes,,Active,2,38.913034,-77.019914,,52181,{55DC0F5C-80D7-384D-E063-782F520A01CE}
,b107e7674c48dc5042c0ee2dbce2e420,CANAL ROAD ENTRANCE NW AND CANAL ROAD NW,6160,No,No Signage,No,No,No,No,Recall,No,No,,Active,2,38.90548805,-77.07417046,,52182,{55DC0F5C-80D8-384D-E063-782F520A01CE}
,bd8643a024c69781e12462098cd5f4e7,GARRISON STREET NW AND WISCONSIN AVENUE NW,6271,No,No Signage,No,No,No,No,Actuated,Yes,Yes,,Active,3,38.95596195,-77.083272,,52183,{55DC0F5C-80D9-384D-E063-782F520A01CE}
,55593f00fd06c8c661ce332cc50a29f4,"4th St & P St SW, Fort McNair Entrance SW",2195,Yes,No Signage,No,No,No,No,Actuated,No,No,,Active,6,38.87204708,-77.01701305,,52184,{55DC0F5C-80DA-384D-E063-782F520A01CE}
,3c46fb8fb47b1b636451456b821e2a5b,"18th St, New Hampshire Ave & Q St NW",1099,Yes,Completed,No,No,No,No,Recall,No,No,,Active,2,38.91113,-77.042059,,52185,{55DC0F5C-80DB-384D-E063-782F520A01CE}
,fbe45f6521154e5b317fe0987884f307,WISCONSIN AVENUE NW AND MASSACHUSETTS AVENUE NW,6144,Yes,Completed,No,No,No,No,Recall,No,No,,Active,3,38.92861904,-77.07316421,,52186,{55DC0F5C-80DC-384D-E063-782F520A01CE}
,8a1a526afcb9f88fc334128c803bb708,5th St & Kennedy St NW,5016,Yes,No Signage,No,No,No,No,Recall,No,No,,Active,4,38.95645681,-77.01988961,,52187,{55DC0F5C-80DD-384D-E063-782F520A01CE}
,cfdbab47529877514c088439270afe98,WISCONSIN AVENUE NW AND IDAHO AVENUE NW,6266,Yes,No Signage,No,No,No,No,Recall,No,Yes,,Active,3,38.93608248,-77.07315165,,52188,{55DC0F5C-80DE-384D-E063-782F520A01CE}
,4533c1146910974edc70d33bf8dfae05,Alabama Ave & Hartford St SE,4299,No,No Signage,No,No,No,No,Actuated,Yes,Yes,,Active,8,38.854468,-76.969976,,52189,{55DC0F5C-80DF-384D-E063-782F520A01CE}
,,New Jersey Ave & Engine Company 6,3447,No,Completed,All-Ped Phase,No,No,No, ,No,No,,Active,2,38.907677,-77.015611,,52190,{55DC0F5C-80E0-384D-E063-782F520A01CE}
,85d9930e0539052b4001513959511122,K St & 17th St NW,1072,Yes,Completed,No,No,No,No,Recall,No,Yes,,Active,2,38.902586,-77.038509,,52191,{55DC0F5C-80E1-384D-E063-782F520A01CE}
,6158acb170321c9248a78d70a77288f7,2nd St Pedestrian Crossing (between F St & Massachusetts Ave NW),2284,No,No Signage,No,No,No,No,Actuated,No,Yes,,Active,6,38.898479,-77.013677,,52192,{55DC0F5C-80E2-384D-E063-782F520A01CE}
,af7d2c6714fbc625e1606c5b666bcd73,20th St & I St NW,1122,No,No Signage,No,No,No,Yes,Recall,No,No,,Active,2,38.90135,-77.04489,,52193,{55DC0F5C-80E3-384D-E063-782F520A01CE}
,73435d5fb8f812ed226b15ebaa9a88f0,14th St & Taylor St NW,5235,Yes,Completed,No,No,No,No,Recall,No,No,,Active,4,38.940815,-77.032728,,52194,{55DC0F5C-80E4-384D-E063-782F520A01CE}
,5ee9ae34132e24170f9267dab2a78049,17th St & F St NW,1068,Yes,Completed,No,No,No,No,Recall,No,No,,Active,2,38.897367,-77.039469,,52195,{55DC0F5C-80E5-384D-E063-782F520A01CE}
,3c59a425331f7ff640fc596e852632b4,"6th St & D St, Virginia Ave SW",1199,No,Completed,No,No,No,No,Recall,No,No,,Active,6,38.884951,-77.019915,,52196,{55DC0F5C-80E6-384D-E063-782F520A01CE}
,c318b50f20d1f174e6acbf2098f2d494,"23rd St & E St, Navy Hospital Dr NW",1156,Yes,No Signage,No,No,No,No,Actuated,No,Yes,,Active,2,38.8960319,-77.05011974,,52197,{55DC0F5C-80E7-384D-E063-782F520A01CE}
,345ad465e44f960323dfcc4ec1751846,3rd St & E St NW,2018,Yes,Completed,No,No,No,No,Recall,No,No,,Active,6,38.896136,-77.015187,,52198,{55DC0F5C-80E8-384D-E063-782F520A01CE}
,9e737cfb6c264290b30f66d5a5f5d88d,"22nd St & Pennsylvania Ave, K St NW",1148,Yes,Completed,No,No,No,No,Recall,No,Yes,,Active,2,38.902094,-77.048826,,52199,{55DC0F5C-80E9-384D-E063-782F520A01CE}
,b3108bec25eddeb24db84dd2dc5f6864,Connecticut Ave & Calvert St NW,6064,Yes,No Signage,No,No,No,No,Recall,No,No,,Active,3,38.923538,-77.051526,,52200,{55DC0F5C-80EA-384D-E063-782F520A01CE}
,1b5c28b574d29166f36007506a2ca55d,20th St & K St NW,1123,Yes,Completed,No,No,No,Yes,Recall,No,Yes,,Active,2,38.902521,-77.044899,,52201,{55DC0F5C-80EB-384D-E063-782F520A01CE}
,07459bd3ccb9bf71f8459da6941717e8,"S. CAP. POTOMAC, W. OVAL N.",2287,No,Completed,All-Ped Phase,No,No,No,Actuated,No,Yes,,Active,8,38.87089181,-77.00858063,,52202,{55DC0F5C-80EC-384D-E063-782F520A01CE}
,8eb9f466f26f1925fc730097ebc58012,6th St & D St NE,3071,Yes,Completed,No,No,No,No,Recall,No,Yes,,Active,6,38.894796,-76.998454,,52203,{55DC0F5C-80ED-384D-E063-782F520A01CE}
,e0195b330f310fcdff97754a90a4b4aa,16th St & Lamont St NW,5096,Yes,Completed,No,No,No,Yes,Recall,No,No,,Active,1,38.930457,-77.036453,,52204,{55DC0F5C-80EE-384D-E063-782F520A01CE}
,48f6f64309c8cc629964f95ae43adb16,E Capitol St & Southern Ave,4180,Yes,No Signage,No,No,No,No,Recall,No,Planned,,Active,7,38.889771,-76.913417,,52205,{55DC0F5C-80EF-384D-E063-782F520A01CE}
,39f1ada9358ba8a5670fbaba99602f33,16th St & Minnesota Ave SE,4229,Yes,Completed,No,No,No,No,Recall,No,No,,Active,8,38.867744,-76.982233,,52206,{55DC0F5C-80F0-384D-E063-782F520A01CE}
,6d97cbb3ccd04869442daad7de7cee4f,9th St & Upshur St NW,5260,Yes,Completed,All-Ped Phase,No,No,No,Recall,No,Yes,,Active,4,38.941886,-77.025075,,52207,{55DC0F5C-80F1-384D-E063-782F520A01CE}
,910d9bb8eece0e3164635f1fb5553bfa,17th St & Maryland Ave NE,3125,Yes,Completed,No,No,No,No,Recall,No,No,,Active,5,38.901928,-76.978994,,52208,{55DC0F5C-80F2-384D-E063-782F520A01CE}
,64e5bdc95fdacdc606066ac4eb401e6c,"1st St, New Jersey Ave NW & Massachusetts Ave, G St NW",2009,Yes,Completed,No,No,Yes,No,Recall,No,No,,Active,6,38.898848,-77.01242,,52209,{55DC0F5C-80F3-384D-E063-782F520A01CE}
,aa955ba3e926ec22f703b91f46ded77b,DAVENPORT STREET NW AND WISCONSIN AVENUE NW,6133,Yes,No Signage,No,No,No,Yes,Recall,No,No,,Active,3,38.95207402,-77.08128696,,52210,{55DC0F5C-80F4-384D-E063-782F520A01CE}
,edb798bb26c65165d313cb6fa4ba02bd,9th St & G St NW,2071,Yes,Completed,No,Yes,No,Yes,Recall,No,No,,Active,2,38.89845435,-77.02396729,,52211,{55DC0F5C-80F5-384D-E063-782F520A01CE}
,,Raoul Wallenberg Pl & Holocaust Memorial Museum Entrance,1249,Yes,No Signage,No,No,No,No,Actuated,No,No,,Active,2,38.886364,-77.033679,,52212,{55DC0F5C-80F6-384D-E063-782F520A01CE}
,19ed5aee968f189c7a44398b5b37713e,Benning Rd & Anacostia Av NE,4071,Yes,Completed,No,No,No,No,Actuated,No,No,,Active,7,38.896928,-76.960271,,52213,{55DC0F5C-80F7-384D-E063-782F520A01CE}
,2969bbc06408ccc52bb761a59ad8b078,15th St & M St NW,1040,Yes,Completed,No,No,No,No,Recall,No,No,,Active,2,38.905661,-77.034555,,52214,{55DC0F5C-80F8-384D-E063-782F520A01CE}
,4b2ff13f1a7acc007564809c9371fcb6,Minnesota Ave & Dix St NE,4081,Yes,Completed,No,No,No,No,Recall,No,Yes,,Active,7,38.893822,-76.950145,,52215,{55DC0F5C-80F9-384D-E063-782F520A01CE}
,11904c4f8597df557e993b9f1cf9612f,MASSACHUSETTS AVENUE NW AND WESLEY CIRCLE NW,6047,Yes,Completed,No,No,No,No,Recall,No,No,,Active,3,38.94154007,-77.09086439,,52217,{55DC0F5C-80FB-384D-E063-782F520A01CE}
,,Westbound Independence Ave & Daniel French Dr SW,1240,No,No Signage,No,No,No,No,TOD Recall,No,Yes,,Active,2,38.88714315,-77.04786184,,52218,{55DC0F5C-80FC-384D-E063-782F520A01CE}
,a498f19178751b8412eef7f3f48fbf0c,18th St & P St NW,1097,Yes,No Signage,No,No,No,No,Recall,No,No,,Active,2,38.909647,-77.041681,,52219,{55DC0F5C-80FD-384D-E063-782F520A01CE}
,02dec6b7ad4697a4fe8116ffdc20d070,SHERRILL DRIVE NW AND ASPEN STREET NW,5084,Yes,Completed,No,No,No,Yes,Recall,No,Planned,,Active,4,38.97227667,-77.03637333,,52220,{55DC0F5C-80FE-384D-E063-782F520A01CE}
,08b1acb18a42c6a91f60f2d78717e0d2,"34th St, Monroe St & Eastern Ave NE",3452,Yes,No Signage,No,No,No,No,Recall,No,No,,Active,5,38.933596,-76.961388,,52221,{55DC0F5C-80FF-384D-E063-782F520A01CE}
,d7f667155ea1b2bd188f2635bc85a31d,"Independence Ave SW (Eastbound) & Kutz Bridge, Tidal Basin (East)",1250,No,No Signage,No,No,No,No,Actuated,No,Yes,,Active,2,38.88693742,-77.03781216,,52222,{55DC0F5C-8100-384D-E063-782F520A01CE}
,9878f35b65d27181961c961cca98bbdc,S Capitol St & Virginia Ave SE,2229,Yes,No Signage,No,No,No,No,Recall,No,No,,Active,6,38.882298,-77.009062,,52223,{55DC0F5C-8101-384D-E063-782F520A01CE}
,afe852bdb21f12ca48ef7a5c9549c323,"Tilden St, Park Rd & Beach Dr NW",6002,No,No Signage,No,No,No,No, ,No,No,,Active,4,38.939499,-77.051254,,52224,{55DC0F5C-8102-384D-E063-782F520A01CE}
,d2bcce91b23b0b4e45bac7cd178400ea,Columbia Rd & Kalorama Rd NW,6060,Yes,Completed,No,No,No,No,Recall,No,No,,Active,1,38.919665,-77.044411,,52225,{55DC0F5C-8103-384D-E063-782F520A01CE}
,61cd56ad7c901ea150c2ffc2a342f8f2,11th St & G St SE,4036,Yes,Completed,No,No,No,No,Recall,No,Planned,,Active,6,38.88127487,-76.99153483,,52226,{55DC0F5C-8104-384D-E063-782F520A01CE}
,34a6cf1d148812ee2aa38863b5393c14,31ST STREET NW AND M STREET NW,6016,Yes,No Signage,No,No,No,No,Recall,No,No,,Active,2,38.90519831,-77.06118662,,52227,{55DC0F5C-8105-384D-E063-782F520A01CE}
,261fb25c9e2ae6c635b9d8b1e9df7f83,26th St Ped Crossing & K St NW,1252,No,No Signage,No,No,No,No,TOD Recall,No,No,,Active,2,38.902542,-77.054837,,52228,{55DC0F5C-8106-384D-E063-782F520A01CE}
,a399fb96980f1ec59089851784184f8e,Florida Ave & West Virginia Ave NE,3151,Yes,Completed,No,No,No,No,Recall,No,Yes,,Active,5,38.904007,-76.993129,,52229,{55DC0F5C-8107-384D-E063-782F520A01CE}
,43612eae2b26d70fd4f0fb6e5dff139f,"18th St & Minnesota Ave, R St SE",4265,Yes,No Signage,No,No,No,No,Recall,No,Yes,,Active,8,38.869438,-76.97891,,52230,{55DC0F5C-8108-384D-E063-782F520A01CE}
,03523ac053d9b4c050f30be70dffe356,New York Ave & Kendall St NE,3183,Yes,No Signage,No,No,No,No,Actuated,No,Yes,,Active,5,38.914676,-76.987899,,52231,{55DC0F5C-8109-384D-E063-782F520A01CE}
,5360160f881016a446aacd1184d0d630,Brentwood Rd & Saratoga Ave NE,3148,Yes,No Signage,No,No,No,No,Recall,No,No,,Active,5,38.922042,-76.98861,,52232,{55DC0F5C-810A-384D-E063-782F520A01CE}
,a3824894d12d4c51dc65e5bcb3dc99bf,19th St & K St NW,1111,Yes,Completed,No,No,No,No,Recall,No,Yes,,Active,2,38.902528,-77.043458,,52233,{55DC0F5C-810B-384D-E063-782F520A01CE}
,62f493142b5352475b9ea776620d0100,"S Capitol St & Firth Sterling Ave, Defense Blvd SE",4186,Yes,No Signage,No,No,No,No,Actuated,No,Yes,,Active,8,38.860668,-77.003412,,52234,{55DC0F5C-810C-384D-E063-782F520A01CE}
,d246fcb8b06eaeea15dc07fab1959ef8,1st St & C St NE,2158,No,No Signage,No,No,No,No,Recall,No,No,,Active,6,38.893611,-77.005898,,52235,{55DC0F5C-810D-384D-E063-782F520A01CE}
,b8007ce6b9006d5849c40b12f2fc1367,MASSACHUSETTS AVENUE NW AND 49TH STREET NW,6051,Yes,No Signage,No,No,No,No,Recall,No,No,,Active,3,38.94585196,-77.09676557,,52236,{55DC0F5C-810E-384D-E063-782F520A01CE}
,85b98b2c0fe832f5e1fcf153d990daec,"Howard Road & Anacostia Metro Garage Access Road, SE",4247,Yes,No Signage,No,No,No,No,Actuated,No,No,,Active,8,38.86405088,-76.99756682,,52237,{55DC0F5C-810F-384D-E063-782F520A01CE}
,0354bbc7d80bc42167c1382bb2b03e3a,"4th St & Howard Pl (University Entrance), McMillan Dr NW",3240,Yes,Completed,No,No,No,No,Recall,No,No,,Active,1,38.922768,-77.018356,,52238,{55DC0F5C-8110-384D-E063-782F520A01CE}
,ee52e996c5d00f709f033566542f8b22,17th St & Constitution Ave NE,3119,Yes,Completed,No,No,No,No,Recall,No,Yes,,Active,7,38.892008,-76.980768,,52239,{55DC0F5C-8111-384D-E063-782F520A01CE}
,8ed7cf28b0f27dc8a382d0e64057d9c5,Potomac Ave & Half St SW,2280,Yes,Completed,No,Yes,No,No,Actuated,No,Yes,,Active,6,38.87009851,-77.01066378,,52241,{55DC0F5C-8113-384D-E063-782F520A01CE}
,0c2b03cfe03960c431ed6e6990a48f86,N Capitol St & Michigan Ave,5199,No,No Signage,No,No,No,No,Recall,No,Yes,,Active,5,38.92669,-77.009031,,52242,{55DC0F5C-8114-384D-E063-782F520A01CE}
,dd8415d0fd61f71dd8c2469586d88a5a,"7th St, New Hampshire Ave & Shepherd St NW",5157,Yes,Completed,No,No,No,No,Recall,No,No,,Active,4,38.93994823,-77.02161291,,52243,{55DC0F5C-8115-384D-E063-782F520A01CE}
,edc8d726de10d84b46d803f0312f217e,4th St & Constitution Ave NE,3056,Yes,Completed,No,No,No,No,Recall,No,No,,Active,6,38.892026,-77.000579,,52244,{55DC0F5C-8116-384D-E063-782F520A01CE}
,07497bb7298b21eddb9d8717649d2e8f,PINEY BRANCH ROAD NW AND GEORGIA AVENUE NW,5142,Yes,Completed,No,No,Yes,No,Recall,No,Yes,,Active,4,38.9675429,-77.0274791,,52245,{55DC0F5C-8117-384D-E063-782F520A01CE}
,50b03698cb3f10e4e90d84290ed0e96d,"23rd St & Constitution Ave NW, Theodore Roosevelt Bridge",1155,Yes,No Signage,No,No,No,No,Recall,No,Yes,,Active,2,38.892109,-77.050155,,52246,{55DC0F5C-8118-384D-E063-782F520A01CE}
,b40f9b88e3d48f296b2b387a27964dce,BROAD BRANCH ROAD NW AND MILITARY ROAD NW,6114,Yes,Completed,No,No,No,No,Recall,No,Yes,,Active,4,38.96102075,-77.06624044,,52247,{55DC0F5C-8119-384D-E063-782F520A01CE}
,5033d7671b6a0173b73bbf3176a5dc80,1st St & P St NW,3004,Yes,Completed,No,No,No,No,Recall,No,No,,Active,5,38.909646,-77.012172,,52248,{55DC0F5C-811A-384D-E063-782F520A01CE}
,188c32cfdcdd94a6809088d0feac65c0,New Hampshire Ave & Randolph St NW,5008,Yes,No Signage,No,No,No,No,Recall,No,No,,Active,4,38.93874,-77.022511,,52249,{55DC0F5C-811B-384D-E063-782F520A01CE}
,11aa337d83407432041e557f90bbf270,58th St & E Capitol St,4177,Yes,Completed,No,No,No,No,Recall,No,Yes,,Active,7,38.8897682,-76.91778259,,52250,{55DC0F5C-811C-384D-E063-782F520A01CE}
,5c715297f98fe77df73fde8ed1dfc505,9th St & Pennsylvania Ave NW,2080,Yes,Completed,No,No,No,No,Recall,No,No,,Active,2,38.893879,-77.023962,,52251,{55DC0F5C-811D-384D-E063-782F520A01CE}
,a18ee52add8be21d5727015657d52e77,"RENO RD AND TILDEN ST AND SPRINGLAND LN, NW",6124,No,Completed,No,No,No,No,Recall,No,No,,Active,3,38.94078637,-77.06777273,,52252,{55DC0F5C-811E-384D-E063-782F520A01CE}
,ca33062b5217622325d64b4873bb67f5,"7th St, 8th St & Massachusetts Ave, Constitution Ave NE",3078,No,Completed,No,No,No,No,Recall,No,Yes,,Active,6,38.89202475,-76.99568085,,52253,{55DC0F5C-811F-384D-E063-782F520A01CE}
,e6fa244effb15644aa285f48d070bb75,5TH STREET NW AND VAN BUREN STREET NW,5021,Yes,No Signage,No,No,No,No,Recall,No,No,,Active,4,38.96993127,-77.01989741,,52254,{55DC0F5C-8120-384D-E063-782F520A01CE}
,b1b2c77f3192e85d5f230d219e202cd5,"17th St, Montana Ave & Bryant St NE",3126,Yes,No Signage,No,No,No,No,Recall,No,No,,Active,5,38.921233,-76.98082,,52255,{55DC0F5C-8121-384D-E063-782F520A01CE}
,fcb1e1907d93df1629755cc9e05fc49b,"12 St, Maine Ave & Market Square SW (Fish Market)",2277,Yes,No Signage,No,No,No,No,Recall,No,Yes,,Active,6,38.881348,-77.026627,,52256,{55DC0F5C-8122-384D-E063-782F520A01CE}
,748fc9126d4c471eea2649f5276c38e8,13th St & N St NW,2141,Yes,Completed,No,No,No,No,Recall,No,No,,Active,2,38.907244,-77.029632,,52257,{55DC0F5C-8123-384D-E063-782F520A01CE}
,ddad4cfb432b18ba38cbf2a35064bf03,10th St & Pennsylvania Ave SE,4260,Yes,Completed,No,No,No,No,Recall,No,Yes,,Active,6,38.883242,-76.992655,,52258,{55DC0F5C-8124-384D-E063-782F520A01CE}
,191ed8e0b8aad4293c9f0d15d87d204d,7th St & Constitution Ave NW,2052,Yes,Completed,No,No,No,No,Recall,No,No,,Active,2,38.892084,-77.021897,,52259,{55DC0F5C-8125-384D-E063-782F520A01CE}
,f380b8bba778c8728c341a8fec02ef6d,"7th St, Puerto Rico Ave & Taylor St NE",3215,Yes,Completed,No,No,No,No,Actuated,No,No,,Active,5,38.940747,-76.995737,,52260,{55DC0F5C-8126-384D-E063-782F520A01CE}
,955ca77a5f9762bda7d3bd1144904e3b,17th St & M St NW,1074,Yes,Completed,No,No,No,No,Recall,No,No,,Active,2,38.905663,-77.0385,,52261,{55DC0F5C-8127-384D-E063-782F520A01CE}
,9b1e0f71e4bc1bedb64145a17e1977df,18th St & G St NW,1089,Yes,Completed,No,No,No,No,Recall,No,No,,Active,2,38.898345,-77.041702,,52262,{55DC0F5C-8128-384D-E063-782F520A01CE}
,794dce8cef025bad624eca070a873b5a,"Kansas Ave & Missouri Ave, Kennedy St NW",5153,Yes,Completed,No,No,No,No,Recall,No,Yes,,Active,4,38.95665,-77.014987,,52263,{55DC0F5C-8129-384D-E063-782F520A01CE}
,79b89464c06c01b858ac6df9cd397d35,14th St & E Capitol St,3221,Yes,Completed,No,No,No,No,Recall,No,No,,Active,6,38.889825,-76.985526,,52264,{55DC0F5C-812A-384D-E063-782F520A01CE}
,6fa54f82b4dc57caf643a6c09ae4196e,"Vermont Ave, Madison Pl & H St NW",1191,Yes,Completed,All-Ped Phase,No,No,Yes,Recall,No,Yes,,Active,2,38.900225,-77.035122,,52265,{55DC0F5C-812B-384D-E063-782F520A01CE}
,2c3f3fab58a593ee1aeb40f7be957c8b,16th St & H St NW,1050,Yes,No Signage,All-Ped Phase,No,No,Yes,Recall,No,Yes,,Active,2,38.900214,-77.036547,,52266,{55DC0F5C-812C-384D-E063-782F520A01CE}
,bf45a0932409fb0a88b5ddab96cd420a,18th St & F St NW,1088,Yes,Completed,No,No,No,No,Recall,No,No,,Active,2,38.897364,-77.041693,,52267,{55DC0F5C-812D-384D-E063-782F520A01CE}
,2256dbd805c029c1b0ecead823b965ce,"5th St & I St, Massachusetts Ave NW",2035,No,No Signage,No,No,No,No,Recall,No,Yes,,Active,6,38.90113175,-77.01892923,,52268,{55DC0F5C-812E-384D-E063-782F520A01CE}
,1fa5242164d63439fcf5541370f45aee,12th St & L St NW,2123,Yes,Completed,No,No,No,No,Recall,No,No,,Active,2,38.90374745,-77.02808595,,52269,{55DC0F5C-812F-384D-E063-782F520A01CE}
,1bc9dd123e3de9205c9e9743a268efa7,WISCONSIN AVENUE NW AND UPTON STREET NW,6246,Yes,No Signage,No,No,No,Yes,Recall,No,No,,Active,3,38.94222372,-77.07650888,,52270,{55DC0F5C-8130-384D-E063-782F520A01CE}
,8131665f625b4b1f52375e609c7c1e84,South Dakota Ave & Ingraham St NE,5279,No,No Signage,No,No,No,No,Recall,No,Yes,,Active,5,38.954199,-76.998839,,52271,{55DC0F5C-8131-384D-E063-782F520A01CE}
,5e736990ad6565bc96417792be29108c,Irving St & Mt Pleasant St NW,5150,Yes,No Signage,No,No,No,No,Recall,No,No,,Active,1,38.928732,-77.037354,,52272,{55DC0F5C-8132-384D-E063-782F520A01CE}
,7153f2b147a8643a87c61e6f59c66c1e,15th St & Euclid St NW,5077,Yes,Completed,No,No,No,No,Recall,No,Yes,,Active,1,38.92344124,-77.03531092,,52273,{55DC0F5C-8133-384D-E063-782F520A01CE}
,f2507a773bbd12c07beb6f26b1690c14,NEBRASKA AVENUE NW AND NEVADA AVENUE NW,6115,Yes,Completed,No,No,No,No,Recall,No,Yes,,Active,3,38.95939614,-77.06754502,,52274,{55DC0F5C-8134-384D-E063-782F520A01CE}
,4405fcab726efa341c4497d610129634,K ST & WASH CIR (WEST) NW,1382,No,No Signage,No,No,No,No,Recall,No,Yes,,Active,2,38.90238162,-77.05077904,,52275,{55DC0F5C-8135-384D-E063-782F520A01CE}
,d6360f4d79770e22bbb8ea5a577d901c,14th St & Monroe St NE,3171,Yes,Completed,No,No,No,No,Recall,No,No,,Active,5,38.93278,-76.986375,,52276,{55DC0F5C-8136-384D-E063-782F520A01CE}
,dc7db23b7e96de1ed5ce1d05fc1f52f6,15th St & E Capitol St,3222,Yes,Completed,No,No,No,No,Recall,No,No,,Active,6,38.88981,-76.983663,,52277,{55DC0F5C-8137-384D-E063-782F520A01CE}
,d0818414493dcb3e27e9ed0f6b12382f,17th St & P St NW,1078,Yes,Completed,No,No,No,No,Recall,No,No,,Active,2,38.909649,-77.038501,,52278,{55DC0F5C-8138-384D-E063-782F520A01CE}
,878ee355c5d44cb23fa9469f657aad60,Southern Ave & Benning Rd SE,4248,Yes,Completed,No,No,No,No,Recall,No,No,,Active,7,38.87603,-76.930991,,52279,{55DC0F5C-8139-384D-E063-782F520A01CE}
,3efde069e2f0e33bc7a05295cf692808,Pennsylvania Ave & Southern Ave SE,4147,Yes,Completed,No,No,No,No,Recall,No,Yes,,Active,7,38.86374978,-76.94676152,,52280,{55DC0F5C-813A-384D-E063-782F520A01CE}
,2d320c9afa20ebbea50da1897da6ec3b,11th St & P St NW,2110,Yes,Completed,No,No,No,No,Recall,No,No,,Active,2,38.909654,-77.027037,,52281,{55DC0F5C-813B-384D-E063-782F520A01CE}
,9d0aad96fe4285fb14e8c584e806bbc6,11th St & Florida Ave NW,5025,Yes,Completed,No,No,No,No,Recall,No,No,,Active,1,38.920769,-77.027037,,52283,{55DC0F5C-813D-384D-E063-782F520A01CE}
,056b7fad99237dde8e9b3550eb503a76,S Capitol St & D St,2225,Yes,Completed,No,No,No,No,Recall,No,No,,Active,6,38.885079,-77.009068,,52284,{55DC0F5C-813E-384D-E063-782F520A01CE}
,c126181ad33af92f80b2943c568b69a2,13th St & Massachusetts Ave NW,2140,Yes,Completed,No,No,No,No,Recall,No,No,,Active,2,38.904823,-77.029615,,52285,{55DC0F5C-813F-384D-E063-782F520A01CE}
,58dae3614457997d322eabb0876dbe75,"3rd St, South Dakota Ave & Riggs Rd NE",5192,Yes,No Signage,No,No,No,No,Recall,No,No,,Active,4,38.956882,-77.002335,,52286,{55DC0F5C-8140-384D-E063-782F520A01CE}
,f7774b4de3de83c02d10ca7a19919ff1,12th Pl & Taylor St NE,3217,Yes,Completed,No,No,No,Yes,Recall,No,No,,Active,5,38.940723,-76.990246,,52287,{55DC0F5C-8141-384D-E063-782F520A01CE}
,18ed738654aac2e46a140b124fdfe2b3,"49th St, Sycamore Rd & E Capitol St",4172,Yes,No Signage,No,No,No,No,Recall,No,Planned,,Active,7,38.88978,-76.932061,,52288,{55DC0F5C-8142-384D-E063-782F520A01CE}
,babe16ff430f82d3d31b84b7245be9c0,16th St & Church St NW,5296,No,No Signage,No,No,No,No,Actuated,Yes,Yes,,Active,2,38.910401,-77.03651,,52289,{55DC0F5C-8143-384D-E063-782F520A01CE}
,ff90c254fc3ed1093890decd0b9dae51,Alabama Ave & Randle Pl SE,4101,Yes,Completed,No,No,No,No,Recall,No,No,,Active,8,38.843168,-76.997661,,52290,{55DC0F5C-8144-384D-E063-782F520A01CE}
,aac650bba16146c167375f2e19ec57d9,"12th St, Saratoga Ave & Rhode Island Ave NE",3187,No,No Signage,No,No,No,No,Recall,No,No,,Active,5,38.923139,-76.990222,,52291,{55DC0F5C-8145-384D-E063-782F520A01CE}
,ef7aa2b8f2c8a544a1e9b88f3643540d,N Capitol St & Rhode Island Ave,3043,Yes,Completed,No,No,No,No,Recall,No,No,,Active,5,38.91681898,-77.0090439,,52292,{55DC0F5C-8146-384D-E063-782F520A01CE}
,aa89cf6d9561f6d8819c2afeed4fa44b,10th St & H St NE,3092,Yes,Completed,No,No,No,No,Recall,No,No,,Active,6,38.90020969,-76.99264727,,52293,{55DC0F5C-8147-384D-E063-782F520A01CE}
,27c475a08b8f047aedb68ba6d9ed6a88,10th St & L St NW,2093,Yes,Completed,No,No,No,No,Recall,No,No,,Active,2,38.904187,-77.025986,,52294,{55DC0F5C-8148-384D-E063-782F520A01CE}
,d19fcc4a409ff3fa37035e209e6f93e5,Martin Luther King Jr Ave & Marion Barry Ave SE (Good Hope Rd),4118,Yes,Completed,No,No,No,No,Recall,No,Yes,,Active,8,38.86745,-76.988623,,52295,{55DC0F5C-8149-384D-E063-782F520A01CE}
,4c148de5dac5019bff01939bb78db204,"63rd St & Eastern Ave, Dix St NE",4002,Yes,No Signage,No,No,No,No,Recall,No,Yes,,Active,7,38.894265,-76.911215,,52296,{55DC0F5C-814A-384D-E063-782F520A01CE}
,dbe347a270c0f437d48c441f15643bcf,6th St & K St NW,2046,Yes,Completed,No,No,No,No,Recall,No,No,,Active,6,38.902537,-77.019909,,52297,{55DC0F5C-814B-384D-E063-782F520A01CE}
,4b58ae9d44efe03f6b40265071ad9ae5,12th St & Constitution Ave NW,1006,Yes,Completed,No,No,No,No,Recall,No,No,,Active,2,38.892101,-77.028137,,52298,{55DC0F5C-814C-384D-E063-782F520A01CE}
,9216d166969fc03084ca188e06bc2194,PEABODY STREET NW AND NORTH DAKOTA AVENUE NW,5207,Yes,Completed,No,No,No,No,Recall,No,Yes,,Active,4,38.96271225,-77.01137251,,52299,{55DC0F5C-814D-384D-E063-782F520A01CE}
,,"SOUTHERN AVENUE AND RIDGE ROAD, S.E.",4315,Yes,Pending Construction,No,No,No,No,Recall,No,Yes,,Active,7,38.87290257,-76.93501509,,52300,{55DC0F5C-814E-384D-E063-782F520A01CE}
,8578410cf7dc8df762598876b089c766,16th St & Crescent Pl NW,5086,Yes,No Signage,No,No,No,Yes,Recall,No,No,,Active,1,38.920969,-77.036511,,52301,{55DC0F5C-814F-384D-E063-782F520A01CE}
,830cc401d1585e7f4263de81acbec325,14th St & Lower E St NW,1010,Yes,Completed,No,No,No,No,Recall,No,No,,Active,2,38.895537,-77.03198,,52302,{55DC0F5C-8150-384D-E063-782F520A01CE}
,6f5ac909a4c8b911763abd5b6fc01e42,N Capitol St & M St,2221,Yes,No Signage,No,No,No,No,Recall,No,No,,Active,6,38.90565517,-77.00906518,,52303,{55DC0F5C-8151-384D-E063-782F520A01CE}
,ce636c01dcf627645d9469a6216a1cb1,5th St & H St NE,3451,Yes,No Signage,No,No,No,No,Recall,No,No,,Active,6,38.900208,-76.999509,,52304,{55DC0F5C-8152-384D-E063-782F520A01CE}
,62a29668463f1ad8600bf1bab694fd1a,1st St & Michigan Av NW,5003,Yes,No Signage,No,No,No,No,Recall,No,No,,Active,5,38.926294,-77.012142,,52305,{55DC0F5C-8153-384D-E063-782F520A01CE}
,5b97127c6aa9687c42fcfcf2d522ce9b,11th St & O St SE,4259,Yes,Completed,No,No,No,Yes,Actuated,No,Yes,,Active,6,38.873311,-76.991293,,52306,{55DC0F5C-8154-384D-E063-782F520A01CE}
,d0c29edfdb7c6dc01b4d5fae4f68338a,PINEY BRANCH ROAD NW AND VAN BUREN STREET NW,5165,Yes,Completed,No,No,No,No,Recall,No,No,,Active,4,38.96993191,-77.02540822,,52307,{55DC0F5C-8155-384D-E063-782F520A01CE}
,a66e9b71974df85f36db33ed2c79e2a4,14th St & Gallatin St NW,5060,Yes,Completed,TOD All-Ped Phase,No,No,No,Recall,No,No,,Active,4,38.951868,-77.033426,,52308,{55DC0F5C-8156-384D-E063-782F520A01CE}
,dc111eed249698877c2d88f078ac4a46,"2nd St, I-395 NB Off-Ramp (Ramp J) & D St NW",2011,Yes,No Signage,No,No,No,No,Recall,No,No,,Active,6,38.894782,-77.013681,,52309,{55DC0F5C-8157-384D-E063-782F520A01CE}
,072c11e5aa9a2e25398f4ece18ab1814,Fort Totten Dr & Gallatin St NE,5268,Yes,Completed,No,No,No,No,Recall,No,Yes,,Active,5,38.952385,-77.007831,,52310,{55DC0F5C-8158-384D-E063-782F520A01CE}
,0715cec5282261f33e49e1245285c30b,11th St & Euclid St NW,5024,Yes,Completed,No,No,No,No,Recall,No,No,,Active,1,38.923766,-77.027038,,52311,{55DC0F5C-8159-384D-E063-782F520A01CE}
,3aadfd1766141a126fa9996bdccbc407,1st St & Atlantic St SE,4106,Yes,Completed,No,No,No,No,Recall,No,No,,Active,8,38.83121384,-77.0058876,,52312,{55DC0F5C-815A-384D-E063-782F520A01CE}
,a04323cd16cc264bd807b3b5cce847ef,4th St & Morse St NE,3472,Yes,Completed,All-Ped Phase,No,No,No,Recall,No,Yes,,Active,5,38.907861,-76.999982,,52313,{55DC0F5C-815B-384D-E063-782F520A01CE}
,2a79ea62410ea7bb6aca0725e5ea3210,3rd St & Jefferson Dr SW,2183,Yes,No Signage,No,No,No,No,Recall,No,No,,Active,2,38.888847,-77.015208,,52314,{55DC0F5C-815C-384D-E063-782F520A01CE}
,16870f50bcf2bdff85c603e25777f72e,19th St & L St NW,1112,Yes,Completed,No,No,No,No,Recall,No,No,,Active,2,38.903751,-77.043457,,52315,{55DC0F5C-815D-384D-E063-782F520A01CE}
,4cae29af1fb10be2b1cc80c12d6ffcbe,36th St (West) & Benning Rd NE,4200,No,No Signage,No,No,No,No,Actuated,No,No,,Active,7,38.896172,-76.954149,,52316,{55DC0F5C-815E-384D-E063-782F520A01CE}
,a27879921605c025f28d0d9ffbe3fd83,"East Oval, South Capital Street and Frederick Douglass Memorial Bridge, SE",2289,No,Completed,All-Ped Phase,No,No,No,Actuated,No,Yes,,Active,8,38.86726407,-77.00261774,,52317,{55DC0F5C-815F-384D-E063-782F520A01CE}
,3c43760d3c0151089c28b783ef077379,6th St & I St SW,2197,Yes,Completed,No,No,No,No,Recall,No,Yes,,Active,6,38.879293,-77.019903,,52318,{55DC0F5C-8160-384D-E063-782F520A01CE}
,b80f10a6e6652b012b8d1f9cf0c2737d,16th St & Decatur St NW,5087,Yes,No Signage,No,No,No,Yes,Recall,No,No,,Active,4,38.948265,-77.036421,,52319,{55DC0F5C-8161-384D-E063-782F520A01CE}
,3464fc96825e5d47fe8c4eaa058ccc3f,Connecticut Ave & L St NW,1178,Yes,Completed,No,Yes,No,No,Recall,No,Yes,,Active,2,38.903764,-77.040025,,52320,{55DC0F5C-8162-384D-E063-782F520A01CE}
,eb49ef9ee3b0a9b0ed1419a62b7e028a,New Hampshire Ave & Missouri Ave NW,5156,No,No Signage,No,No,No,No,Recall,No,No,,Active,4,38.955183,-77.010297,,52321,{55DC0F5C-8163-384D-E063-782F520A01CE}
,e7054e290973a32b8cd8012e59ac0b1e,16TH STREET NW AND MAIN DRIVE NW,5108,Yes,Completed,No,No,No,Yes,Actuated,No,No,,Active,4,38.97313192,-77.03637089,,52322,{55DC0F5C-8164-384D-E063-782F520A01CE}
,2a36a159cc447db1a0deefb3555316bb,13th St SE & Southern Ave SE,4192,Yes,Completed,No,No,No,No,Recall,No,Yes,,Active,8,38.83391277,-76.98502428,,52323,{55DC0F5C-8165-384D-E063-782F520A01CE}
,,G St & Engine Company 23 (between 21st & 22nd St NW),1369,No,No Signage,No,Yes,No,No,Recall,No,Yes,,Active,2,38.89833,-77.047559,,52324,{55DC0F5C-8166-384D-E063-782F520A01CE}
,e822a06e965889ae8b84982952ca95ed,"Martin Luther King Jr Ave & Howard Rd, Sheridan Rd SE",4124,No,Completed,No,No,No,No,Recall,No,No,,Active,8,38.86150999,-76.99379829,,52325,{55DC0F5C-8167-384D-E063-782F520A01CE}
,6949ccaeedc63faec14506f8aeb4b6c3,MAINE AVENUE SW AND PARKER ROW SW,2294,Yes,No Signage,No,No,No,No,Recall,No,Yes,,Active,6,38.8774385,-77.02127153,,52326,{55DC0F5C-8168-384D-E063-782F520A01CE}
,c2b24228bb16c730a3f97c0b6482ae68,16TH STREET NW AND KALMIA ROAD NW,5094,Yes,Completed,No,No,No,No,Recall,No,No,,Active,4,38.98566687,-77.03634515,,52327,{55DC0F5C-8169-384D-E063-782F520A01CE}
,e5a2e37deae888101a6282fbcb865411,6th St & Q St NW,3018,Yes,Completed,No,No,No,No,Recall,No,Yes,,Active,2,38.91112959,-77.01990328,,52328,{55DC0F5C-816A-384D-E063-782F520A01CE}
,b2528b8fcb8518987f73db04fc26f912,Florida Ave & California St NW,1235,Yes,Completed,No,No,No,No,Recall,No,No,,Active,1,38.917815,-77.0404,,52329,{55DC0F5C-816B-384D-E063-782F520A01CE}
,a9cceb05120f9cd13e60cfb2d07cb833,"5th St, New Jersey Ave & Florida Ave NW",3015,Yes,No Signage,No,No,No,Yes,Recall,No,No,,Active,2,38.91479182,-77.01841617,,52330,{55DC0F5C-816C-384D-E063-782F520A01CE}
,bb3a49210838d7582d129c6c16b2c6c5,KANSAS AVENUE NE AND EASTERN AVENUE NE,5210,Yes,Completed,No,No,No,No,Recall,No,Planned,,Active,4,38.968534,-77.00608115,,52331,{55DC0F5C-816D-384D-E063-782F520A01CE}
,9a1b196779446d678e2d740ce1a79c84,"6th St & Florida Ave, T St NW",3021,Yes,Completed,No,No,No,Yes,Recall,No,No,,Active,2,38.915441,-77.019946,,52332,{55DC0F5C-816E-384D-E063-782F520A01CE}
,fe040114dbf0362e20f99eaad3b72072,"13th St & Upper E St, Pennsylvania Ave NW",2132,Yes,Completed,No,No,No,No,Recall,No,Yes,,Active,2,38.896136,-77.029615,,52333,{55DC0F5C-816F-384D-E063-782F520A01CE}
,4361fd26c25950192a3f367a95c73a8e,14th St & Shepherd St NW,5234,Yes,Completed,No,No,Yes,No,Recall,No,No,,Active,4,38.939751,-77.032733,,52334,{55DC0F5C-8170-384D-E063-782F520A01CE}
,385f58ce2543fa75df8d8384e115aa48,8TH STREET NW AND MISSOURI AVENUE NW,5022,Yes,Completed,No,No,No,No,Recall,No,No,,Active,4,38.95973339,-77.02419876,,52335,{55DC0F5C-8171-384D-E063-782F520A01CE}
,6c4fd2f9062caabadb43b6ad66a70957,Georgia Ave & Otis Pl NW,5256,No,Completed,No,No,No,Yes,Recall,No,Yes,,Active,1,38.934194,-77.023986,,52336,{55DC0F5C-8172-384D-E063-782F520A01CE}
,2c7d6a8054899da1e8397d9333c091a3,11th St & N St NW,2246,Yes,Completed,No,No,No,No,Recall,No,No,,Active,2,38.90725,-77.027036,,52337,{55DC0F5C-8173-384D-E063-782F520A01CE}
,ce0cbea5d9ff3344ef1ef8836fe1b00c,Bladensburg Rd & South Dakota Ave NE,3146,Yes,Completed,No,No,No,No,Recall,No,Yes,,Active,5,38.925189,-76.965152,,52338,{55DC0F5C-8174-384D-E063-782F520A01CE}
,3cbb8fd5fe6730a5a805b16f171d22b0,1st St & O St NW,3003,Yes,Completed,No,No,No,No,Recall,No,No,,Active,5,38.90857728,-77.01216585,,52339,{55DC0F5C-8175-384D-E063-782F520A01CE}
,2a1eaeb17b60a7184db5e8a72061f849,N Capitol St & Gallatin St,5195,Yes,Completed,No,No,No,No,Recall,No,No,,Active,5,38.952405,-77.009004,,52340,{55DC0F5C-8176-384D-E063-782F520A01CE}
,776ad3a55e5737fbf4e39d11dcb3204f,"Bladensburg Rd & Oates St, K St NE",3144,Yes,No Signage,No,No,No,No,Recall,No,No,,Active,5,38.902688,-76.981714,,52341,{55DC0F5C-8177-384D-E063-782F520A01CE}
,,Monroe St & Engine Company 17 (between 12th & 13th St NE),3437,No,No Signage,No,No,No,No,Actuated,No,No,,Active,5,38.932596,-76.989938,,52342,{55DC0F5C-8178-384D-E063-782F520A01CE}
,9c82b143451d141daf9c1946e579506e,14th St & I St NW,1015,Yes,Completed,No,No,No,Yes,Recall,No,Yes,,Active,2,38.901357,-77.031975,,52343,{55DC0F5C-8179-384D-E063-782F520A01CE}
,c4e0e28c8a2473a43902c59fc8f79d1c,15th St & H St NW,1034,Yes,Completed,No,No,No,No,Recall,No,No,,Active,2,38.90021414,-77.03364394,,52344,{55DC0F5C-817A-384D-E063-782F520A01CE}
,981af507b84a0b706607de62f542c1fd,Alabama Ave & Congress St SE,4095,Yes,Completed,No,No,Yes,Yes,Recall,No,No,,Active,8,38.84553972,-76.98509476,,52345,{55DC0F5C-817B-384D-E063-782F520A01CE}
,e43eb881aee2398295144973400f5dec,21st St & C St NE,3133,Yes,Completed,No,Yes,No,No,Recall,No,Yes,,Active,7,38.893262,-76.975157,,52346,{55DC0F5C-817C-384D-E063-782F520A01CE}
,,Benning Rd & Streetcar Turn,3458,No,No Signage,No,No,No,No, ,No,No,,Active,5,38.897539,-76.966648,,52347,{55DC0F5C-817D-384D-E063-782F520A01CE}
,192e3a6b09842b3993685739c360d04f,14th St & Irving St NW,5063,No,Completed,Barnes Dance,No,No,No,Recall,No,No,,Active,1,38.928774,-77.03264,,52349,{55DC0F5C-817F-384D-E063-782F520A01CE}
,9c99941d25737e4c503feca83520fd7c,NICHOLSON STREET NE AND RIGGS ROAD NE,5191,Yes,Completed,No,No,No,No,Recall,No,No,,Active,4,38.96091894,-76.99907656,,52350,{55DC0F5C-8180-384D-E063-782F520A01CE}
,ff7ad16ff52741b551b14e74f4532b55,New Jersey Ave & G St NW,2151,Yes,Completed,No,No,No,No,Recall,No,No,,Active,6,38.89829798,-77.01222152,,52351,{55DC0F5C-8181-384D-E063-782F520A01CE}
,55fe3ccd3fb99c6f22bc78e4f42925d3,BLAIR ROAD NW AND VAN BUREN STREET NW,5113,Yes,Completed,No,No,No,No,Recall,No,Yes,,Active,4,38.96993007,-77.01496199,,52352,{55DC0F5C-8182-384D-E063-782F520A01CE}
,f3c83b84db04390d9bca2bbcbb3eefc8,"44th Pl, Bowen Rd & Ridge Rd SE",4149,Yes,Completed,No,No,No,No,Recall,No,No,,Active,7,38.8734013,-76.93597932,,52353,{55DC0F5C-8183-384D-E063-782F520A01CE}
,954c1d7808a5785d210aea010030aaec,MACOMB STREET NW AND CONNECTICUT AVENUE NW,6072,Yes,Completed,No,No,No,No,Recall,No,Yes,,Active,3,38.93351773,-77.05731671,,52354,{55DC0F5C-8184-384D-E063-782F520A01CE}
,4973d66c3096c1fce83c254c1539b55b,SALEM LANE NW AND FOXHALL ROAD NW,6091,No,No Signage,No,No,No,No,Recall,No,No,,Active,3,38.91243425,-77.08504964,,52355,{55DC0F5C-8185-384D-E063-782F520A01CE}
,532dd51fea1e9418a61ac231f7465562,15th St & Columbia Rd NW,5076,Yes,Completed,No,No,No,No,Recall,No,No,,Active,1,38.927053,-77.035531,,52356,{55DC0F5C-8186-384D-E063-782F520A01CE}
,e0fd347a03670fa77646ebfb28248d2f,"39TH ST AND NEBRASKA AND ALBERMARLE, NW",6037,Yes,Completed,No,No,No,No,Recall,No,No,,Active,3,38.94800059,-77.07715989,,52357,{55DC0F5C-8187-384D-E063-782F520A01CE}
,,West Union Station Ped Crossing,2273,No,No Signage,No,Yes,No,No,Recall,No,No,,Active,6,38.897432,-77.007642,,52358,{55DC0F5C-8188-384D-E063-782F520A01CE}
,f391cc709294a08a6c4016d779578c16,"19th St & Pennsylvania Ave, H St NW",1114,Yes,Completed,No,No,No,Yes,Recall,No,Yes,,Active,2,38.900232,-77.043468,,52359,{55DC0F5C-8189-384D-E063-782F520A01CE}
,8c42f6be7ca13ed403015c0e638f273f,Independence Ave & S Capitol St,2227,Yes,No Signage,No,No,No,No,Recall,No,No,,Active,6,38.887596,-77.009068,,52360,{55DC0F5C-818A-384D-E063-782F520A01CE}
,e1e2a9d8902d17cecdd3a22000df51fc,18th St & Rhode Island Ave NE,3190,Yes,Completed,No,No,No,No,Recall,No,No,,Active,5,38.927671,-76.979077,,52361,{55DC0F5C-818B-384D-E063-782F520A01CE}
,ba7f86a6f93595a9cd74c2d33eaba6d7,22nd St & I St NW,1375,Yes,Completed,No,No,No,No,Recall,No,Yes,,Active,2,38.900701,-77.048839,,52362,{55DC0F5C-818C-384D-E063-782F520A01CE}
,b3859c1b21d5b8092ae8387670a87bec,14th St & T St NW,1026,Yes,Completed,No,No,No,No,Recall,No,Yes,,Active,1,38.915583,-77.031942,,52363,{55DC0F5C-818D-384D-E063-782F520A01CE}
,4443cc5be3e1158b88511fdabc985134,WISCONSIN AVENUE NW AND NEWARK STREET NW,6146,Yes,Completed,No,No,No,Yes,Recall,No,Yes,,Active,3,38.93464398,-77.07250705,,52364,{55DC0F5C-818E-384D-E063-782F520A01CE}
,673ab05b16e188c798602054ffec06d9,12th St & Pennsylvania Ave NW,2127,Yes,Completed,No,No,No,No,Recall,No,No,,Active,2,38.895032,-77.028094,,52365,{55DC0F5C-818F-384D-E063-782F520A01CE}
,5885a67de51314e974320adaaf162f44,14th St & P St NW,1021,Yes,Completed,No,No,No,No,Recall,No,Yes,,Active,2,38.90965545,-77.03195409,,52366,{55DC0F5C-8190-384D-E063-782F520A01CE}
,,10th St (Between E & F St NW),2395,No,No Signage,No,No,No,No,TOD Recall,No,No,,Active,2,38.896594,-77.025983,,52367,{55DC0F5C-8191-384D-E063-782F520A01CE}
,f4c423acec1be5cd35d53b983bed63af,"30th St, Naylor Rd & Gainesville St SE",4139,Yes,Completed,No,No,No,No,Recall,No,Planned,,Active,7,38.85484888,-76.96571003,,52368,{55DC0F5C-8192-384D-E063-782F520A01CE}
,b630b8b3cba27e7f57774a4e528562b9,26th St & Bladensburg Rd NE,3219,Yes,No Signage,No,No,No,No,Recall,No,No,,Active,5,38.921589,-76.969002,,52369,{55DC0F5C-8193-384D-E063-782F520A01CE}
,fa578851dab015d774aa2dbbda25abb2,"14th St, South Dakota Ave & Webster St NE",3201,No,Completed,No,No,No,No,Actuated,No,Planned,,Active,5,38.9442572,-76.98558316,,52370,{55DC0F5C-8194-384D-E063-782F520A01CE}
,b98ff7c0f2584d3dc4460444ea91c969,3rd St & Rhode Island Ave NE,3478,Yes,No Signage,No,No,No,No,Recall,No,Yes,,Active,5,38.919241,-77.002033,,52371,{55DC0F5C-8195-384D-E063-782F520A01CE}
,cf268e50bac3582a4569156f96c2e01c,Florida Ave & H St NE,3449,No,No Signage,No,No,No,No,Actuated,No,No,,Active,5,38.90021921,-76.9841547,,52372,{55DC0F5C-8196-384D-E063-782F520A01CE}
,c2c3ed09bace8ecac5a79576f65352e6,WISCONSIN AVENUE NW AND MACOMB STREET NW,6143,Yes,Completed,No,No,No,Yes,Recall,No,No,,Active,3,38.93349179,-77.07241742,,52373,{55DC0F5C-8197-384D-E063-782F520A01CE}
,6e28669b82b76b5a23072d85a706bc71,"2nd St, I St & New Jersey Ave NW",1391,Yes,No Signage,No,No,No,No,Recall,No,Yes,,Active,6,38.901343,-77.013305,,52374,{55DC0F5C-8198-384D-E063-782F520A01CE}
,,"WESTERN AVE AND GEICO ENTRANCE, NW",6126,Yes,No Signage,No,No,No,No,Actuated,No,Yes,,Active,3,38.958913,-77.088183,,52375,{55DC0F5C-8199-384D-E063-782F520A01CE}
,2801e7b233664c102bdcf55ca10bc153,11th St & F St NW,2103,Yes,Completed,No,No,No,No,Recall,No,Yes,,Active,2,38.89735758,-77.02703573,,52376,{55DC0F5C-819A-384D-E063-782F520A01CE}
,a550a7fd11504cbf6b5acf1a4af35070,17th St & K St NE,3439,Yes,No Signage,No,No,No,No,Recall,No,No,,Active,5,38.90251,-76.978996,,52377,{55DC0F5C-819B-384D-E063-782F520A01CE}
,fd926d82981a1f2fe1e8f453efe94fb0,1st St & D St SE,2234,Yes,Completed,No,No,No,No,Recall,No,Yes,,Active,6,38.885072,-77.00588,,52378,{55DC0F5C-819C-384D-E063-782F520A01CE}
,5371145f02d22730f734db40b26b223b,NORTON STREET NW AND MACARTHUR BOULEVARD NW,6097,Yes,No Signage,No,No,No,No,Actuated,No,Yes,,Active,3,38.93569811,-77.11159056,,52379,{55DC0F5C-819D-384D-E063-782F520A01CE}
,8920c9ca7b01d7bb1660c8e1920fffc7,7th St & Washington Dr NW (Midblock Ped Crossing),1002,No,No Signage,No,No,No,No,Recall,No,No,,Active,2,38.889958,-77.021909,,52380,{55DC0F5C-819E-384D-E063-782F520A01CE}
,58b2e3be16ebedadcb3dd6ef9de62166,"10th St, Bunker Hill Rd & Otis St NE",3093,Yes,No Signage,No,No,No,No,Recall,No,No,,Active,5,38.93443716,-76.9927953,,52381,{55DC0F5C-819F-384D-E063-782F520A01CE}
,4cda4e79ee6b8a36a79d720891647247,41ST STREET NW AND LIVINGSTON STREET NW,6039,Yes,Completed,No,No,No,No,Recall,No,No,,Active,3,38.96309804,-77.08028704,,52382,{55DC0F5C-81A0-384D-E063-782F520A01CE}
,8f9323e74d724d680ff99481b52090ae,"5th St & New York Ave, L St NW",3238,Yes,Completed,No,No,No,No,Recall,No,No,,Active,2,38.903931,-77.018936,,52383,{55DC0F5C-81A1-384D-E063-782F520A01CE}
,560a1a90768861d85af7d894c5e0bc98,15th St & R St NW,1044,Yes,Completed,No,No,No,No,Recall,No,No,,Active,2,38.912622,-77.034556,,52384,{55DC0F5C-81A2-384D-E063-782F520A01CE}
,4adb433d630bce95d7666ed3bc1c6680,24th St & M St NW,1168,Yes,Completed,No,No,No,No,Recall,No,Yes,,Active,2,38.905263,-77.051417,,52385,{55DC0F5C-81A3-384D-E063-782F520A01CE}
,06e2fc6c9cfe39f40ef42c606ea170df,New York Ave NE & Bladensburg Rd NE,3180,No,Completed,No,No,No,No,Recall,No,No,,Active,5,38.917344,-76.972475,,52386,{55DC0F5C-81A4-384D-E063-782F520A01CE}
,73cafed6cbb71d0292bf3e9abc83d209,Foxhall Rd & W St NW,6263,Yes,No Signage,No,No,No,No,Actuated,No,Yes,,Active,3,38.919169,-77.088749,,52387,{55DC0F5C-81A5-384D-E063-782F520A01CE}
,dbe8e0fb78239512b8e08e1f3695b454,RHODE ISLAND AVENUE NE AND THAYER STREET NE,3480,No,No Signage,No,No,No,No,Actuated,Yes,Yes,,Active,5,38.93027779,-76.97366426,,52388,{55DC0F5C-81A6-384D-E063-782F520A01CE}
,e3f1bbbf4757c5205352eefd15319d8d,2nd St & H St NW,2013,Yes,Completed,No,No,No,No,Recall,No,Yes,,Active,6,38.900225,-77.013671,,52389,{55DC0F5C-81A7-384D-E063-782F520A01CE}
,,Minnesota Ave NE & WMATA (Metro Station),4272,Yes,No Signage,No,No,No,No,Recall,No,Yes,,Active,7,38.896306,-76.948068,,52390,{55DC0F5C-81A8-384D-E063-782F520A01CE}
,1602634c2a2736bc76341eb181de0e79,FORT DRIVE NW AND NEBRASKA AVENUE NW,6251,Yes,Completed,No,No,No,No,Actuated,No,No,,Active,3,38.95228305,-77.07362317,,52391,{55DC0F5C-81A9-384D-E063-782F520A01CE}
,ae087e0be45e8aaaebeb09658f1e6307,8th St NE & C St NE,3081,Yes,Completed,No,No,No,No,Recall,No,No,,Active,6,38.893591,-76.994977,,52393,{55DC0F5C-81AB-384D-E063-782F520A01CE}
,53926d6be4f01a714328b9aaed0d2ee9,Lincoln Memorial Cir & Henry Bacon Dr NW,1362,No,Completed,No,No,No,No,TOD Recall,No,No,,Active,2,38.89010448,-77.04951197,,52394,{55DC0F5C-81AC-384D-E063-782F520A01CE}
,2656a8a8a4054b3c47312623754d20c4,1st St & Potomac Ave SE,2267,No,Completed,All-Ped Phase,No,No,No,TOD Recall,No,Yes,,Active,8,38.87198436,-77.00588713,,52395,{55DC0F5C-81AD-384D-E063-782F520A01CE}
,c1193eab6e4131b996f0b2a7283b247b,11th St & Park Rd NW,5029,Yes,Completed,No,No,No,No,Recall,No,No,,Active,1,38.931833,-77.028265,,52396,{55DC0F5C-81AE-384D-E063-782F520A01CE}
,7748c6e95869377d2f0e088d7f438951,K St NW & Washington Cir NW (East),1379,No,No Signage,No,No,No,No,Recall,No,Yes,,Active,2,38.902753,-77.049485,,52397,{55DC0F5C-81AF-384D-E063-782F520A01CE}
,f1f32f3bccc9e3df13ae5d2acbc6ff64,1st St & Louisiana Ave NW,2008,Yes,No Signage,No,No,No,No,Recall,No,No,,Active,6,38.892867,-77.012167,,52398,{55DC0F5C-81B0-384D-E063-782F520A01CE}
,00b72ef0d06111c8f3d4f2c3d829f71a,"MASSACHUSETTS AVE AND GLOVER GATE (AU), NW",6104,Yes,No Signage,No,No,No,No,Recall,No,Yes,,Active,3,38.939032,-77.087409,,52399,{55DC0F5C-81B1-384D-E063-782F520A01CE}
,73de6d2e81aa06c1085daf6d4d08c8d1,11th Pl & Alabama Ave SE,4087,Yes,No Signage,No,No,No,Yes,Actuated,No,Yes,,Active,8,38.844142,-76.991672,,52400,{55DC0F5C-81B2-384D-E063-782F520A01CE}
,814a9879abbb0e407705b2d826d8b50e,2nd St & Missouri Ave NW,5252,Yes,No Signage,No,No,No,No,Recall,No,Yes,,Active,4,38.956306,-77.013664,,52401,{55DC0F5C-81B3-384D-E063-782F520A01CE}
,fb2ba4911387fac685c89c4a14de8836,Florida Ave & Eckington Pl NE,3030,Yes,Completed,No,No,No,No,Recall,No,Yes,,Active,5,38.909225,-77.005371,,52402,{55DC0F5C-81B4-384D-E063-782F520A01CE}
,66733aa3ba55013bf2c52ad1f77a2484,"13th St, Michigan Ave & Taylor St NE",3161,No,Completed,No,No,No,No,Recall,No,Yes,,Active,5,38.940748,-76.987998,,52403,{55DC0F5C-81B5-384D-E063-782F520A01CE}
,e3c8ab5cdbb6a9a65753a82b6668f6e2,56th Pl & E Capitol St,4176,Yes,Completed,No,No,No,No,Recall,No,Planned,,Active,7,38.889764,-76.920723,,52404,{55DC0F5C-81B6-384D-E063-782F520A01CE}
,9bbdd26a59e4efb1a083d94d1f9f40d4,18th St & Independence Ave SE,4264,Yes,No Signage,No,No,No,No,Recall,No,Yes,,Active,7,38.88759,-76.978995,,52405,{55DC0F5C-81B7-384D-E063-782F520A01CE}
,9d4cd847ac57a0debb7298cfee70c9f4,10th St & G St NW,2089,Yes,Completed,No,No,No,No,Recall,No,No,,Active,2,38.898318,-77.025991,,52406,{55DC0F5C-81B8-384D-E063-782F520A01CE}
,a359213dfe02affc43d1d2e9ef1151a2,"2nd St & C St SW, I-695 EB On-Ramp (Ramp 5A)",2175,Yes,Completed,No,No,No,No,Recall,No,Yes,,Active,6,38.886052,-77.013655,,52407,{55DC0F5C-81B9-384D-E063-782F520A01CE}
,ee962bd39f1e95fdf1fb19878a4e6501,17th St & D St NE,3120,Yes,Completed,No,No,No,No,Recall,No,Yes,,Active,7,38.894777,-76.980779,,52408,{55DC0F5C-81BA-384D-E063-782F520A01CE}
,f16c66bc42098246da926e19845369f3,FOXHALL ROAD NW AND GARFIELD STREET NW,6089,Yes,Completed,No,No,No,No,Actuated,No,No,,Active,3,38.9275365,-77.0902563,,52409,{55DC0F5C-81BB-384D-E063-782F520A01CE}
,3d48fc20e08c51a9b83eff42130015bb,16th St & Colorado Ave NW,5085,Yes,No Signage,No,No,No,Yes,Recall,No,Yes,,Active,4,38.952561,-77.036412,,52410,{55DC0F5C-81BC-384D-E063-782F520A01CE}
,af9b95744372421fb499bb247d7faa71,"15th St & Pennsylvania Ave NW (Upper E St NW), Alexander Hamilton Statue",1029,Yes,Completed,No,No,No,Yes,Recall,No,No,,Active,2,38.896411,-77.033629,,52411,{55DC0F5C-81BD-384D-E063-782F520A01CE}
,ea70e86ca9778260dfe950d2a8ca8cce,UTAH AVENUE NW AND NEBRASKA AVENUE NW,6234,Yes,No Signage,No,No,No,No,Recall,No,No,,Active,4,38.96706906,-77.06087764,,52413,{55DC0F5C-81BF-384D-E063-782F520A01CE}
,4d8c302ff7f9c88d01aa82d324c9c39d,Georgia Ave & Quincy St NW,5011,Yes,Completed,No,No,No,Yes,Recall,No,Yes,,Active,4,38.937609,-77.024511,,52414,{55DC0F5C-81C0-384D-E063-782F520A01CE}
,64574d26359f92081d737caeb20e4e7e,"TENLEY CIRCLE (SOUTHWEST), NW",6156,No,Completed,No,No,No,No,Recall,No,No,,Active,3,38.946287,-77.078766,,52415,{55DC0F5C-81C1-384D-E063-782F520A01CE}
,14ff2e4e0a14c3ebc4f90e44df1dfe51,Porter St (MidBlock Ped Crossing between 34th St NW & Connecticut Ave NW),6162,No,No Signage,No,No,No,No,Actuated,No,No,,Active,3,38.937387,-77.063186,,52416,{55DC0F5C-81C2-384D-E063-782F520A01CE}
,c0b6721abb932b5e5a92dadef59e7159,13TH STREET NW AND FORT STEVENS DRIVE NW,5037,Yes,Completed,No,No,No,No,Recall,No,No,,Active,4,38.96438975,-77.03004788,,52417,{55DC0F5C-81C3-384D-E063-782F520A01CE}
,ffdec7134c196e0c1c65b0fd3ef41591,WISCONSIN AVENUE NW AND CALVERT STREET NW,6132,Yes,Completed,No,No,No,No,Recall,No,Yes,,Active,3,38.92255133,-77.07290956,,52418,{55DC0F5C-81C4-384D-E063-782F520A01CE}
,570a9184004741b855422cb98938250a,44TH STREET NW AND FOXHALL ROAD NW,6045,Yes,Completed,No,No,No,No,Recall,No,No,,Active,3,38.90687085,-77.08109287,,52419,{55DC0F5C-81C5-384D-E063-782F520A01CE}
,76b6747385f0e234917a37bcf56a9f30,"16th St & Harvard St, Columbia Rd NW",5091,No,Completed,No,No,No,No,Recall,No,Yes,,Active,1,38.926399,-77.036493,,52420,{55DC0F5C-81C6-384D-E063-782F520A01CE}
,65eea523fea5f72519a837b856275293,RIDGE SQUARE NW AND WISCONSIN AVENUE NW,6137,Yes,No Signage,No,No,No,Yes,Actuated,No,Yes,,Active,3,38.94118814,-77.07593506,,52421,{55DC0F5C-81C7-384D-E063-782F520A01CE}
,11d5a8777d3f5349d11606e125041a8a,"1st St, New Jersey Ave & E St, North Carolina Ave SE",4003,No,Completed,No,No,No,No,Recall,No,No,,Active,6,38.883293,-77.006225,,52422,{55DC0F5C-81C8-384D-E063-782F520A01CE}
,,12th St & C St NW,1005,Yes,No Signage,No,No,No,No,Recall,No,No,,Active,2,38.893596,-77.028146,,52423,{55DC0F5C-81C9-384D-E063-782F520A01CE}
,0a902731bbedf0e47f91020ca6e207ea,18th St & C St NE,3127,Yes,Completed,No,No,No,No,Recall,No,Yes,,Active,7,38.893344,-76.979004,,52424,{55DC0F5C-81CA-384D-E063-782F520A01CE}
,df9a484fbee1a5fe81fba8f9ad6ea60d,CEDAR STREET NW AND 5TH STREET NW,5012,Yes,Completed,No,No,No,No,Recall,No,No,,Active,4,38.97479923,-77.01989646,,52425,{55DC0F5C-81CB-384D-E063-782F520A01CE}
,237de793fd5ce6a2385769c4e48f0d91,M St & Delaware Ave SW,2242,Yes,Completed,No,No,No,No,Recall,No,No,,Active,6,38.876473,-77.013895,,52426,{55DC0F5C-81CC-384D-E063-782F520A01CE}
,396679e340bfe4d8e78bdaacfbf6d790,13th St & K St NW,2137,Yes,Completed,No,No,No,No,Recall,No,Yes,,Active,2,38.902573,-77.029631,,52427,{55DC0F5C-81CD-384D-E063-782F520A01CE}
,81eb553aecf471154e77b516f49541a9,1st St SE & M St SE,2209,Yes,Completed,No,No,No,Yes,Recall,No,Yes,,Active,6,38.876511,-77.005908,,52428,{55DC0F5C-81CE-384D-E063-782F520A01CE}
,6e34c04ce3e75f5d57e58aeadc748abe,6th St & Constitution Ave NE,3070,Yes,Completed,No,No,No,No,Recall,No,No,,Active,6,38.89202,-76.998452,,52429,{55DC0F5C-81CF-384D-E063-782F520A01CE}
,5898e67980b5fa26ec9056758ec73cfd,15th St & L St NW,1039,Yes,Completed,No,No,No,No,Recall,No,No,,Active,2,38.903744,-77.034568,,52430,{55DC0F5C-81D0-384D-E063-782F520A01CE}
,24a290cc013885c02a4ad28c25a7679d,19th St & E St NW (North),1106,Yes,Completed,All-Ped Phase,No,No,Yes,Recall,No,No,,Active,2,38.895996,-77.04348,,52431,{55DC0F5C-81D1-384D-E063-782F520A01CE}
,b3029bc2fbed6050869e2c9ac40f35a3,11th St & Constitution Ave NE,3095,Yes,Completed,No,No,No,No,Recall,No,No,,Active,6,38.892018,-76.991531,,52432,{55DC0F5C-81D2-384D-E063-782F520A01CE}
,,Connecticut Ave MidBlock Ped Crossing near Ordway St (3414 Connecticut),6264,No,No Signage,No,No,No,No,Actuated,Yes,Yes,,Active,3,38.934687,-77.057996,,52433,{55DC0F5C-81D3-384D-E063-782F520A01CE}
,69b3b709313650219ff8666fac262c89,PEABODY STREET NE AND NEW HAMPSHIRE AVENUE NE,5184,Yes,No Signage,No,No,No,No,Recall,No,No,,Active,4,38.96270555,-77.00471382,,52434,{55DC0F5C-81D4-384D-E063-782F520A01CE}
,674c30cb2a6308f5b120ef6a2a6fde4a,"LOUGHBORO RD AND SIBLEY HOSPITAL ENT, NW",6093,Yes,No Signage,No,No,No,No,Actuated,No,No,,Active,3,38.93575257,-77.10825518,,52435,{55DC0F5C-81D5-384D-E063-782F520A01CE}
,96fdeb40bec98b3211dcbeb3ab6242dd,LOUGHBORO ROAD NW AND DALECARLIA PARKWAY NW,6262,Yes,No Signage,No,No,No,No,Actuated,No,Yes,,Active,3,38.93574842,-77.10648283,,52436,{55DC0F5C-81D6-384D-E063-782F520A01CE}
,8e0bb0fd7f58df6bec7290ac81555a66,16th St & Marion Barry Ave SE (Good Hope Rd),4116,Yes,Completed,No,No,Yes,Yes,Recall,No,No,,Active,8,38.866191,-76.981925,,52437,{55DC0F5C-81D7-384D-E063-782F520A01CE}
,e04a3f1dab729827878a4a101c9134e0,S Capitol St & Brandywine St SE,1390,No,No Signage,No,No,No,No,Actuated,Yes,Yes,,Active,8,38.830216,-77.007676,,52438,{55DC0F5C-81D8-384D-E063-782F520A01CE}
,44e5bbc62b38d6b35c062dea464338ee,Rock Creek Church Rd & Harewood Rd NW,5240,Yes,No Signage,No,No,No,No,Actuated,No,Yes,,Active,4,38.944622,-77.010929,,52439,{55DC0F5C-81D9-384D-E063-782F520A01CE}
,94db197fc4ddd7b46f83ea19d42dbefe,5th St & Gallatin St NW,5013,Yes,No Signage,No,No,No,No,Recall,No,No,,Active,4,38.952092,-77.01968,,52440,{55DC0F5C-81DA-384D-E063-782F520A01CE}
,3bbdc02b6b2615aa135187c853f1f54d,"63rd St, Southern Ave & Banks Pl NE",4243,Yes,No Signage,No,No,No,No,Recall,No,No,,Active,7,38.891967,-76.910941,,52441,{55DC0F5C-81DB-384D-E063-782F520A01CE}
,4eacb8c761c857b6f0063f1e106b9d8c,"9th St & Massachusetts Ave, Mt Vernon Pl NW",2077,Yes,Completed,No,Yes,No,No,Recall,No,No,,Active,2,38.902956,-77.023979,,52442,{55DC0F5C-81DC-384D-E063-782F520A01CE}
,cef1b5531f24b0673dac9ba1bf9d9505,"1st St & Rhode Island Ave, T St NW",3007,Yes,Completed,No,No,No,No,Recall,No,Yes,,Active,5,38.915722,-77.012159,,52443,{55DC0F5C-81DD-384D-E063-782F520A01CE}
,2f2c01eb3cc286dfa0518b9269bd3156,32ND STREET NW AND MILITARY ROAD NW,6019,Yes,Completed,No,No,No,No,TOD Recall,No,No,,Active,4,38.96102382,-77.06389142,,52444,{55DC0F5C-81DE-384D-E063-782F520A01CE}
,357235c427de22588d500975ee734470,"K St, Pennsylvania Ave & Washington Cir (East) NW",1378,No,Completed,No,No,No,No,Recall,No,Yes,,Active,2,38.90229581,-77.0493716,,52445,{55DC0F5C-81DF-384D-E063-782F520A01CE}
,95eeda581778aeef77e24a6a7c1b38ce,4th St (Engine Company 25) & Martin Luther King Jr Ave SE,4292,Yes,No Signage,No,No,No,No,Recall,No,Yes,,Active,8,38.84295043,-77.00058307,,52446,{55DC0F5C-81E0-384D-E063-782F520A01CE}
,fc874862aeed96ecdd8d6a4e5fbf1e42,"18th St, Adams Mill Rd & Columbia Rd NW",6001,Yes,Completed,No,No,No,No,Recall,No,Yes,,Active,1,38.92266857,-77.04268654,,52447,{55DC0F5C-81E1-384D-E063-782F520A01CE}
,a94fcb952b512b42528e70cbc0325db8,7th St & M St SE,2296,Yes,Completed,No,No,No,No,Recall,No,Yes,,Active,8,38.8764863,-76.99619109,,52448,{55DC0F5C-81E2-384D-E063-782F520A01CE}
,b7d9eca0c778c8aa343af9f8bfc939c4,S Capitol St & Pacific Parking Lot (G Park Lot SW),2222,Yes,No Signage,No,No,No,No,Actuated,No,No,,Active,6,38.881476,-77.009066,,52449,{55DC0F5C-81E3-384D-E063-782F520A01CE}
,732f6dabedb087d333e25607e08fdbf1,13th St & Harvard St NW,5039,Yes,No Signage,No,No,No,No,Recall,No,No,,Active,1,38.926746,-77.029697,,52450,{55DC0F5C-81E4-384D-E063-782F520A01CE}
,81daf17ef8cc579d9c4132587255070b,Alabama Ave & Naylor Rd SE,4099,Yes,Completed,No,No,No,No,Recall,No,No,,Active,7,38.85893,-76.968198,,52451,{55DC0F5C-81E5-384D-E063-782F520A01CE}
,13c69c62581fcdb51d164c3b0b8f4aef,9th St & H St NE,3088,Yes,Completed,No,No,No,No,Recall,No,No,,Active,6,38.900227,-76.993763,,52452,{55DC0F5C-81E6-384D-E063-782F520A01CE}
,cf93a908a17de7aa7dec16bed74d23a4,GEORGIA AVENUE NW AND VAN BUREN STREET NW,5147,Yes,No Signage,No,No,No,Yes,Recall,No,No,,Active,4,38.96993248,-77.02726712,,52453,{55DC0F5C-81E7-384D-E063-782F520A01CE}
,d8d29adfec1e84d473d2d25fb3bae9c3,12th St & M St SE,4245,Yes,No Signage,No,No,No,No,Actuated,No,Yes,,Active,6,38.876493,-76.990341,,52454,{55DC0F5C-81E8-384D-E063-782F520A01CE}
,5d47e08b895bf1a150ac05549dff11b4,WISCONSIN AVENUE NW AND VAN NESS STREET NW,6152,Yes,Completed,No,No,No,Yes,Recall,No,No,,Active,3,38.94317006,-77.07703094,,52455,{55DC0F5C-81E9-384D-E063-782F520A01CE}
,002262425ca7ce7bd1a2cf21d5510024,Maryland Ave & 14th St NE,3111,Yes,Completed,No,No,No,No,Recall,No,Yes,,Active,6,38.899283,-76.985503,,52456,{55DC0F5C-81EA-384D-E063-782F520A01CE}
,8431f62e3aec6a0bd9e9a36a088d8c24,"18th St & E St (North), New York Ave NW",1087,Yes,Completed,No,No,No,No,Recall,No,No,,Active,2,38.895996,-77.041724,,52457,{55DC0F5C-81EB-384D-E063-782F520A01CE}
,3ab0e1e02855fb561b1f38c0e811c3f7,"Martin Luther King Jr Ave & Chicago St, Morris Rd SE",4123,Yes,Completed,No,No,No,Yes,Recall,No,Yes,,Active,8,38.86338,-76.991122,,52458,{55DC0F5C-81EC-384D-E063-782F520A01CE}
,9081adf69f7605b8430f00a0929a9cfa,Constitution Ave & Louisiana Ave NW,2148,Yes,No Signage,No,No,No,No,Recall,No,No,,Active,6,38.89209759,-77.0131817,,52459,{55DC0F5C-81ED-384D-E063-782F520A01CE}
,16c9aaba29b4e6e4beb84d0e9a6ecf56,"18th St & Florida Ave, Vernon St, U St NW",1101,No,Completed,No,No,No,No,Recall,No,No,,Active,1,38.916903,-77.041643,,52460,{55DC0F5C-81EE-384D-E063-782F520A01CE}
,6458a8358b344feed2050a40d2291678,Massachusetts Ave & Alabama Ave SE,4098,Yes,No Signage,No,No,No,No,Actuated,No,Planned,,Active,7,38.87078074,-76.94352354,,52461,{55DC0F5C-81EF-384D-E063-782F520A01CE}
,8328114479369bf49691520370416038,GARRISON STREET NW AND RIVER ROAD NW,6048,Yes,Completed,No,No,No,No,Recall,No,No,,Active,3,38.95595724,-77.09050623,,52462,{55DC0F5C-81F0-384D-E063-782F520A01CE}
,34caed4f9679d8a2589eff9e0432d2ab,Alabama Ave & Marion Barry Ave SE (Good Hope Rd),4096,Yes,Completed,No,No,Yes,No,Actuated,No,Yes,,Active,7,38.85992455,-76.96691194,,52463,{55DC0F5C-81F1-384D-E063-782F520A01CE}
,5d952d80e45fb787fc517b76f7d6a141,GEORGIA AVENUE NW AND QUACKENBOS STREET NW,5261,Yes,Completed,No,No,No,Yes,Recall,No,Yes,,Active,4,38.96377981,-77.02780649,,52464,{55DC0F5C-81F2-384D-E063-782F520A01CE}
,d1cddb02b6642c27b72e490c4125ce2c,24th St & Pennsylvania Ave NW,1383,Yes,Completed,No,No,No,No,Recall,No,Yes,,Active,2,38.902969,-77.051406,,52465,{55DC0F5C-81F3-384D-E063-782F520A01CE}
,8203e989ba7552694f1a1ca4d83325d1,Texas Ave & C St SE,4160,Yes,Completed,No,No,No,No,Actuated,No,No,,Active,7,38.886566,-76.940572,,52466,{55DC0F5C-81F4-384D-E063-782F520A01CE}
,66e5d44c5d3d816dffd9e67d6ca0429d,9th St NW & H St NW,2072,Yes,Completed,No,Yes,No,No,Recall,No,No,,Active,2,38.899813,-77.023989,,52467,{55DC0F5C-81F5-384D-E063-782F520A01CE}
,34aa3d54397621f5bb85be6c6866e0f8,"45th St, 45th Pl & Sheriff Rd NE",4084,Yes,Completed,No,No,No,No,Actuated,No,Yes,,Active,7,38.90275536,-76.93768156,,52468,{55DC0F5C-81F6-384D-E063-782F520A01CE}
,2e4e04e1391791a6f91e7aaf83f6f596,17th St & Pennsylvania Ave NW,1079,Yes,Completed,No,No,No,No,Recall,No,Planned,,Active,2,38.89882,-77.039461,,52469,{55DC0F5C-81F7-384D-E063-782F520A01CE}
,fc160d1bbd3ee74791a3af744d4448fd,Stanton Rd & Bruce Pl SE,4158,Yes,Completed,No,No,No,No,Recall,No,Yes,,Active,8,38.850743,-76.981008,,52470,{55DC0F5C-81F8-384D-E063-782F520A01CE}
,c50d4bb6612e005aa4a3d2424897bfb1,11th St & H St NE,3096,Yes,Completed,No,No,No,No,Recall,No,No,,Active,6,38.900217,-76.99154,,52471,{55DC0F5C-81F9-384D-E063-782F520A01CE}
,e9bc8be79c9a0477e0500bbd27bcfacf,"13th St & Pennsylvania Ave, G St SE",4045,Yes,Completed,No,No,No,No,Recall,No,Yes,,Active,6,38.881482,-76.988313,,52472,{55DC0F5C-81FA-384D-E063-782F520A01CE}
,37d75a5c902ca0eb98ee2e87a4fda211,24th St & L St NW,1167,Yes,Completed,No,No,No,No,Recall,No,No,,Active,2,38.903745,-77.051398,,52473,{55DC0F5C-81FB-384D-E063-782F520A01CE}
,08a05c9e1e7d1a8b37ed170165f9d3dd,9th St & I St NW,2236,Yes,Completed,No,Yes,No,Yes,Recall,No,No,,Active,2,38.900876,-77.023974,,52474,{55DC0F5C-81FC-384D-E063-782F520A01CE}
,5b65b9f5290a184d9fea0c05356eb68a,Marion Barry Ave (Good Hope Rd) & Naylor Rd SE,4120,Yes,Completed,No,No,No,No,Actuated,No,Yes,,Active,7,38.86022593,-76.96814893,,52475,{55DC0F5C-81FD-384D-E063-782F520A01CE}
,9aefe0fe24993900a29a7f0bdca94de0,"Martin Luther King Jr Ave & Trenton Pl, Savannah St SE",4130,Yes,Completed,No,No,No,Yes,Actuated,No,No,,Active,8,38.840425,-77.004215,,52476,{55DC0F5C-81FE-384D-E063-782F520A01CE}
,,MID-BLOCK CROSSWALK ON M ST NW BETWEEN WISCONSIN AVE AND POTOMAC ST,6281,No,No Signage,No,No,No,No,Recall,No,Yes,,Active,2,38.90515433,-77.06421581,,52477,{55DC0F5C-81FF-384D-E063-782F520A01CE}
,3e5051c57aca488d1e68d01660dfa1f6,"22nd St, 23rd St, Suitland Pkwy & Alabama Av SE",4088,No,Completed,No,No,No,No,Recall,No,No,,Active,8,38.851093,-76.973694,,52478,{55DC0F5C-8200-384D-E063-782F520A01CE}
,440cd5c413c6a3f6c6cc586c60883a32,14th St & V St NW,5073,Yes,Completed,No,No,No,No,Recall,No,Yes,,Active,1,38.918109,-77.031966,,52479,{55DC0F5C-8201-384D-E063-782F520A01CE}
,ce06e04057a105dba997ef65e76e0c08,Martin Luther King Jr Ave & St Elizabeths Gate 1 SE,4127,Yes,Completed,No,No,No,No,Actuated,No,No,,Active,8,38.85507779,-76.99606028,,52480,{55DC0F5C-8202-384D-E063-782F520A01CE}
,78e1d83e26b9fb2c065a384efc6c5876,17th Pl & C St NE,3474,No,No Signage,No,No,No,No,Actuated,Yes,Yes,,Active,7,38.893318,-76.979889,,52481,{55DC0F5C-8203-384D-E063-782F520A01CE}
,613bc615512727576ccc9a0d5f22d4d2,Florida Ave & R St NW (West),1183,Yes,Completed,No,No,No,No,Recall,No,Yes,,Active,2,38.91261586,-77.0475551,,52482,{55DC0F5C-8204-384D-E063-782F520A01CE}
,124e0e8f7d9b23330dfb8d258e746cfa,13th St & Gallatin St NW,5038,Yes,Completed,No,No,No,No,Recall,No,No,,Active,4,38.951868,-77.029702,,52483,{55DC0F5C-8205-384D-E063-782F520A01CE}
,52ceef85902e78cf95a648d43de778ff,26th St & Pennsylvania Ave NW,1173,Yes,Completed,No,No,No,No,Recall,No,No,,Active,2,38.904154,-77.054749,,52484,{55DC0F5C-8206-384D-E063-782F520A01CE}
